2026-10-06 10:37:48.441 | INFO     | myoconverter.O2MPipeline:O2MPipeline:52 - Start the conversion pipeline for : gait2354
2026-10-06 10:37:48.442 | INFO     | myoconverter.O2MPipeline:coordinate_kwargs:75 - Coordinate the input configurations, remove conflicts.
2026-10-06 10:37:48.442 | INFO     | myoconverter.O2MPipeline:coordinate_kwargs:86 -    Checking configurations for step 2 conversion.
2026-10-06 10:37:48.442 | INFO     | myoconverter.O2MPipeline:coordinate_kwargs:101 -        Configure of previous run does not exist, set osim_data_overwrite to TRUE.
2026-10-06 10:37:48.443 | INFO     | myoconverter.O2MPipeline:coordinate_kwargs:103 -        All good now.
2026-10-06 10:37:48.444 | INFO     | myoconverter.O2MPipeline:coordinate_kwargs:119 -    Checking configurations for step 3 conversion.
2026-10-06 10:37:48.444 | INFO     | myoconverter.O2MPipeline:coordinate_kwargs:134 -        Configure of previous run does not exist, set osim_data_overwrite to TRUE.
2026-10-06 10:37:48.444 | INFO     | myoconverter.O2MPipeline:coordinate_kwargs:136 -        All good now.
2026-10-06 10:37:48.444 | INFO     | myoconverter.conversion_steps.O2MSteps:__init__:84 - Given OpenSim model file: ./models/osim/Gait2354Simbody/gait2354.osim
2026-10-06 10:37:48.444 | INFO     | myoconverter.conversion_steps.O2MSteps:__init__:85 - Reading mesh files from folder ./models/osim/Gait2354Simbody/Geometry
2026-10-06 10:37:48.445 | INFO     | myoconverter.conversion_steps.O2MSteps:__init__:86 - Converted model will be saved in folder /app/data/gait2354
2026-10-06 10:37:48.446 | INFO     | myoconverter.conversion_steps.O2MSteps:PipelineExecution:124 - Started step 1 conversion - cvt1.
2026-10-06 10:37:48.997 | INFO     | myoconverter.xml.converter:convert:40 - Commencing the conversion procedure!
2026-10-06 10:37:48.997 | INFO     | myoconverter.xml.converter:_parse_ground:138 - Parsing the ground
2026-10-06 10:37:48.998 | INFO     | myoconverter.xml.parsers:parse:59 - [BodyParser: Ground] ground
2026-10-06 10:37:49.007 | INFO     | myoconverter.xml.converter:_parse_constraints:147 - Starting to parse constraints
2026-10-06 10:37:49.007 | INFO     | myoconverter.xml.converter:_parse_bodies_and_joints:80 - Starting to parse bodies, wrapping objects, and joints
2026-10-06 10:37:49.011 | INFO     | myoconverter.xml.parsers:parse:59 - [BodyParser: Body] pelvis
2026-10-06 10:37:49.078 | INFO     | myoconverter.xml.parsers:parse:59 - [JointParser: CustomJoint] ground_pelvis
2026-10-06 10:37:49.080 | INFO     | myoconverter.xml.parsers:parse:59 - [BodyParser: Body] femur_r
2026-10-06 10:37:49.086 | INFO     | myoconverter.xml.parsers:parse:59 - [JointParser: CustomJoint] hip_r
2026-10-06 10:37:49.087 | INFO     | myoconverter.xml.parsers:parse:59 - [BodyParser: Body] tibia_r
2026-10-06 10:37:49.094 | INFO     | myoconverter.xml.parsers:parse:59 - [JointParser: CustomJoint] knee_r
2026-10-06 10:37:49.298 | INFO     | myoconverter.xml.parsers:parse:59 - [BodyParser: Body] talus_r
2026-10-06 10:37:49.303 | INFO     | myoconverter.xml.parsers:parse:59 - [JointParser: CustomJoint] ankle_r
2026-10-06 10:37:49.304 | INFO     | myoconverter.xml.parsers:parse:59 - [BodyParser: Body] calcn_r
2026-10-06 10:37:49.315 | INFO     | myoconverter.xml.parsers:parse:59 - [JointParser: CustomJoint] subtalar_r
2026-10-06 10:37:49.316 | INFO     | myoconverter.xml.parsers:parse:59 - [BodyParser: Body] toes_r
2026-10-06 10:37:49.328 | INFO     | myoconverter.xml.parsers:parse:59 - [JointParser: CustomJoint] mtp_r
2026-10-06 10:37:49.329 | INFO     | myoconverter.xml.parsers:parse:59 - [BodyParser: Body] femur_l
2026-10-06 10:37:49.336 | INFO     | myoconverter.xml.parsers:parse:59 - [JointParser: CustomJoint] hip_l
2026-10-06 10:37:49.337 | INFO     | myoconverter.xml.parsers:parse:59 - [BodyParser: Body] tibia_l
2026-10-06 10:37:49.346 | INFO     | myoconverter.xml.parsers:parse:59 - [JointParser: CustomJoint] knee_l
2026-10-06 10:37:49.508 | INFO     | myoconverter.xml.parsers:parse:59 - [BodyParser: Body] talus_l
2026-10-06 10:37:49.516 | INFO     | myoconverter.xml.parsers:parse:59 - [JointParser: CustomJoint] ankle_l
2026-10-06 10:37:49.517 | INFO     | myoconverter.xml.parsers:parse:59 - [BodyParser: Body] calcn_l
2026-10-06 10:37:49.530 | INFO     | myoconverter.xml.parsers:parse:59 - [JointParser: CustomJoint] subtalar_l
2026-10-06 10:37:49.531 | INFO     | myoconverter.xml.parsers:parse:59 - [BodyParser: Body] toes_l
2026-10-06 10:37:49.544 | INFO     | myoconverter.xml.parsers:parse:59 - [JointParser: CustomJoint] mtp_l
2026-10-06 10:37:49.545 | INFO     | myoconverter.xml.parsers:parse:59 - [BodyParser: Body] torso
2026-10-06 10:37:50.501 | INFO     | myoconverter.xml.parsers:parse:59 - [JointParser: CustomJoint] back
2026-10-06 10:37:50.504 | INFO     | myoconverter.xml.converter:_parse_forces:156 - Starting to parse forces, including path points and wrap paths
2026-10-06 10:37:50.504 | INFO     | myoconverter.xml.parsers:parse:59 - [ForceParser: Thelen2003Muscle] glut_med1_r
2026-10-06 10:37:50.506 | INFO     | myoconverter.xml.parsers:parse:59 - [PathPointParser: PathPoint] glut_med1_r-P1
2026-10-06 10:37:50.507 | INFO     | myoconverter.xml.parsers:parse:59 - [PathPointParser: PathPoint] glut_med1_r-P2
2026-10-06 10:37:50.507 | INFO     | myoconverter.xml.parsers:parse:59 - [PathWrapSetParser: PathWrapSet] 
2026-10-06 10:37:50.508 | INFO     | myoconverter.xml.parsers:parse:59 - [ForceParser: Thelen2003Muscle] glut_med2_r
2026-10-06 10:37:50.508 | INFO     | myoconverter.xml.parsers:parse:59 - [PathPointParser: PathPoint] glut_med2_r-P1
2026-10-06 10:37:50.508 | INFO     | myoconverter.xml.parsers:parse:59 - [PathPointParser: PathPoint] glut_med2_r-P2
2026-10-06 10:37:50.509 | INFO     | myoconverter.xml.parsers:parse:59 - [PathWrapSetParser: PathWrapSet] 
2026-10-06 10:37:50.509 | INFO     | myoconverter.xml.parsers:parse:59 - [ForceParser: Thelen2003Muscle] glut_med3_r
2026-10-06 10:37:50.510 | INFO     | myoconverter.xml.parsers:parse:59 - [PathPointParser: PathPoint] glut_med3_r-P1
2026-10-06 10:37:50.510 | INFO     | myoconverter.xml.parsers:parse:59 - [PathPointParser: PathPoint] glut_med3_r-P2
2026-10-06 10:37:50.510 | INFO     | myoconverter.xml.parsers:parse:59 - [PathWrapSetParser: PathWrapSet] 
2026-10-06 10:37:50.511 | INFO     | myoconverter.xml.parsers:parse:59 - [ForceParser: Thelen2003Muscle] bifemlh_r
2026-10-06 10:37:50.511 | INFO     | myoconverter.xml.parsers:parse:59 - [PathPointParser: PathPoint] bifemlh_r-P1
2026-10-06 10:37:50.512 | INFO     | myoconverter.xml.parsers:parse:59 - [PathPointParser: PathPoint] bifemlh_r-P2
2026-10-06 10:37:50.512 | INFO     | myoconverter.xml.parsers:parse:59 - [PathPointParser: PathPoint] bifemlh_r-P3
2026-10-06 10:37:50.512 | INFO     | myoconverter.xml.parsers:parse:59 - [PathWrapSetParser: PathWrapSet] 
2026-10-06 10:37:50.513 | INFO     | myoconverter.xml.parsers:parse:59 - [ForceParser: Thelen2003Muscle] bifemsh_r
2026-10-06 10:37:50.513 | INFO     | myoconverter.xml.parsers:parse:59 - [PathPointParser: PathPoint] bifemsh_r-P1
2026-10-06 10:37:50.514 | INFO     | myoconverter.xml.parsers:parse:59 - [PathPointParser: PathPoint] bifemsh_r-P2
2026-10-06 10:37:50.514 | INFO     | myoconverter.xml.parsers:parse:59 - [PathPointParser: PathPoint] bifemsh_r-P3
2026-10-06 10:37:50.514 | INFO     | myoconverter.xml.parsers:parse:59 - [PathWrapSetParser: PathWrapSet] 
2026-10-06 10:37:50.515 | INFO     | myoconverter.xml.parsers:parse:59 - [ForceParser: Thelen2003Muscle] sar_r
2026-10-06 10:37:50.515 | INFO     | myoconverter.xml.parsers:parse:59 - [PathPointParser: PathPoint] sar_r-P1
2026-10-06 10:37:50.516 | INFO     | myoconverter.xml.parsers:parse:59 - [PathPointParser: PathPoint] sar_r-P2
2026-10-06 10:37:50.516 | INFO     | myoconverter.xml.parsers:parse:59 - [PathPointParser: PathPoint] sar_r-P3
2026-10-06 10:37:50.517 | INFO     | myoconverter.xml.parsers:parse:59 - [PathPointParser: PathPoint] sar_r-P4
2026-10-06 10:37:50.517 | INFO     | myoconverter.xml.parsers:parse:59 - [PathPointParser: PathPoint] sar_r-P5
2026-10-06 10:37:50.517 | INFO     | myoconverter.xml.parsers:parse:59 - [PathWrapSetParser: PathWrapSet] 
2026-10-06 10:37:50.518 | INFO     | myoconverter.xml.parsers:parse:59 - [ForceParser: Thelen2003Muscle] add_mag2_r
2026-10-06 10:37:50.518 | INFO     | myoconverter.xml.parsers:parse:59 - [PathPointParser: PathPoint] add_mag2_r-P1
2026-10-06 10:37:50.519 | INFO     | myoconverter.xml.parsers:parse:59 - [PathPointParser: PathPoint] add_mag2_r-P2
2026-10-06 10:37:50.519 | INFO     | myoconverter.xml.parsers:parse:59 - [PathWrapSetParser: PathWrapSet] 
2026-10-06 10:37:50.519 | INFO     | myoconverter.xml.parsers:parse:59 - [ForceParser: Thelen2003Muscle] tfl_r
2026-10-06 10:37:50.520 | INFO     | myoconverter.xml.parsers:parse:59 - [PathPointParser: PathPoint] tfl_r-P1
2026-10-06 10:37:50.520 | INFO     | myoconverter.xml.parsers:parse:59 - [PathPointParser: PathPoint] tfl_r-P2
2026-10-06 10:37:50.520 | INFO     | myoconverter.xml.parsers:parse:59 - [PathPointParser: PathPoint] tfl_r-P3
2026-10-06 10:37:50.521 | INFO     | myoconverter.xml.parsers:parse:59 - [PathPointParser: PathPoint] tfl_r-P4
2026-10-06 10:37:50.521 | INFO     | myoconverter.xml.parsers:parse:59 - [PathWrapSetParser: PathWrapSet] 
2026-10-06 10:37:50.521 | INFO     | myoconverter.xml.parsers:parse:59 - [ForceParser: Thelen2003Muscle] pect_r
2026-10-06 10:37:50.522 | INFO     | myoconverter.xml.parsers:parse:59 - [PathPointParser: PathPoint] pect_r-P1
2026-10-06 10:37:50.523 | INFO     | myoconverter.xml.parsers:parse:59 - [PathPointParser: PathPoint] pect_r-P2
2026-10-06 10:37:50.523 | INFO     | myoconverter.xml.parsers:parse:59 - [PathWrapSetParser: PathWrapSet] 
2026-10-06 10:37:50.523 | INFO     | myoconverter.xml.parsers:parse:59 - [ForceParser: Thelen2003Muscle] grac_r
2026-10-06 10:37:50.524 | INFO     | myoconverter.xml.parsers:parse:59 - [PathPointParser: PathPoint] grac_r-P1
2026-10-06 10:37:50.524 | INFO     | myoconverter.xml.parsers:parse:59 - [PathPointParser: ConditionalPathPoint] grac_r-P2
2026-10-06 10:37:50.864 | INFO     | myoconverter.xml.parsers:parse:59 - [PathPointParser: PathPoint] grac_r-P3
2026-10-06 10:37:50.864 | INFO     | myoconverter.xml.parsers:parse:59 - [PathPointParser: PathPoint] grac_r-P4
2026-10-06 10:37:50.864 | INFO     | myoconverter.xml.parsers:parse:59 - [PathWrapSetParser: PathWrapSet] 
2026-10-06 10:37:50.864 | INFO     | myoconverter.xml.parsers:parse:59 - [ForceParser: Thelen2003Muscle] glut_max1_r
2026-10-06 10:37:50.865 | INFO     | myoconverter.xml.parsers:parse:59 - [PathPointParser: PathPoint] glut_max1_r-P1
2026-10-06 10:37:50.865 | INFO     | myoconverter.xml.parsers:parse:59 - [PathPointParser: PathPoint] glut_max1_r-P2
2026-10-06 10:37:50.865 | INFO     | myoconverter.xml.parsers:parse:59 - [PathPointParser: PathPoint] glut_max1_r-P3
2026-10-06 10:37:50.865 | INFO     | myoconverter.xml.parsers:parse:59 - [PathPointParser: PathPoint] glut_max1_r-P4
2026-10-06 10:37:50.865 | INFO     | myoconverter.xml.parsers:parse:59 - [PathWrapSetParser: PathWrapSet] 
2026-10-06 10:37:50.865 | INFO     | myoconverter.xml.parsers:parse:59 - [ForceParser: Thelen2003Muscle] glut_max2_r
2026-10-06 10:37:50.866 | INFO     | myoconverter.xml.parsers:parse:59 - [PathPointParser: PathPoint] glut_max2_r-P1
2026-10-06 10:37:50.866 | INFO     | myoconverter.xml.parsers:parse:59 - [PathPointParser: PathPoint] glut_max2_r-P2
2026-10-06 10:37:50.866 | INFO     | myoconverter.xml.parsers:parse:59 - [PathPointParser: PathPoint] glut_max2_r-P3
2026-10-06 10:37:50.866 | INFO     | myoconverter.xml.parsers:parse:59 - [PathPointParser: PathPoint] glut_max2_r-P4
2026-10-06 10:37:50.866 | INFO     | myoconverter.xml.parsers:parse:59 - [PathWrapSetParser: PathWrapSet] 
2026-10-06 10:37:50.866 | INFO     | myoconverter.xml.parsers:parse:59 - [ForceParser: Thelen2003Muscle] glut_max3_r
2026-10-06 10:37:50.866 | INFO     | myoconverter.xml.parsers:parse:59 - [PathPointParser: PathPoint] glut_max3_r-P1
2026-10-06 10:37:50.867 | INFO     | myoconverter.xml.parsers:parse:59 - [PathPointParser: PathPoint] glut_max3_r-P2
2026-10-06 10:37:50.867 | INFO     | myoconverter.xml.parsers:parse:59 - [PathPointParser: PathPoint] glut_max3_r-P3
2026-10-06 10:37:50.867 | INFO     | myoconverter.xml.parsers:parse:59 - [PathPointParser: PathPoint] glut_max3_r-P4
2026-10-06 10:37:50.867 | INFO     | myoconverter.xml.parsers:parse:59 - [PathWrapSetParser: PathWrapSet] 
2026-10-06 10:37:50.867 | INFO     | myoconverter.xml.parsers:parse:59 - [ForceParser: Thelen2003Muscle] iliacus_r
2026-10-06 10:37:50.867 | INFO     | myoconverter.xml.parsers:parse:59 - [PathPointParser: PathPoint] iliacus_r-P1
2026-10-06 10:37:50.867 | INFO     | myoconverter.xml.parsers:parse:59 - [PathPointParser: PathPoint] iliacus_r-P2
2026-10-06 10:37:50.867 | INFO     | myoconverter.xml.parsers:parse:59 - [PathPointParser: ConditionalPathPoint] iliacus_r-P3
2026-10-06 10:37:51.065 | INFO     | myoconverter.xml.parsers:parse:59 - [PathPointParser: PathPoint] iliacus_r-P4
2026-10-06 10:37:51.065 | INFO     | myoconverter.xml.parsers:parse:59 - [PathPointParser: PathPoint] iliacus_r-P5
2026-10-06 10:37:51.065 | INFO     | myoconverter.xml.parsers:parse:59 - [PathWrapSetParser: PathWrapSet] 
2026-10-06 10:37:51.065 | INFO     | myoconverter.xml.parsers:parse:59 - [ForceParser: Thelen2003Muscle] psoas_r
2026-10-06 10:37:51.065 | INFO     | myoconverter.xml.parsers:parse:59 - [PathPointParser: PathPoint] psoas_r-P1
2026-10-06 10:37:51.066 | INFO     | myoconverter.xml.parsers:parse:59 - [PathPointParser: PathPoint] psoas_r-P2
2026-10-06 10:37:51.066 | INFO     | myoconverter.xml.parsers:parse:59 - [PathPointParser: ConditionalPathPoint] psoas_r-P3
2026-10-06 10:37:51.259 | INFO     | myoconverter.xml.parsers:parse:59 - [PathPointParser: PathPoint] psoas_r-P4
2026-10-06 10:37:51.259 | INFO     | myoconverter.xml.parsers:parse:59 - [PathPointParser: PathPoint] psoas_r-P5
2026-10-06 10:37:51.259 | INFO     | myoconverter.xml.parsers:parse:59 - [PathWrapSetParser: PathWrapSet] 
2026-10-06 10:37:51.259 | INFO     | myoconverter.xml.parsers:parse:59 - [ForceParser: Thelen2003Muscle] quad_fem_r
2026-10-06 10:37:51.260 | INFO     | myoconverter.xml.parsers:parse:59 - [PathPointParser: PathPoint] quad_fem_r-P1
2026-10-06 10:37:51.260 | INFO     | myoconverter.xml.parsers:parse:59 - [PathPointParser: PathPoint] quad_fem_r-P2
2026-10-06 10:37:51.260 | INFO     | myoconverter.xml.parsers:parse:59 - [PathWrapSetParser: PathWrapSet] 
2026-10-06 10:37:51.260 | INFO     | myoconverter.xml.parsers:parse:59 - [ForceParser: Thelen2003Muscle] gem_r
2026-10-06 10:37:51.260 | INFO     | myoconverter.xml.parsers:parse:59 - [PathPointParser: PathPoint] gem_r-P1
2026-10-06 10:37:51.260 | INFO     | myoconverter.xml.parsers:parse:59 - [PathPointParser: PathPoint] gem_r-P2
2026-10-06 10:37:51.261 | INFO     | myoconverter.xml.parsers:parse:59 - [PathWrapSetParser: PathWrapSet] 
2026-10-06 10:37:51.261 | INFO     | myoconverter.xml.parsers:parse:59 - [ForceParser: Thelen2003Muscle] peri_r
2026-10-06 10:37:51.261 | INFO     | myoconverter.xml.parsers:parse:59 - [PathPointParser: PathPoint] peri_r-P1
2026-10-06 10:37:51.261 | INFO     | myoconverter.xml.parsers:parse:59 - [PathPointParser: PathPoint] peri_r-P2
2026-10-06 10:37:51.261 | INFO     | myoconverter.xml.parsers:parse:59 - [PathPointParser: PathPoint] peri_r-P3
2026-10-06 10:37:51.261 | INFO     | myoconverter.xml.parsers:parse:59 - [PathWrapSetParser: PathWrapSet] 
2026-10-06 10:37:51.261 | INFO     | myoconverter.xml.parsers:parse:59 - [ForceParser: Thelen2003Muscle] rect_fem_r
2026-10-06 10:37:51.262 | INFO     | myoconverter.xml.parsers:parse:59 - [PathPointParser: PathPoint] rect_fem_r-P1
2026-10-06 10:37:51.262 | INFO     | myoconverter.xml.parsers:parse:59 - [PathPointParser: ConditionalPathPoint] rect_fem_r-P2
2026-10-06 10:37:51.262 | WARNING  | myoconverter.xml.path_points.ConditionalPathPoint:parse:79 - Suitable 'anchor' PathPoint was not found for ConditionalPathPoint rect_fem_r-P2, treating this as a normal PathPoint.
2026-10-06 10:37:51.262 | INFO     | myoconverter.xml.parsers:parse:59 - [PathPointParser: MovingPathPoint] rect_fem_r-P3
2026-10-06 10:37:51.454 | INFO     | myoconverter.xml.parsers:parse:59 - [PathWrapSetParser: PathWrapSet] 
2026-10-06 10:37:51.454 | INFO     | myoconverter.xml.parsers:parse:59 - [ForceParser: Thelen2003Muscle] vas_int_r
2026-10-06 10:37:51.454 | INFO     | myoconverter.xml.parsers:parse:59 - [PathPointParser: PathPoint] vas_int_r-P1
2026-10-06 10:37:51.454 | INFO     | myoconverter.xml.parsers:parse:59 - [PathPointParser: PathPoint] vas_int_r-P2
2026-10-06 10:37:51.455 | INFO     | myoconverter.xml.parsers:parse:59 - [PathPointParser: ConditionalPathPoint] vas_int_r-P3
2026-10-06 10:37:51.699 | INFO     | myoconverter.xml.parsers:parse:59 - [PathPointParser: MovingPathPoint] vas_int_r-P4
2026-10-06 10:37:51.881 | INFO     | myoconverter.xml.parsers:parse:59 - [PathWrapSetParser: PathWrapSet] 
2026-10-06 10:37:51.881 | INFO     | myoconverter.xml.parsers:parse:59 - [ForceParser: Thelen2003Muscle] med_gas_r
2026-10-06 10:37:51.882 | INFO     | myoconverter.xml.parsers:parse:59 - [PathPointParser: PathPoint] med_gas_r-P1
2026-10-06 10:37:51.882 | INFO     | myoconverter.xml.parsers:parse:59 - [PathPointParser: ConditionalPathPoint] med_gas_r-P2
2026-10-06 10:37:52.072 | INFO     | myoconverter.xml.parsers:parse:59 - [PathPointParser: PathPoint] med_gas_r-P3
2026-10-06 10:37:52.072 | INFO     | myoconverter.xml.parsers:parse:59 - [PathWrapSetParser: PathWrapSet] 
2026-10-06 10:37:52.073 | INFO     | myoconverter.xml.parsers:parse:59 - [ForceParser: Thelen2003Muscle] soleus_r
2026-10-06 10:37:52.073 | INFO     | myoconverter.xml.parsers:parse:59 - [PathPointParser: PathPoint] soleus_r-P1
2026-10-06 10:37:52.073 | INFO     | myoconverter.xml.parsers:parse:59 - [PathPointParser: PathPoint] soleus_r-P2
2026-10-06 10:37:52.073 | INFO     | myoconverter.xml.parsers:parse:59 - [PathWrapSetParser: PathWrapSet] 
2026-10-06 10:37:52.074 | INFO     | myoconverter.xml.parsers:parse:59 - [ForceParser: Thelen2003Muscle] tib_post_r
2026-10-06 10:37:52.074 | INFO     | myoconverter.xml.parsers:parse:59 - [PathPointParser: PathPoint] tib_post_r-P1
2026-10-06 10:37:52.074 | INFO     | myoconverter.xml.parsers:parse:59 - [PathPointParser: PathPoint] tib_post_r-P2
2026-10-06 10:37:52.074 | INFO     | myoconverter.xml.parsers:parse:59 - [PathPointParser: PathPoint] tib_post_r-P3
2026-10-06 10:37:52.075 | INFO     | myoconverter.xml.parsers:parse:59 - [PathPointParser: PathPoint] tib_post_r-P4
2026-10-06 10:37:52.075 | INFO     | myoconverter.xml.parsers:parse:59 - [PathWrapSetParser: PathWrapSet] 
2026-10-06 10:37:52.075 | INFO     | myoconverter.xml.parsers:parse:59 - [ForceParser: Thelen2003Muscle] tib_ant_r
2026-10-06 10:37:52.076 | INFO     | myoconverter.xml.parsers:parse:59 - [PathPointParser: PathPoint] tib_ant_r-P1
2026-10-06 10:37:52.076 | INFO     | myoconverter.xml.parsers:parse:59 - [PathPointParser: PathPoint] tib_ant_r-P2
2026-10-06 10:37:52.077 | INFO     | myoconverter.xml.parsers:parse:59 - [PathPointParser: PathPoint] tib_ant_r-P3
2026-10-06 10:37:52.077 | INFO     | myoconverter.xml.parsers:parse:59 - [PathWrapSetParser: PathWrapSet] 
2026-10-06 10:37:52.077 | INFO     | myoconverter.xml.parsers:parse:59 - [ForceParser: Thelen2003Muscle] glut_med1_l
2026-10-06 10:37:52.078 | INFO     | myoconverter.xml.parsers:parse:59 - [PathPointParser: PathPoint] glut_med1_l-P1
2026-10-06 10:37:52.078 | INFO     | myoconverter.xml.parsers:parse:59 - [PathPointParser: PathPoint] glut_med1_l-P2
2026-10-06 10:37:52.078 | INFO     | myoconverter.xml.parsers:parse:59 - [PathWrapSetParser: PathWrapSet] 
2026-10-06 10:37:52.079 | INFO     | myoconverter.xml.parsers:parse:59 - [ForceParser: Thelen2003Muscle] glut_med2_l
2026-10-06 10:37:52.079 | INFO     | myoconverter.xml.parsers:parse:59 - [PathPointParser: PathPoint] glut_med2_l-P1
2026-10-06 10:37:52.079 | INFO     | myoconverter.xml.parsers:parse:59 - [PathPointParser: PathPoint] glut_med2_l-P2
2026-10-06 10:37:52.079 | INFO     | myoconverter.xml.parsers:parse:59 - [PathWrapSetParser: PathWrapSet] 
2026-10-06 10:37:52.080 | INFO     | myoconverter.xml.parsers:parse:59 - [ForceParser: Thelen2003Muscle] glut_med3_l
2026-10-06 10:37:52.080 | INFO     | myoconverter.xml.parsers:parse:59 - [PathPointParser: PathPoint] glut_med3_l-P1
2026-10-06 10:37:52.080 | INFO     | myoconverter.xml.parsers:parse:59 - [PathPointParser: PathPoint] glut_med3_l-P2
2026-10-06 10:37:52.080 | INFO     | myoconverter.xml.parsers:parse:59 - [PathWrapSetParser: PathWrapSet] 
2026-10-06 10:37:52.080 | INFO     | myoconverter.xml.parsers:parse:59 - [ForceParser: Thelen2003Muscle] bifemlh_l
2026-10-06 10:37:52.081 | INFO     | myoconverter.xml.parsers:parse:59 - [PathPointParser: PathPoint] bifemlh_l-P1
2026-10-06 10:37:52.081 | INFO     | myoconverter.xml.parsers:parse:59 - [PathPointParser: PathPoint] bifemlh_l-P2
2026-10-06 10:37:52.081 | INFO     | myoconverter.xml.parsers:parse:59 - [PathPointParser: PathPoint] bifemlh_l-P3
2026-10-06 10:37:52.081 | INFO     | myoconverter.xml.parsers:parse:59 - [PathWrapSetParser: PathWrapSet] 
2026-10-06 10:37:52.081 | INFO     | myoconverter.xml.parsers:parse:59 - [ForceParser: Thelen2003Muscle] bifemsh_l
2026-10-06 10:37:52.081 | INFO     | myoconverter.xml.parsers:parse:59 - [PathPointParser: PathPoint] bifemsh_l-P1
2026-10-06 10:37:52.082 | INFO     | myoconverter.xml.parsers:parse:59 - [PathPointParser: PathPoint] bifemsh_l-P2
2026-10-06 10:37:52.082 | INFO     | myoconverter.xml.parsers:parse:59 - [PathPointParser: PathPoint] bifemsh_l-P3
2026-10-06 10:37:52.082 | INFO     | myoconverter.xml.parsers:parse:59 - [PathWrapSetParser: PathWrapSet] 
2026-10-06 10:37:52.082 | INFO     | myoconverter.xml.parsers:parse:59 - [ForceParser: Thelen2003Muscle] sar_l
2026-10-06 10:37:52.082 | INFO     | myoconverter.xml.parsers:parse:59 - [PathPointParser: PathPoint] sar_l-P1
2026-10-06 10:37:52.082 | INFO     | myoconverter.xml.parsers:parse:59 - [PathPointParser: PathPoint] sar_l-P2
2026-10-06 10:37:52.082 | INFO     | myoconverter.xml.parsers:parse:59 - [PathPointParser: PathPoint] sar_l-P3
2026-10-06 10:37:52.083 | INFO     | myoconverter.xml.parsers:parse:59 - [PathPointParser: PathPoint] sar_l-P4
2026-10-06 10:37:52.083 | INFO     | myoconverter.xml.parsers:parse:59 - [PathPointParser: PathPoint] sar_l-P5
2026-10-06 10:37:52.083 | INFO     | myoconverter.xml.parsers:parse:59 - [PathWrapSetParser: PathWrapSet] 
2026-10-06 10:37:52.083 | INFO     | myoconverter.xml.parsers:parse:59 - [ForceParser: Thelen2003Muscle] add_mag2_l
2026-10-06 10:37:52.083 | INFO     | myoconverter.xml.parsers:parse:59 - [PathPointParser: PathPoint] add_mag2_l-P1
2026-10-06 10:37:52.083 | INFO     | myoconverter.xml.parsers:parse:59 - [PathPointParser: PathPoint] add_mag2_l-P2
2026-10-06 10:37:52.084 | INFO     | myoconverter.xml.parsers:parse:59 - [PathWrapSetParser: PathWrapSet] 
2026-10-06 10:37:52.084 | INFO     | myoconverter.xml.parsers:parse:59 - [ForceParser: Thelen2003Muscle] tfl_l
2026-10-06 10:37:52.084 | INFO     | myoconverter.xml.parsers:parse:59 - [PathPointParser: PathPoint] tfl_l-P1
2026-10-06 10:37:52.084 | INFO     | myoconverter.xml.parsers:parse:59 - [PathPointParser: PathPoint] tfl_l-P2
2026-10-06 10:37:52.084 | INFO     | myoconverter.xml.parsers:parse:59 - [PathPointParser: PathPoint] tfl_l-P3
2026-10-06 10:37:52.084 | INFO     | myoconverter.xml.parsers:parse:59 - [PathPointParser: PathPoint] tfl_l-P4
2026-10-06 10:37:52.085 | INFO     | myoconverter.xml.parsers:parse:59 - [PathWrapSetParser: PathWrapSet] 
2026-10-06 10:37:52.085 | INFO     | myoconverter.xml.parsers:parse:59 - [ForceParser: Thelen2003Muscle] pect_l
2026-10-06 10:37:52.085 | INFO     | myoconverter.xml.parsers:parse:59 - [PathPointParser: PathPoint] pect_l-P1
2026-10-06 10:37:52.085 | INFO     | myoconverter.xml.parsers:parse:59 - [PathPointParser: PathPoint] pect_l-P2
2026-10-06 10:37:52.086 | INFO     | myoconverter.xml.parsers:parse:59 - [PathWrapSetParser: PathWrapSet] 
2026-10-06 10:37:52.086 | INFO     | myoconverter.xml.parsers:parse:59 - [ForceParser: Thelen2003Muscle] grac_l
2026-10-06 10:37:52.086 | INFO     | myoconverter.xml.parsers:parse:59 - [PathPointParser: PathPoint] grac_l-P1
2026-10-06 10:37:52.086 | INFO     | myoconverter.xml.parsers:parse:59 - [PathPointParser: ConditionalPathPoint] grac_l-P2
2026-10-06 10:37:52.307 | INFO     | myoconverter.xml.parsers:parse:59 - [PathPointParser: PathPoint] grac_l-P3
2026-10-06 10:37:52.307 | INFO     | myoconverter.xml.parsers:parse:59 - [PathPointParser: PathPoint] grac_l-P4
2026-10-06 10:37:52.308 | INFO     | myoconverter.xml.parsers:parse:59 - [PathWrapSetParser: PathWrapSet] 
2026-10-06 10:37:52.308 | INFO     | myoconverter.xml.parsers:parse:59 - [ForceParser: Thelen2003Muscle] glut_max1_l
2026-10-06 10:37:52.308 | INFO     | myoconverter.xml.parsers:parse:59 - [PathPointParser: PathPoint] glut_max1_l-P1
2026-10-06 10:37:52.308 | INFO     | myoconverter.xml.parsers:parse:59 - [PathPointParser: PathPoint] glut_max1_l-P2
2026-10-06 10:37:52.309 | INFO     | myoconverter.xml.parsers:parse:59 - [PathPointParser: PathPoint] glut_max1_l-P3
2026-10-06 10:37:52.309 | INFO     | myoconverter.xml.parsers:parse:59 - [PathPointParser: PathPoint] glut_max1_l-P4
2026-10-06 10:37:52.309 | INFO     | myoconverter.xml.parsers:parse:59 - [PathWrapSetParser: PathWrapSet] 
2026-10-06 10:37:52.309 | INFO     | myoconverter.xml.parsers:parse:59 - [ForceParser: Thelen2003Muscle] glut_max2_l
2026-10-06 10:37:52.309 | INFO     | myoconverter.xml.parsers:parse:59 - [PathPointParser: PathPoint] glut_max2_l-P1
2026-10-06 10:37:52.310 | INFO     | myoconverter.xml.parsers:parse:59 - [PathPointParser: PathPoint] glut_max2_l-P2
2026-10-06 10:37:52.310 | INFO     | myoconverter.xml.parsers:parse:59 - [PathPointParser: PathPoint] glut_max2_l-P3
2026-10-06 10:37:52.310 | INFO     | myoconverter.xml.parsers:parse:59 - [PathPointParser: PathPoint] glut_max2_l-P4
2026-10-06 10:37:52.310 | INFO     | myoconverter.xml.parsers:parse:59 - [PathWrapSetParser: PathWrapSet] 
2026-10-06 10:37:52.311 | INFO     | myoconverter.xml.parsers:parse:59 - [ForceParser: Thelen2003Muscle] glut_max3_l
2026-10-06 10:37:52.311 | INFO     | myoconverter.xml.parsers:parse:59 - [PathPointParser: PathPoint] glut_max3_l-P1
2026-10-06 10:37:52.311 | INFO     | myoconverter.xml.parsers:parse:59 - [PathPointParser: PathPoint] glut_max3_l-P2
2026-10-06 10:37:52.311 | INFO     | myoconverter.xml.parsers:parse:59 - [PathPointParser: PathPoint] glut_max3_l-P3
2026-10-06 10:37:52.312 | INFO     | myoconverter.xml.parsers:parse:59 - [PathPointParser: PathPoint] glut_max3_l-P4
2026-10-06 10:37:52.312 | INFO     | myoconverter.xml.parsers:parse:59 - [PathWrapSetParser: PathWrapSet] 
2026-10-06 10:37:52.312 | INFO     | myoconverter.xml.parsers:parse:59 - [ForceParser: Thelen2003Muscle] iliacus_l
2026-10-06 10:37:52.312 | INFO     | myoconverter.xml.parsers:parse:59 - [PathPointParser: PathPoint] iliacus_l-P1
2026-10-06 10:37:52.312 | INFO     | myoconverter.xml.parsers:parse:59 - [PathPointParser: PathPoint] iliacus_l-P2
2026-10-06 10:37:52.312 | INFO     | myoconverter.xml.parsers:parse:59 - [PathPointParser: ConditionalPathPoint] iliacus_l-P3
2026-10-06 10:37:52.530 | INFO     | myoconverter.xml.parsers:parse:59 - [PathPointParser: PathPoint] iliacus_l-P4
2026-10-06 10:37:52.530 | INFO     | myoconverter.xml.parsers:parse:59 - [PathPointParser: PathPoint] iliacus_l-P5
2026-10-06 10:37:52.530 | INFO     | myoconverter.xml.parsers:parse:59 - [PathWrapSetParser: PathWrapSet] 
2026-10-06 10:37:52.530 | INFO     | myoconverter.xml.parsers:parse:59 - [ForceParser: Thelen2003Muscle] psoas_l
2026-10-06 10:37:52.531 | INFO     | myoconverter.xml.parsers:parse:59 - [PathPointParser: PathPoint] psoas_l-P1
2026-10-06 10:37:52.531 | INFO     | myoconverter.xml.parsers:parse:59 - [PathPointParser: PathPoint] psoas_l-P2
2026-10-06 10:37:52.531 | INFO     | myoconverter.xml.parsers:parse:59 - [PathPointParser: ConditionalPathPoint] psoas_l-P3
2026-10-06 10:37:52.733 | INFO     | myoconverter.xml.parsers:parse:59 - [PathPointParser: PathPoint] psoas_l-P4
2026-10-06 10:37:52.733 | INFO     | myoconverter.xml.parsers:parse:59 - [PathPointParser: PathPoint] psoas_l-P5
2026-10-06 10:37:52.733 | INFO     | myoconverter.xml.parsers:parse:59 - [PathWrapSetParser: PathWrapSet] 
2026-10-06 10:37:52.733 | INFO     | myoconverter.xml.parsers:parse:59 - [ForceParser: Thelen2003Muscle] quad_fem_l
2026-10-06 10:37:52.734 | INFO     | myoconverter.xml.parsers:parse:59 - [PathPointParser: PathPoint] quad_fem_l-P1
2026-10-06 10:37:52.734 | INFO     | myoconverter.xml.parsers:parse:59 - [PathPointParser: PathPoint] quad_fem_l-P2
2026-10-06 10:37:52.734 | INFO     | myoconverter.xml.parsers:parse:59 - [PathWrapSetParser: PathWrapSet] 
2026-10-06 10:37:52.734 | INFO     | myoconverter.xml.parsers:parse:59 - [ForceParser: Thelen2003Muscle] gem_l
2026-10-06 10:37:52.734 | INFO     | myoconverter.xml.parsers:parse:59 - [PathPointParser: PathPoint] gem_l-P1
2026-10-06 10:37:52.734 | INFO     | myoconverter.xml.parsers:parse:59 - [PathPointParser: PathPoint] gem_l-P2
2026-10-06 10:37:52.735 | INFO     | myoconverter.xml.parsers:parse:59 - [PathWrapSetParser: PathWrapSet] 
2026-10-06 10:37:52.735 | INFO     | myoconverter.xml.parsers:parse:59 - [ForceParser: Thelen2003Muscle] peri_l
2026-10-06 10:37:52.735 | INFO     | myoconverter.xml.parsers:parse:59 - [PathPointParser: PathPoint] peri_l-P1
2026-10-06 10:37:52.735 | INFO     | myoconverter.xml.parsers:parse:59 - [PathPointParser: PathPoint] peri_l-P2
2026-10-06 10:37:52.735 | INFO     | myoconverter.xml.parsers:parse:59 - [PathPointParser: PathPoint] peri_l-P3
2026-10-06 10:37:52.735 | INFO     | myoconverter.xml.parsers:parse:59 - [PathWrapSetParser: PathWrapSet] 
2026-10-06 10:37:52.735 | INFO     | myoconverter.xml.parsers:parse:59 - [ForceParser: Thelen2003Muscle] rect_fem_l
2026-10-06 10:37:52.736 | INFO     | myoconverter.xml.parsers:parse:59 - [PathPointParser: PathPoint] rect_fem_l-P1
2026-10-06 10:37:52.736 | INFO     | myoconverter.xml.parsers:parse:59 - [PathPointParser: ConditionalPathPoint] rect_fem_l-P2
2026-10-06 10:37:52.736 | WARNING  | myoconverter.xml.path_points.ConditionalPathPoint:parse:79 - Suitable 'anchor' PathPoint was not found for ConditionalPathPoint rect_fem_l-P2, treating this as a normal PathPoint.
2026-10-06 10:37:52.736 | INFO     | myoconverter.xml.parsers:parse:59 - [PathPointParser: MovingPathPoint] rect_fem_l-P3
2026-10-06 10:37:53.004 | INFO     | myoconverter.xml.parsers:parse:59 - [PathWrapSetParser: PathWrapSet] 
2026-10-06 10:37:53.004 | INFO     | myoconverter.xml.parsers:parse:59 - [ForceParser: Thelen2003Muscle] vas_int_l
2026-10-06 10:37:53.005 | INFO     | myoconverter.xml.parsers:parse:59 - [PathPointParser: PathPoint] vas_int_l-P1
2026-10-06 10:37:53.005 | INFO     | myoconverter.xml.parsers:parse:59 - [PathPointParser: PathPoint] vas_int_l-P2
2026-10-06 10:37:53.005 | INFO     | myoconverter.xml.parsers:parse:59 - [PathPointParser: ConditionalPathPoint] vas_int_l-P3
2026-10-06 10:37:53.217 | INFO     | myoconverter.xml.parsers:parse:59 - [PathPointParser: MovingPathPoint] vas_int_l-P4
2026-10-06 10:37:53.470 | INFO     | myoconverter.xml.parsers:parse:59 - [PathWrapSetParser: PathWrapSet] 
2026-10-06 10:37:53.471 | INFO     | myoconverter.xml.parsers:parse:59 - [ForceParser: Thelen2003Muscle] med_gas_l
2026-10-06 10:37:53.472 | INFO     | myoconverter.xml.parsers:parse:59 - [PathPointParser: PathPoint] med_gas_l-P1
2026-10-06 10:37:53.473 | INFO     | myoconverter.xml.parsers:parse:59 - [PathPointParser: ConditionalPathPoint] med_gas_l-P2
2026-10-06 10:37:53.832 | INFO     | myoconverter.xml.parsers:parse:59 - [PathPointParser: PathPoint] med_gas_l-P3
2026-10-06 10:37:53.833 | INFO     | myoconverter.xml.parsers:parse:59 - [PathWrapSetParser: PathWrapSet] 
2026-10-06 10:37:53.833 | INFO     | myoconverter.xml.parsers:parse:59 - [ForceParser: Thelen2003Muscle] soleus_l
2026-10-06 10:37:53.833 | INFO     | myoconverter.xml.parsers:parse:59 - [PathPointParser: PathPoint] soleus_l-P1
2026-10-06 10:37:53.833 | INFO     | myoconverter.xml.parsers:parse:59 - [PathPointParser: PathPoint] soleus_l-P2
2026-10-06 10:37:53.834 | INFO     | myoconverter.xml.parsers:parse:59 - [PathWrapSetParser: PathWrapSet] 
2026-10-06 10:37:53.834 | INFO     | myoconverter.xml.parsers:parse:59 - [ForceParser: Thelen2003Muscle] tib_post_l
2026-10-06 10:37:53.834 | INFO     | myoconverter.xml.parsers:parse:59 - [PathPointParser: PathPoint] tib_post_l-P1
2026-10-06 10:37:53.834 | INFO     | myoconverter.xml.parsers:parse:59 - [PathPointParser: PathPoint] tib_post_l-P2
2026-10-06 10:37:53.834 | INFO     | myoconverter.xml.parsers:parse:59 - [PathPointParser: PathPoint] tib_post_l-P3
2026-10-06 10:37:53.835 | INFO     | myoconverter.xml.parsers:parse:59 - [PathPointParser: PathPoint] tib_post_l-P4
2026-10-06 10:37:53.835 | INFO     | myoconverter.xml.parsers:parse:59 - [PathWrapSetParser: PathWrapSet] 
2026-10-06 10:37:53.835 | INFO     | myoconverter.xml.parsers:parse:59 - [ForceParser: Thelen2003Muscle] tib_ant_l
2026-10-06 10:37:53.835 | INFO     | myoconverter.xml.parsers:parse:59 - [PathPointParser: PathPoint] tib_ant_l-P1
2026-10-06 10:37:53.835 | INFO     | myoconverter.xml.parsers:parse:59 - [PathPointParser: PathPoint] tib_ant_l-P2
2026-10-06 10:37:53.836 | INFO     | myoconverter.xml.parsers:parse:59 - [PathPointParser: PathPoint] tib_ant_l-P3
2026-10-06 10:37:53.836 | INFO     | myoconverter.xml.parsers:parse:59 - [PathWrapSetParser: PathWrapSet] 
2026-10-06 10:37:53.836 | INFO     | myoconverter.xml.parsers:parse:59 - [ForceParser: Thelen2003Muscle] ercspn_r
2026-10-06 10:37:53.836 | INFO     | myoconverter.xml.parsers:parse:59 - [PathPointParser: PathPoint] ercspn_r-P1
2026-10-06 10:37:53.837 | INFO     | myoconverter.xml.parsers:parse:59 - [PathPointParser: PathPoint] ercspn_r-P2
2026-10-06 10:37:53.837 | INFO     | myoconverter.xml.parsers:parse:59 - [PathWrapSetParser: PathWrapSet] 
2026-10-06 10:37:53.837 | INFO     | myoconverter.xml.parsers:parse:59 - [ForceParser: Thelen2003Muscle] ercspn_l
2026-10-06 10:37:53.837 | INFO     | myoconverter.xml.parsers:parse:59 - [PathPointParser: PathPoint] ercspn_l-P1
2026-10-06 10:37:53.837 | INFO     | myoconverter.xml.parsers:parse:59 - [PathPointParser: PathPoint] ercspn_l-P2
2026-10-06 10:37:53.838 | INFO     | myoconverter.xml.parsers:parse:59 - [PathWrapSetParser: PathWrapSet] 
2026-10-06 10:37:53.838 | INFO     | myoconverter.xml.parsers:parse:59 - [ForceParser: Thelen2003Muscle] intobl_r
2026-10-06 10:37:53.838 | INFO     | myoconverter.xml.parsers:parse:59 - [PathPointParser: PathPoint] intobl_r-P1
2026-10-06 10:37:53.838 | INFO     | myoconverter.xml.parsers:parse:59 - [PathPointParser: PathPoint] intobl_r-P2
2026-10-06 10:37:53.838 | INFO     | myoconverter.xml.parsers:parse:59 - [PathWrapSetParser: PathWrapSet] 
2026-10-06 10:37:53.839 | INFO     | myoconverter.xml.parsers:parse:59 - [ForceParser: Thelen2003Muscle] intobl_l
2026-10-06 10:37:53.839 | INFO     | myoconverter.xml.parsers:parse:59 - [PathPointParser: PathPoint] intobl_l-P1
2026-10-06 10:37:53.839 | INFO     | myoconverter.xml.parsers:parse:59 - [PathPointParser: PathPoint] intobl_l-P2
2026-10-06 10:37:53.839 | INFO     | myoconverter.xml.parsers:parse:59 - [PathWrapSetParser: PathWrapSet] 
2026-10-06 10:37:53.839 | INFO     | myoconverter.xml.parsers:parse:59 - [ForceParser: Thelen2003Muscle] extobl_r
2026-10-06 10:37:53.839 | INFO     | myoconverter.xml.parsers:parse:59 - [PathPointParser: PathPoint] extobl_r-P1
2026-10-06 10:37:53.840 | INFO     | myoconverter.xml.parsers:parse:59 - [PathPointParser: PathPoint] extobl_r-P2
2026-10-06 10:37:53.840 | INFO     | myoconverter.xml.parsers:parse:59 - [PathWrapSetParser: PathWrapSet] 
2026-10-06 10:37:53.840 | INFO     | myoconverter.xml.parsers:parse:59 - [ForceParser: Thelen2003Muscle] extobl_l
2026-10-06 10:37:53.840 | INFO     | myoconverter.xml.parsers:parse:59 - [PathPointParser: PathPoint] extobl_l-P1
2026-10-06 10:37:53.840 | INFO     | myoconverter.xml.parsers:parse:59 - [PathPointParser: PathPoint] extobl_l-P2
2026-10-06 10:37:53.840 | INFO     | myoconverter.xml.parsers:parse:59 - [PathWrapSetParser: PathWrapSet] 
2026-10-06 10:37:53.840 | INFO     | myoconverter.xml.converter:_parse_markers:165 - Starting to parse markers
2026-10-06 10:37:53.841 | INFO     | myoconverter.xml.converter:_set_keyframe:176 - Setting the default keyframe
2026-10-06 10:37:53.844 | INFO     | myoconverter.xml.converter:convert:65 - Writing the converted model into /app/data/gait2354/gait2354_cvt1.xml
2026-10-06 10:37:53.849 | INFO     | myoconverter.xml.converter:convert:68 - All good, conversion procedure is finished
2026-10-06 10:37:53.849 | INFO     | myoconverter.conversion_steps.O2MSteps:PipelineExecution:126 - Finished step 1 conversion - cvt1.
2026-10-06 10:37:53.849 | INFO     | myoconverter.conversion_steps.O2MSteps:PipelineExecution:132 - Started step 1 validation - val1.
2026-10-06 10:37:53.850 | INFO     | myoconverter.conversion_steps.O2MStep1:vlt1_forwardKinematicsValidation:123 - Extract marker names (as endpoints) from osim model
[info] Loaded model 3DGaitModel2354 from file ./models/osim/Gait2354Simbody/gait2354.osim
2026-10-06 10:37:53.899 | INFO     | myoconverter.conversion_steps.O2MStep1:vlt1_forwardKinematicsValidation:145 - Get the endpoint locations by meshing the joint angles within the range limits
[info] Loaded model 3DGaitModel2354 from file ./models/osim/Gait2354Simbody/gait2354.osim
2026-10-06 10:37:54.115 | INFO     | myoconverter.conversion_steps.O2MStep1:vlt1_forwardKinematicsValidation:152 - Check if the joint motion ranges are the same between Osim and Mjc models
2026-10-06 10:37:54.117 | INFO     | myoconverter.conversion_steps.O2MStep1:vlt1_forwardKinematicsValidation:172 - Finished with joint operation range check. Saved Results
2026-10-06 10:37:54.118 | INFO     | myoconverter.conversion_steps.O2MStep1:endPointsPlot:180 - Plot each endpoint's location errors in x, y, z.
/opt/conda/envs/myoconverter/lib/python3.10/site-packages/numpy/core/fromnumeric.py:3440: RuntimeWarning: Mean of empty slice.
  return _methods._mean(a, axis=axis, dtype=dtype,
/opt/conda/envs/myoconverter/lib/python3.10/site-packages/numpy/core/_methods.py:189: RuntimeWarning: invalid value encountered in double_scalars
  ret = ret.dtype.type(ret / rcount)
/opt/conda/envs/myoconverter/lib/python3.10/site-packages/numpy/core/_methods.py:262: RuntimeWarning: Degrees of freedom <= 0 for slice
  ret = _var(a, axis=axis, dtype=dtype, out=out, ddof=ddof,
/opt/conda/envs/myoconverter/lib/python3.10/site-packages/numpy/core/_methods.py:222: RuntimeWarning: invalid value encountered in true_divide
  arrmean = um.true_divide(arrmean, div, out=arrmean, casting='unsafe',
/opt/conda/envs/myoconverter/lib/python3.10/site-packages/numpy/core/_methods.py:254: RuntimeWarning: invalid value encountered in double_scalars
  ret = ret.dtype.type(ret / rcount)
2026-10-06 10:37:54.125 | INFO     | myoconverter.conversion_steps.O2MStep1:endPointsPlot:256 - Generate overall error Bar plot
2026-10-06 10:37:54.127 | INFO     | myoconverter.conversion_steps.O2MSteps:PipelineExecution:142 - Finished step 1 validation - val1.
2026-10-06 10:37:54.128 | INFO     | myoconverter.conversion_steps.O2MSteps:PipelineExecution:175 - xxx_cvt2 model does not exist, start from xxx_cvt1
[info] Loaded model 3DGaitModel2354 from file ./models/osim/Gait2354Simbody/gait2354.osim
2026-10-06 10:37:54.218 | INFO     | myoconverter.conversion_steps.O2MStep2:__init__:102 - Overwrite command confirmed
2026-10-06 10:37:54.219 | INFO     | myoconverter.conversion_steps.O2MStep2:__init__:103 - Generating MA data from OsimMuscleStates, may take a while
2026-10-06 10:37:54.219 | INFO     | myoconverter.optimization.model_states.OsimMuscleStates:getWrapingCoords:65 - Extract the joints that muscle wrapped over from Osim model
2026-10-06 10:37:54.868 | INFO     | myoconverter.optimization.model_states.OsimMuscleStates:getMomentArms:163 - Calculate moment arms from Osim model
2026-10-06 10:37:54.868 | INFO     | myoconverter.optimization.model_states.OsimMuscleStates:getMomentArms:168 - Muscle: glut_med1_r
2026-10-06 10:37:54.933 | INFO     | myoconverter.optimization.model_states.OsimMuscleStates:getMomentArms:168 - Muscle: glut_med2_r
2026-10-06 10:37:54.997 | INFO     | myoconverter.optimization.model_states.OsimMuscleStates:getMomentArms:168 - Muscle: glut_med3_r
2026-10-06 10:37:55.080 | INFO     | myoconverter.optimization.model_states.OsimMuscleStates:getMomentArms:168 - Muscle: bifemlh_r
2026-10-06 10:37:55.227 | INFO     | myoconverter.optimization.model_states.OsimMuscleStates:getMomentArms:168 - Muscle: bifemsh_r
2026-10-06 10:37:55.245 | INFO     | myoconverter.optimization.model_states.OsimMuscleStates:getMomentArms:168 - Muscle: sar_r
2026-10-06 10:37:55.318 | INFO     | myoconverter.optimization.model_states.OsimMuscleStates:getMomentArms:168 - Muscle: add_mag2_r
2026-10-06 10:37:55.381 | INFO     | myoconverter.optimization.model_states.OsimMuscleStates:getMomentArms:168 - Muscle: tfl_r
2026-10-06 10:37:55.451 | INFO     | myoconverter.optimization.model_states.OsimMuscleStates:getMomentArms:168 - Muscle: pect_r
2026-10-06 10:37:55.513 | INFO     | myoconverter.optimization.model_states.OsimMuscleStates:getMomentArms:168 - Muscle: grac_r
2026-10-06 10:37:55.659 | INFO     | myoconverter.optimization.model_states.OsimMuscleStates:getMomentArms:168 - Muscle: glut_max1_r
2026-10-06 10:37:55.722 | INFO     | myoconverter.optimization.model_states.OsimMuscleStates:getMomentArms:168 - Muscle: glut_max2_r
2026-10-06 10:37:55.785 | INFO     | myoconverter.optimization.model_states.OsimMuscleStates:getMomentArms:168 - Muscle: glut_max3_r
2026-10-06 10:37:55.848 | INFO     | myoconverter.optimization.model_states.OsimMuscleStates:getMomentArms:168 - Muscle: iliacus_r
2026-10-06 10:37:55.911 | INFO     | myoconverter.optimization.model_states.OsimMuscleStates:getMomentArms:168 - Muscle: psoas_r
2026-10-06 10:37:55.974 | INFO     | myoconverter.optimization.model_states.OsimMuscleStates:getMomentArms:168 - Muscle: quad_fem_r
2026-10-06 10:37:56.036 | INFO     | myoconverter.optimization.model_states.OsimMuscleStates:getMomentArms:168 - Muscle: gem_r
2026-10-06 10:37:56.098 | INFO     | myoconverter.optimization.model_states.OsimMuscleStates:getMomentArms:168 - Muscle: peri_r
2026-10-06 10:37:56.160 | INFO     | myoconverter.optimization.model_states.OsimMuscleStates:getMomentArms:168 - Muscle: rect_fem_r
2026-10-06 10:37:56.311 | INFO     | myoconverter.optimization.model_states.OsimMuscleStates:getMomentArms:168 - Muscle: vas_int_r
2026-10-06 10:37:56.321 | INFO     | myoconverter.optimization.model_states.OsimMuscleStates:getMomentArms:168 - Muscle: med_gas_r
2026-10-06 10:37:56.385 | INFO     | myoconverter.optimization.model_states.OsimMuscleStates:getMomentArms:168 - Muscle: soleus_r
2026-10-06 10:37:56.405 | INFO     | myoconverter.optimization.model_states.OsimMuscleStates:getMomentArms:168 - Muscle: tib_post_r
2026-10-06 10:37:56.426 | INFO     | myoconverter.optimization.model_states.OsimMuscleStates:getMomentArms:168 - Muscle: tib_ant_r
2026-10-06 10:37:56.446 | INFO     | myoconverter.optimization.model_states.OsimMuscleStates:getMomentArms:168 - Muscle: glut_med1_l
2026-10-06 10:37:56.508 | INFO     | myoconverter.optimization.model_states.OsimMuscleStates:getMomentArms:168 - Muscle: glut_med2_l
2026-10-06 10:37:56.569 | INFO     | myoconverter.optimization.model_states.OsimMuscleStates:getMomentArms:168 - Muscle: glut_med3_l
2026-10-06 10:37:56.630 | INFO     | myoconverter.optimization.model_states.OsimMuscleStates:getMomentArms:168 - Muscle: bifemlh_l
2026-10-06 10:37:56.771 | INFO     | myoconverter.optimization.model_states.OsimMuscleStates:getMomentArms:168 - Muscle: bifemsh_l
2026-10-06 10:37:56.780 | INFO     | myoconverter.optimization.model_states.OsimMuscleStates:getMomentArms:168 - Muscle: sar_l
2026-10-06 10:37:56.851 | INFO     | myoconverter.optimization.model_states.OsimMuscleStates:getMomentArms:168 - Muscle: add_mag2_l
2026-10-06 10:37:56.915 | INFO     | myoconverter.optimization.model_states.OsimMuscleStates:getMomentArms:168 - Muscle: tfl_l
2026-10-06 10:37:56.985 | INFO     | myoconverter.optimization.model_states.OsimMuscleStates:getMomentArms:168 - Muscle: pect_l
2026-10-06 10:37:57.049 | INFO     | myoconverter.optimization.model_states.OsimMuscleStates:getMomentArms:168 - Muscle: grac_l
2026-10-06 10:37:57.188 | INFO     | myoconverter.optimization.model_states.OsimMuscleStates:getMomentArms:168 - Muscle: glut_max1_l
2026-10-06 10:37:57.273 | INFO     | myoconverter.optimization.model_states.OsimMuscleStates:getMomentArms:168 - Muscle: glut_max2_l
2026-10-06 10:37:57.350 | INFO     | myoconverter.optimization.model_states.OsimMuscleStates:getMomentArms:168 - Muscle: glut_max3_l
2026-10-06 10:37:57.418 | INFO     | myoconverter.optimization.model_states.OsimMuscleStates:getMomentArms:168 - Muscle: iliacus_l
2026-10-06 10:37:57.484 | INFO     | myoconverter.optimization.model_states.OsimMuscleStates:getMomentArms:168 - Muscle: psoas_l
2026-10-06 10:37:57.550 | INFO     | myoconverter.optimization.model_states.OsimMuscleStates:getMomentArms:168 - Muscle: quad_fem_l
2026-10-06 10:37:57.614 | INFO     | myoconverter.optimization.model_states.OsimMuscleStates:getMomentArms:168 - Muscle: gem_l
2026-10-06 10:37:57.678 | INFO     | myoconverter.optimization.model_states.OsimMuscleStates:getMomentArms:168 - Muscle: peri_l
2026-10-06 10:37:57.740 | INFO     | myoconverter.optimization.model_states.OsimMuscleStates:getMomentArms:168 - Muscle: rect_fem_l
2026-10-06 10:37:57.885 | INFO     | myoconverter.optimization.model_states.OsimMuscleStates:getMomentArms:168 - Muscle: vas_int_l
2026-10-06 10:37:57.893 | INFO     | myoconverter.optimization.model_states.OsimMuscleStates:getMomentArms:168 - Muscle: med_gas_l
2026-10-06 10:37:57.955 | INFO     | myoconverter.optimization.model_states.OsimMuscleStates:getMomentArms:168 - Muscle: soleus_l
2026-10-06 10:37:57.974 | INFO     | myoconverter.optimization.model_states.OsimMuscleStates:getMomentArms:168 - Muscle: tib_post_l
2026-10-06 10:37:57.993 | INFO     | myoconverter.optimization.model_states.OsimMuscleStates:getMomentArms:168 - Muscle: tib_ant_l
2026-10-06 10:37:58.015 | INFO     | myoconverter.optimization.model_states.OsimMuscleStates:getMomentArms:168 - Muscle: ercspn_r
2026-10-06 10:37:58.076 | INFO     | myoconverter.optimization.model_states.OsimMuscleStates:getMomentArms:168 - Muscle: ercspn_l
2026-10-06 10:37:58.138 | INFO     | myoconverter.optimization.model_states.OsimMuscleStates:getMomentArms:168 - Muscle: intobl_r
2026-10-06 10:37:58.199 | INFO     | myoconverter.optimization.model_states.OsimMuscleStates:getMomentArms:168 - Muscle: intobl_l
2026-10-06 10:37:58.262 | INFO     | myoconverter.optimization.model_states.OsimMuscleStates:getMomentArms:168 - Muscle: extobl_r
2026-10-06 10:37:58.325 | INFO     | myoconverter.optimization.model_states.OsimMuscleStates:getMomentArms:168 - Muscle: extobl_l
2026-10-06 10:37:58.412 | INFO     | myoconverter.conversion_steps.O2MStep2:__init__:173 - Finished cvt2 initialize
2026-10-06 10:37:58.412 | INFO     | myoconverter.conversion_steps.O2MSteps:PipelineExecution:198 - Started step 2 conversion - cvt2.
2026-10-06 10:37:58.412 | INFO     | myoconverter.conversion_steps.O2MStep2:optMomentArms:191 - Running MA optimization with the given muscle list one by one
2026-10-06 10:37:58.413 | INFO     | myoconverter.conversion_steps.O2MStep2:optMomentArms:195 - Muscle : glut_med1_r 
2026-10-06 10:37:58.416 | INFO     | myoconverter.conversion_steps.O2MStep2:optMomentArms:208 -     At joints: hip_adduction_r
2026-10-06 10:37:58.529 | INFO     | myoconverter.conversion_steps.O2MStep2:optMomentArms:220 -     MA errors between Osim and Mjc models are smaller than throshold, optimization skipped
2026-10-06 10:37:58.529 | INFO     | myoconverter.conversion_steps.O2MStep2:optMomentArms:195 - Muscle : glut_med2_r 
2026-10-06 10:37:58.530 | INFO     | myoconverter.conversion_steps.O2MStep2:optMomentArms:208 -     At joints: hip_adduction_r
2026-10-06 10:37:58.638 | INFO     | myoconverter.conversion_steps.O2MStep2:optMomentArms:220 -     MA errors between Osim and Mjc models are smaller than throshold, optimization skipped
2026-10-06 10:37:58.638 | INFO     | myoconverter.conversion_steps.O2MStep2:optMomentArms:195 - Muscle : glut_med3_r 
2026-10-06 10:37:58.639 | INFO     | myoconverter.conversion_steps.O2MStep2:optMomentArms:208 -     At joints: hip_adduction_r
2026-10-06 10:37:58.746 | INFO     | myoconverter.conversion_steps.O2MStep2:optMomentArms:220 -     MA errors between Osim and Mjc models are smaller than throshold, optimization skipped
2026-10-06 10:37:58.747 | INFO     | myoconverter.conversion_steps.O2MStep2:optMomentArms:195 - Muscle : bifemlh_r 
2026-10-06 10:37:58.747 | INFO     | myoconverter.conversion_steps.O2MStep2:optMomentArms:208 -     At joints: hip_adduction_r
2026-10-06 10:37:59.005 | INFO     | myoconverter.conversion_steps.O2MStep2:optMomentArms:227 -     Start MA optimization
2026-10-06 10:37:59.005 | INFO     | myoconverter.conversion_steps.O2MStep2:optMomentArms:231 -     No wrapping information extracted, skipped
2026-10-06 10:37:59.006 | INFO     | myoconverter.conversion_steps.O2MStep2:optMomentArms:195 - Muscle : bifemsh_r 
2026-10-06 10:37:59.006 | INFO     | myoconverter.conversion_steps.O2MStep2:optMomentArms:208 -     At joints: knee_angle_r
2026-10-06 10:37:59.015 | INFO     | myoconverter.conversion_steps.O2MStep2:optMomentArms:227 -     Start MA optimization
2026-10-06 10:37:59.015 | INFO     | myoconverter.conversion_steps.O2MStep2:optMomentArms:231 -     No wrapping information extracted, skipped
2026-10-06 10:37:59.015 | INFO     | myoconverter.conversion_steps.O2MStep2:optMomentArms:195 - Muscle : sar_r 
2026-10-06 10:37:59.015 | INFO     | myoconverter.conversion_steps.O2MStep2:optMomentArms:208 -     At joints: knee_angle_r
2026-10-06 10:37:59.024 | INFO     | myoconverter.conversion_steps.O2MStep2:optMomentArms:227 -     Start MA optimization
2026-10-06 10:37:59.024 | INFO     | myoconverter.conversion_steps.O2MStep2:optMomentArms:231 -     No wrapping information extracted, skipped
2026-10-06 10:37:59.024 | INFO     | myoconverter.conversion_steps.O2MStep2:optMomentArms:208 -     At joints: hip_adduction_r
2026-10-06 10:37:59.131 | INFO     | myoconverter.conversion_steps.O2MStep2:optMomentArms:220 -     MA errors between Osim and Mjc models are smaller than throshold, optimization skipped
2026-10-06 10:37:59.132 | INFO     | myoconverter.conversion_steps.O2MStep2:optMomentArms:195 - Muscle : add_mag2_r 
2026-10-06 10:37:59.132 | INFO     | myoconverter.conversion_steps.O2MStep2:optMomentArms:208 -     At joints: hip_adduction_r
2026-10-06 10:37:59.239 | INFO     | myoconverter.conversion_steps.O2MStep2:optMomentArms:220 -     MA errors between Osim and Mjc models are smaller than throshold, optimization skipped
2026-10-06 10:37:59.240 | INFO     | myoconverter.conversion_steps.O2MStep2:optMomentArms:195 - Muscle : tfl_r 
2026-10-06 10:37:59.240 | INFO     | myoconverter.conversion_steps.O2MStep2:optMomentArms:208 -     At joints: knee_angle_r
2026-10-06 10:37:59.249 | INFO     | myoconverter.conversion_steps.O2MStep2:optMomentArms:227 -     Start MA optimization
2026-10-06 10:37:59.249 | INFO     | myoconverter.conversion_steps.O2MStep2:optMomentArms:231 -     No wrapping information extracted, skipped
2026-10-06 10:37:59.249 | INFO     | myoconverter.conversion_steps.O2MStep2:optMomentArms:208 -     At joints: hip_adduction_r
2026-10-06 10:37:59.356 | INFO     | myoconverter.conversion_steps.O2MStep2:optMomentArms:220 -     MA errors between Osim and Mjc models are smaller than throshold, optimization skipped
2026-10-06 10:37:59.356 | INFO     | myoconverter.conversion_steps.O2MStep2:optMomentArms:195 - Muscle : pect_r 
2026-10-06 10:37:59.357 | INFO     | myoconverter.conversion_steps.O2MStep2:optMomentArms:208 -     At joints: hip_adduction_r
2026-10-06 10:37:59.465 | INFO     | myoconverter.conversion_steps.O2MStep2:optMomentArms:220 -     MA errors between Osim and Mjc models are smaller than throshold, optimization skipped
2026-10-06 10:37:59.465 | INFO     | myoconverter.conversion_steps.O2MStep2:optMomentArms:195 - Muscle : grac_r 
2026-10-06 10:37:59.466 | INFO     | myoconverter.conversion_steps.O2MStep2:optMomentArms:208 -     At joints: hip_adduction_r
2026-10-06 10:37:59.720 | INFO     | myoconverter.conversion_steps.O2MStep2:optMomentArms:227 -     Start MA optimization
2026-10-06 10:37:59.720 | INFO     | myoconverter.conversion_steps.O2MStep2:optMomentArms:231 -     No wrapping information extracted, skipped
2026-10-06 10:37:59.721 | INFO     | myoconverter.conversion_steps.O2MStep2:optMomentArms:195 - Muscle : glut_max1_r 
2026-10-06 10:37:59.721 | INFO     | myoconverter.conversion_steps.O2MStep2:optMomentArms:208 -     At joints: hip_adduction_r
2026-10-06 10:37:59.828 | INFO     | myoconverter.conversion_steps.O2MStep2:optMomentArms:220 -     MA errors between Osim and Mjc models are smaller than throshold, optimization skipped
2026-10-06 10:37:59.829 | INFO     | myoconverter.conversion_steps.O2MStep2:optMomentArms:195 - Muscle : glut_max2_r 
2026-10-06 10:37:59.829 | INFO     | myoconverter.conversion_steps.O2MStep2:optMomentArms:208 -     At joints: hip_adduction_r
2026-10-06 10:37:59.936 | INFO     | myoconverter.conversion_steps.O2MStep2:optMomentArms:220 -     MA errors between Osim and Mjc models are smaller than throshold, optimization skipped
2026-10-06 10:37:59.936 | INFO     | myoconverter.conversion_steps.O2MStep2:optMomentArms:195 - Muscle : glut_max3_r 
2026-10-06 10:37:59.937 | INFO     | myoconverter.conversion_steps.O2MStep2:optMomentArms:208 -     At joints: hip_adduction_r
2026-10-06 10:38:00.046 | INFO     | myoconverter.conversion_steps.O2MStep2:optMomentArms:220 -     MA errors between Osim and Mjc models are smaller than throshold, optimization skipped
2026-10-06 10:38:00.047 | INFO     | myoconverter.conversion_steps.O2MStep2:optMomentArms:195 - Muscle : iliacus_r 
2026-10-06 10:38:00.047 | INFO     | myoconverter.conversion_steps.O2MStep2:optMomentArms:208 -     At joints: hip_adduction_r
2026-10-06 10:38:00.154 | INFO     | myoconverter.conversion_steps.O2MStep2:optMomentArms:227 -     Start MA optimization
2026-10-06 10:38:00.154 | INFO     | myoconverter.conversion_steps.O2MStep2:optMomentArms:231 -     No wrapping information extracted, skipped
2026-10-06 10:38:00.155 | INFO     | myoconverter.conversion_steps.O2MStep2:optMomentArms:195 - Muscle : psoas_r 
2026-10-06 10:38:00.155 | INFO     | myoconverter.conversion_steps.O2MStep2:optMomentArms:208 -     At joints: hip_adduction_r
2026-10-06 10:38:00.262 | INFO     | myoconverter.conversion_steps.O2MStep2:optMomentArms:227 -     Start MA optimization
2026-10-06 10:38:00.262 | INFO     | myoconverter.conversion_steps.O2MStep2:optMomentArms:231 -     No wrapping information extracted, skipped
2026-10-06 10:38:00.262 | INFO     | myoconverter.conversion_steps.O2MStep2:optMomentArms:195 - Muscle : quad_fem_r 
2026-10-06 10:38:00.263 | INFO     | myoconverter.conversion_steps.O2MStep2:optMomentArms:208 -     At joints: hip_adduction_r
2026-10-06 10:38:00.369 | INFO     | myoconverter.conversion_steps.O2MStep2:optMomentArms:220 -     MA errors between Osim and Mjc models are smaller than throshold, optimization skipped
2026-10-06 10:38:00.369 | INFO     | myoconverter.conversion_steps.O2MStep2:optMomentArms:195 - Muscle : gem_r 
2026-10-06 10:38:00.370 | INFO     | myoconverter.conversion_steps.O2MStep2:optMomentArms:208 -     At joints: hip_adduction_r
2026-10-06 10:38:00.477 | INFO     | myoconverter.conversion_steps.O2MStep2:optMomentArms:220 -     MA errors between Osim and Mjc models are smaller than throshold, optimization skipped
2026-10-06 10:38:00.478 | INFO     | myoconverter.conversion_steps.O2MStep2:optMomentArms:195 - Muscle : peri_r 
2026-10-06 10:38:00.478 | INFO     | myoconverter.conversion_steps.O2MStep2:optMomentArms:208 -     At joints: hip_adduction_r
2026-10-06 10:38:00.585 | INFO     | myoconverter.conversion_steps.O2MStep2:optMomentArms:220 -     MA errors between Osim and Mjc models are smaller than throshold, optimization skipped
2026-10-06 10:38:00.586 | INFO     | myoconverter.conversion_steps.O2MStep2:optMomentArms:195 - Muscle : rect_fem_r 
2026-10-06 10:38:00.586 | INFO     | myoconverter.conversion_steps.O2MStep2:optMomentArms:208 -     At joints: hip_adduction_r
2026-10-06 10:38:00.839 | INFO     | myoconverter.conversion_steps.O2MStep2:optMomentArms:227 -     Start MA optimization
2026-10-06 10:38:00.839 | INFO     | myoconverter.conversion_steps.O2MStep2:optMomentArms:231 -     No wrapping information extracted, skipped
2026-10-06 10:38:00.840 | INFO     | myoconverter.conversion_steps.O2MStep2:optMomentArms:195 - Muscle : vas_int_r 
2026-10-06 10:38:00.840 | INFO     | myoconverter.conversion_steps.O2MStep2:optMomentArms:208 -     At joints: knee_angle_r
2026-10-06 10:38:00.848 | INFO     | myoconverter.conversion_steps.O2MStep2:optMomentArms:227 -     Start MA optimization
2026-10-06 10:38:00.848 | INFO     | myoconverter.conversion_steps.O2MStep2:optMomentArms:231 -     No wrapping information extracted, skipped
2026-10-06 10:38:00.849 | INFO     | myoconverter.conversion_steps.O2MStep2:optMomentArms:195 - Muscle : med_gas_r 
2026-10-06 10:38:00.849 | INFO     | myoconverter.conversion_steps.O2MStep2:optMomentArms:208 -     At joints: ankle_angle_r
2026-10-06 10:38:00.968 | INFO     | myoconverter.conversion_steps.O2MStep2:optMomentArms:227 -     Start MA optimization
2026-10-06 10:38:00.968 | INFO     | myoconverter.conversion_steps.O2MStep2:optMomentArms:231 -     No wrapping information extracted, skipped
2026-10-06 10:38:00.969 | INFO     | myoconverter.conversion_steps.O2MStep2:optMomentArms:195 - Muscle : soleus_r 
2026-10-06 10:38:00.969 | INFO     | myoconverter.conversion_steps.O2MStep2:optMomentArms:208 -     At joints: ankle_angle_r
2026-10-06 10:38:00.999 | INFO     | myoconverter.conversion_steps.O2MStep2:optMomentArms:220 -     MA errors between Osim and Mjc models are smaller than throshold, optimization skipped
2026-10-06 10:38:00.999 | INFO     | myoconverter.conversion_steps.O2MStep2:optMomentArms:195 - Muscle : tib_post_r 
2026-10-06 10:38:00.999 | INFO     | myoconverter.conversion_steps.O2MStep2:optMomentArms:208 -     At joints: ankle_angle_r
2026-10-06 10:38:01.029 | INFO     | myoconverter.conversion_steps.O2MStep2:optMomentArms:220 -     MA errors between Osim and Mjc models are smaller than throshold, optimization skipped
2026-10-06 10:38:01.029 | INFO     | myoconverter.conversion_steps.O2MStep2:optMomentArms:195 - Muscle : tib_ant_r 
2026-10-06 10:38:01.030 | INFO     | myoconverter.conversion_steps.O2MStep2:optMomentArms:208 -     At joints: ankle_angle_r
2026-10-06 10:38:01.059 | INFO     | myoconverter.conversion_steps.O2MStep2:optMomentArms:220 -     MA errors between Osim and Mjc models are smaller than throshold, optimization skipped
2026-10-06 10:38:01.059 | INFO     | myoconverter.conversion_steps.O2MStep2:optMomentArms:195 - Muscle : glut_med1_l 
2026-10-06 10:38:01.059 | INFO     | myoconverter.conversion_steps.O2MStep2:optMomentArms:208 -     At joints: hip_adduction_l
2026-10-06 10:38:01.166 | INFO     | myoconverter.conversion_steps.O2MStep2:optMomentArms:220 -     MA errors between Osim and Mjc models are smaller than throshold, optimization skipped
2026-10-06 10:38:01.167 | INFO     | myoconverter.conversion_steps.O2MStep2:optMomentArms:195 - Muscle : glut_med2_l 
2026-10-06 10:38:01.167 | INFO     | myoconverter.conversion_steps.O2MStep2:optMomentArms:208 -     At joints: hip_adduction_l
2026-10-06 10:38:01.273 | INFO     | myoconverter.conversion_steps.O2MStep2:optMomentArms:220 -     MA errors between Osim and Mjc models are smaller than throshold, optimization skipped
2026-10-06 10:38:01.274 | INFO     | myoconverter.conversion_steps.O2MStep2:optMomentArms:195 - Muscle : glut_med3_l 
2026-10-06 10:38:01.274 | INFO     | myoconverter.conversion_steps.O2MStep2:optMomentArms:208 -     At joints: hip_adduction_l
2026-10-06 10:38:01.384 | INFO     | myoconverter.conversion_steps.O2MStep2:optMomentArms:220 -     MA errors between Osim and Mjc models are smaller than throshold, optimization skipped
2026-10-06 10:38:01.385 | INFO     | myoconverter.conversion_steps.O2MStep2:optMomentArms:195 - Muscle : bifemlh_l 
2026-10-06 10:38:01.385 | INFO     | myoconverter.conversion_steps.O2MStep2:optMomentArms:208 -     At joints: hip_adduction_l
2026-10-06 10:38:01.648 | INFO     | myoconverter.conversion_steps.O2MStep2:optMomentArms:227 -     Start MA optimization
2026-10-06 10:38:01.649 | INFO     | myoconverter.conversion_steps.O2MStep2:optMomentArms:231 -     No wrapping information extracted, skipped
2026-10-06 10:38:01.649 | INFO     | myoconverter.conversion_steps.O2MStep2:optMomentArms:195 - Muscle : bifemsh_l 
2026-10-06 10:38:01.650 | INFO     | myoconverter.conversion_steps.O2MStep2:optMomentArms:208 -     At joints: knee_angle_l
2026-10-06 10:38:01.658 | INFO     | myoconverter.conversion_steps.O2MStep2:optMomentArms:227 -     Start MA optimization
2026-10-06 10:38:01.658 | INFO     | myoconverter.conversion_steps.O2MStep2:optMomentArms:231 -     No wrapping information extracted, skipped
2026-10-06 10:38:01.658 | INFO     | myoconverter.conversion_steps.O2MStep2:optMomentArms:195 - Muscle : sar_l 
2026-10-06 10:38:01.659 | INFO     | myoconverter.conversion_steps.O2MStep2:optMomentArms:208 -     At joints: knee_angle_l
2026-10-06 10:38:01.667 | INFO     | myoconverter.conversion_steps.O2MStep2:optMomentArms:227 -     Start MA optimization
2026-10-06 10:38:01.667 | INFO     | myoconverter.conversion_steps.O2MStep2:optMomentArms:231 -     No wrapping information extracted, skipped
2026-10-06 10:38:01.667 | INFO     | myoconverter.conversion_steps.O2MStep2:optMomentArms:208 -     At joints: hip_adduction_l
2026-10-06 10:38:01.774 | INFO     | myoconverter.conversion_steps.O2MStep2:optMomentArms:220 -     MA errors between Osim and Mjc models are smaller than throshold, optimization skipped
2026-10-06 10:38:01.775 | INFO     | myoconverter.conversion_steps.O2MStep2:optMomentArms:195 - Muscle : add_mag2_l 
2026-10-06 10:38:01.775 | INFO     | myoconverter.conversion_steps.O2MStep2:optMomentArms:208 -     At joints: hip_adduction_l
2026-10-06 10:38:01.882 | INFO     | myoconverter.conversion_steps.O2MStep2:optMomentArms:220 -     MA errors between Osim and Mjc models are smaller than throshold, optimization skipped
2026-10-06 10:38:01.883 | INFO     | myoconverter.conversion_steps.O2MStep2:optMomentArms:195 - Muscle : tfl_l 
2026-10-06 10:38:01.883 | INFO     | myoconverter.conversion_steps.O2MStep2:optMomentArms:208 -     At joints: knee_angle_l
2026-10-06 10:38:01.891 | INFO     | myoconverter.conversion_steps.O2MStep2:optMomentArms:227 -     Start MA optimization
2026-10-06 10:38:01.891 | INFO     | myoconverter.conversion_steps.O2MStep2:optMomentArms:231 -     No wrapping information extracted, skipped
2026-10-06 10:38:01.892 | INFO     | myoconverter.conversion_steps.O2MStep2:optMomentArms:208 -     At joints: hip_adduction_l
2026-10-06 10:38:02.119 | INFO     | myoconverter.conversion_steps.O2MStep2:optMomentArms:220 -     MA errors between Osim and Mjc models are smaller than throshold, optimization skipped
2026-10-06 10:38:02.122 | INFO     | myoconverter.conversion_steps.O2MStep2:optMomentArms:195 - Muscle : pect_l 
2026-10-06 10:38:02.123 | INFO     | myoconverter.conversion_steps.O2MStep2:optMomentArms:208 -     At joints: hip_adduction_l
2026-10-06 10:38:02.235 | INFO     | myoconverter.conversion_steps.O2MStep2:optMomentArms:220 -     MA errors between Osim and Mjc models are smaller than throshold, optimization skipped
2026-10-06 10:38:02.236 | INFO     | myoconverter.conversion_steps.O2MStep2:optMomentArms:195 - Muscle : grac_l 
2026-10-06 10:38:02.237 | INFO     | myoconverter.conversion_steps.O2MStep2:optMomentArms:208 -     At joints: hip_adduction_l
2026-10-06 10:38:02.492 | INFO     | myoconverter.conversion_steps.O2MStep2:optMomentArms:227 -     Start MA optimization
2026-10-06 10:38:02.493 | INFO     | myoconverter.conversion_steps.O2MStep2:optMomentArms:231 -     No wrapping information extracted, skipped
2026-10-06 10:38:02.493 | INFO     | myoconverter.conversion_steps.O2MStep2:optMomentArms:195 - Muscle : glut_max1_l 
2026-10-06 10:38:02.494 | INFO     | myoconverter.conversion_steps.O2MStep2:optMomentArms:208 -     At joints: hip_adduction_l
2026-10-06 10:38:02.617 | INFO     | myoconverter.conversion_steps.O2MStep2:optMomentArms:220 -     MA errors between Osim and Mjc models are smaller than throshold, optimization skipped
2026-10-06 10:38:02.618 | INFO     | myoconverter.conversion_steps.O2MStep2:optMomentArms:195 - Muscle : glut_max2_l 
2026-10-06 10:38:02.618 | INFO     | myoconverter.conversion_steps.O2MStep2:optMomentArms:208 -     At joints: hip_adduction_l
2026-10-06 10:38:02.752 | INFO     | myoconverter.conversion_steps.O2MStep2:optMomentArms:220 -     MA errors between Osim and Mjc models are smaller than throshold, optimization skipped
2026-10-06 10:38:02.753 | INFO     | myoconverter.conversion_steps.O2MStep2:optMomentArms:195 - Muscle : glut_max3_l 
2026-10-06 10:38:02.754 | INFO     | myoconverter.conversion_steps.O2MStep2:optMomentArms:208 -     At joints: hip_adduction_l
2026-10-06 10:38:02.872 | INFO     | myoconverter.conversion_steps.O2MStep2:optMomentArms:220 -     MA errors between Osim and Mjc models are smaller than throshold, optimization skipped
2026-10-06 10:38:02.873 | INFO     | myoconverter.conversion_steps.O2MStep2:optMomentArms:195 - Muscle : iliacus_l 
2026-10-06 10:38:02.873 | INFO     | myoconverter.conversion_steps.O2MStep2:optMomentArms:208 -     At joints: hip_adduction_l
2026-10-06 10:38:02.988 | INFO     | myoconverter.conversion_steps.O2MStep2:optMomentArms:227 -     Start MA optimization
2026-10-06 10:38:02.989 | INFO     | myoconverter.conversion_steps.O2MStep2:optMomentArms:231 -     No wrapping information extracted, skipped
2026-10-06 10:38:02.989 | INFO     | myoconverter.conversion_steps.O2MStep2:optMomentArms:195 - Muscle : psoas_l 
2026-10-06 10:38:02.990 | INFO     | myoconverter.conversion_steps.O2MStep2:optMomentArms:208 -     At joints: hip_adduction_l
2026-10-06 10:38:03.103 | INFO     | myoconverter.conversion_steps.O2MStep2:optMomentArms:227 -     Start MA optimization
2026-10-06 10:38:03.104 | INFO     | myoconverter.conversion_steps.O2MStep2:optMomentArms:231 -     No wrapping information extracted, skipped
2026-10-06 10:38:03.105 | INFO     | myoconverter.conversion_steps.O2MStep2:optMomentArms:195 - Muscle : quad_fem_l 
2026-10-06 10:38:03.105 | INFO     | myoconverter.conversion_steps.O2MStep2:optMomentArms:208 -     At joints: hip_adduction_l
2026-10-06 10:38:03.216 | INFO     | myoconverter.conversion_steps.O2MStep2:optMomentArms:220 -     MA errors between Osim and Mjc models are smaller than throshold, optimization skipped
2026-10-06 10:38:03.217 | INFO     | myoconverter.conversion_steps.O2MStep2:optMomentArms:195 - Muscle : gem_l 
2026-10-06 10:38:03.218 | INFO     | myoconverter.conversion_steps.O2MStep2:optMomentArms:208 -     At joints: hip_adduction_l
2026-10-06 10:38:03.327 | INFO     | myoconverter.conversion_steps.O2MStep2:optMomentArms:220 -     MA errors between Osim and Mjc models are smaller than throshold, optimization skipped
2026-10-06 10:38:03.328 | INFO     | myoconverter.conversion_steps.O2MStep2:optMomentArms:195 - Muscle : peri_l 
2026-10-06 10:38:03.328 | INFO     | myoconverter.conversion_steps.O2MStep2:optMomentArms:208 -     At joints: hip_adduction_l
2026-10-06 10:38:03.436 | INFO     | myoconverter.conversion_steps.O2MStep2:optMomentArms:220 -     MA errors between Osim and Mjc models are smaller than throshold, optimization skipped
2026-10-06 10:38:03.436 | INFO     | myoconverter.conversion_steps.O2MStep2:optMomentArms:195 - Muscle : rect_fem_l 
2026-10-06 10:38:03.437 | INFO     | myoconverter.conversion_steps.O2MStep2:optMomentArms:208 -     At joints: hip_adduction_l
2026-10-06 10:38:03.692 | INFO     | myoconverter.conversion_steps.O2MStep2:optMomentArms:227 -     Start MA optimization
2026-10-06 10:38:03.693 | INFO     | myoconverter.conversion_steps.O2MStep2:optMomentArms:231 -     No wrapping information extracted, skipped
2026-10-06 10:38:03.693 | INFO     | myoconverter.conversion_steps.O2MStep2:optMomentArms:195 - Muscle : vas_int_l 
2026-10-06 10:38:03.694 | INFO     | myoconverter.conversion_steps.O2MStep2:optMomentArms:208 -     At joints: knee_angle_l
2026-10-06 10:38:03.702 | INFO     | myoconverter.conversion_steps.O2MStep2:optMomentArms:227 -     Start MA optimization
2026-10-06 10:38:03.702 | INFO     | myoconverter.conversion_steps.O2MStep2:optMomentArms:231 -     No wrapping information extracted, skipped
2026-10-06 10:38:03.702 | INFO     | myoconverter.conversion_steps.O2MStep2:optMomentArms:195 - Muscle : med_gas_l 
2026-10-06 10:38:03.703 | INFO     | myoconverter.conversion_steps.O2MStep2:optMomentArms:208 -     At joints: ankle_angle_l
2026-10-06 10:38:03.821 | INFO     | myoconverter.conversion_steps.O2MStep2:optMomentArms:227 -     Start MA optimization
2026-10-06 10:38:03.821 | INFO     | myoconverter.conversion_steps.O2MStep2:optMomentArms:231 -     No wrapping information extracted, skipped
2026-10-06 10:38:03.821 | INFO     | myoconverter.conversion_steps.O2MStep2:optMomentArms:195 - Muscle : soleus_l 
2026-10-06 10:38:03.822 | INFO     | myoconverter.conversion_steps.O2MStep2:optMomentArms:208 -     At joints: ankle_angle_l
2026-10-06 10:38:03.851 | INFO     | myoconverter.conversion_steps.O2MStep2:optMomentArms:220 -     MA errors between Osim and Mjc models are smaller than throshold, optimization skipped
2026-10-06 10:38:03.852 | INFO     | myoconverter.conversion_steps.O2MStep2:optMomentArms:195 - Muscle : tib_post_l 
2026-10-06 10:38:03.852 | INFO     | myoconverter.conversion_steps.O2MStep2:optMomentArms:208 -     At joints: ankle_angle_l
2026-10-06 10:38:03.881 | INFO     | myoconverter.conversion_steps.O2MStep2:optMomentArms:220 -     MA errors between Osim and Mjc models are smaller than throshold, optimization skipped
2026-10-06 10:38:03.881 | INFO     | myoconverter.conversion_steps.O2MStep2:optMomentArms:195 - Muscle : tib_ant_l 
2026-10-06 10:38:03.882 | INFO     | myoconverter.conversion_steps.O2MStep2:optMomentArms:208 -     At joints: ankle_angle_l
2026-10-06 10:38:03.911 | INFO     | myoconverter.conversion_steps.O2MStep2:optMomentArms:220 -     MA errors between Osim and Mjc models are smaller than throshold, optimization skipped
2026-10-06 10:38:03.912 | INFO     | myoconverter.conversion_steps.O2MStep2:optMomentArms:195 - Muscle : ercspn_r 
2026-10-06 10:38:03.912 | INFO     | myoconverter.conversion_steps.O2MStep2:optMomentArms:208 -     At joints: lumbar_bending
2026-10-06 10:38:04.001 | INFO     | myoconverter.conversion_steps.O2MStep2:optMomentArms:220 -     MA errors between Osim and Mjc models are smaller than throshold, optimization skipped
2026-10-06 10:38:04.001 | INFO     | myoconverter.conversion_steps.O2MStep2:optMomentArms:195 - Muscle : ercspn_l 
2026-10-06 10:38:04.002 | INFO     | myoconverter.conversion_steps.O2MStep2:optMomentArms:208 -     At joints: lumbar_bending
2026-10-06 10:38:04.090 | INFO     | myoconverter.conversion_steps.O2MStep2:optMomentArms:220 -     MA errors between Osim and Mjc models are smaller than throshold, optimization skipped
2026-10-06 10:38:04.091 | INFO     | myoconverter.conversion_steps.O2MStep2:optMomentArms:195 - Muscle : intobl_r 
2026-10-06 10:38:04.091 | INFO     | myoconverter.conversion_steps.O2MStep2:optMomentArms:208 -     At joints: lumbar_bending
2026-10-06 10:38:04.180 | INFO     | myoconverter.conversion_steps.O2MStep2:optMomentArms:220 -     MA errors between Osim and Mjc models are smaller than throshold, optimization skipped
2026-10-06 10:38:04.181 | INFO     | myoconverter.conversion_steps.O2MStep2:optMomentArms:195 - Muscle : intobl_l 
2026-10-06 10:38:04.181 | INFO     | myoconverter.conversion_steps.O2MStep2:optMomentArms:208 -     At joints: lumbar_bending
2026-10-06 10:38:04.270 | INFO     | myoconverter.conversion_steps.O2MStep2:optMomentArms:220 -     MA errors between Osim and Mjc models are smaller than throshold, optimization skipped
2026-10-06 10:38:04.270 | INFO     | myoconverter.conversion_steps.O2MStep2:optMomentArms:195 - Muscle : extobl_r 
2026-10-06 10:38:04.271 | INFO     | myoconverter.conversion_steps.O2MStep2:optMomentArms:208 -     At joints: lumbar_bending
2026-10-06 10:38:04.361 | INFO     | myoconverter.conversion_steps.O2MStep2:optMomentArms:220 -     MA errors between Osim and Mjc models are smaller than throshold, optimization skipped
2026-10-06 10:38:04.361 | INFO     | myoconverter.conversion_steps.O2MStep2:optMomentArms:195 - Muscle : extobl_l 
2026-10-06 10:38:04.362 | INFO     | myoconverter.conversion_steps.O2MStep2:optMomentArms:208 -     At joints: lumbar_bending
2026-10-06 10:38:04.451 | INFO     | myoconverter.conversion_steps.O2MStep2:optMomentArms:220 -     MA errors between Osim and Mjc models are smaller than throshold, optimization skipped
2026-10-06 10:38:04.462 | INFO     | myoconverter.conversion_steps.O2MSteps:PipelineExecution:200 - Finished step 2 conversion - cvt2.
2026-10-06 10:38:04.463 | INFO     | myoconverter.conversion_steps.O2MSteps:PipelineExecution:206 - Started step 2 validation - val2.
2026-10-06 10:38:32.117 | INFO     | myoconverter.conversion_steps.O2MSteps:PipelineExecution:208 - Finished step 2 validation - val2.
2026-10-06 10:38:32.118 | INFO     | myoconverter.conversion_steps.O2MSteps:PipelineExecution:237 - xxx_cvt3 model does not exist, start from xxx_cvt2
[info] Loaded model 3DGaitModel2354 from file ./models/osim/Gait2354Simbody/gait2354.osim
2026-10-06 10:38:32.216 | INFO     | myoconverter.conversion_steps.O2MStep3:__init__:96 - Overwrite command confirmed
2026-10-06 10:38:32.216 | INFO     | myoconverter.conversion_steps.O2MStep3:__init__:97 - Generating force map data from OsimMuscleStates, may take a while
2026-10-06 10:38:32.216 | INFO     | myoconverter.optimization.model_states.OsimMuscleStates:getWrapingCoords:65 - Extract the joints that muscle wrapped over from Osim model
2026-10-06 10:38:32.841 | INFO     | myoconverter.optimization.model_states.OsimMuscleStates:getMuscleForceMaps:267 - Calculate muscle force curves from Osim model
2026-10-06 10:38:32.841 | INFO     | myoconverter.optimization.model_states.OsimMuscleStates:getMuscleForceMaps:272 - Muscle: glut_med1_r
[warning] Thelen2003Muscle initialization: 'glut_med1_r' is at its minimum fiber length of 0.00748327.
[warning] Thelen2003Muscle initialization: 'glut_med1_r' is at its minimum fiber length of 0.00748327.
[warning] Thelen2003Muscle initialization: 'glut_med1_r' is at its minimum fiber length of 0.00748327.
[warning] Thelen2003Muscle initialization: 'glut_med1_r' is at its minimum fiber length of 0.00748327.
[warning] Thelen2003Muscle initialization: 'glut_med3_r' is at its minimum fiber length of 0.0211377.
[warning] Thelen2003Muscle initialization: 'tfl_r' is at its minimum fiber length of 0.00499696.
[warning] Thelen2003Muscle initialization: 'peri_r' is at its minimum fiber length of 0.00453760.
[warning] Thelen2003Muscle initialization: 'glut_med3_r' is at its minimum fiber length of 0.0211377.
[warning] Thelen2003Muscle initialization: 'peri_r' is at its minimum fiber length of 0.00453760.
[warning] Thelen2003Muscle initialization: 'gem_r' is at its minimum fiber length of 0.0.
[warning] Thelen2003Muscle initialization: 'peri_r' is at its minimum fiber length of 0.00453760.
[warning] Thelen2003Muscle initialization: 'gem_r' is at its minimum fiber length of 0.0.
[warning] Thelen2003Muscle initialization: 'peri_r' is at its minimum fiber length of 0.00453760.
[warning] Thelen2003Muscle initialization: 'gem_r' is at its minimum fiber length of 0.0.
[warning] Thelen2003Muscle initialization: 'peri_r' is at its minimum fiber length of 0.00453760.
[warning] Thelen2003Muscle initialization: 'quad_fem_r' is at its minimum fiber length of 0.0.
2026-10-06 10:38:32.886 | INFO     | myoconverter.optimization.model_states.OsimMuscleStates:getMuscleForceMaps:272 - Muscle: glut_med2_r
[warning] Thelen2003Muscle initialization: 'glut_med1_r' is at its minimum fiber length of 0.00748327.
[warning] Thelen2003Muscle initialization: 'peri_r' is at its minimum fiber length of 0.00453760.
[warning] Thelen2003Muscle initialization: 'glut_med3_r' is at its minimum fiber length of 0.0211377.
[warning] Thelen2003Muscle initialization: 'peri_r' is at its minimum fiber length of 0.00453760.
[warning] Thelen2003Muscle initialization: 'glut_med3_r' is at its minimum fiber length of 0.0211377.
[warning] Thelen2003Muscle initialization: 'peri_r' is at its minimum fiber length of 0.00453760.
[warning] Thelen2003Muscle initialization: 'glut_med1_r' is at its minimum fiber length of 0.00748327.
[warning] Thelen2003Muscle initialization: 'glut_med1_r' is at its minimum fiber length of 0.00748327.
[warning] Thelen2003Muscle initialization: 'gem_r' is at its minimum fiber length of 0.0.
[warning] Thelen2003Muscle initialization: 'peri_r' is at its minimum fiber length of 0.00453760.
[warning] Thelen2003Muscle initialization: 'gem_r' is at its minimum fiber length of 0.0.
2026-10-06 10:38:32.927 | INFO     | myoconverter.optimization.model_states.OsimMuscleStates:getMuscleForceMaps:272 - Muscle: glut_med3_r
[warning] Thelen2003Muscle initialization: 'glut_med3_r' is at its minimum fiber length of 0.0211377.
[warning] Thelen2003Muscle initialization: 'peri_r' is at its minimum fiber length of 0.00453760.
[warning] Thelen2003Muscle initialization: 'glut_med3_r' is at its minimum fiber length of 0.0211377.
[warning] Thelen2003Muscle initialization: 'peri_r' is at its minimum fiber length of 0.00453760.
[warning] Thelen2003Muscle initialization: 'glut_med3_r' is at its minimum fiber length of 0.0211377.
[warning] Thelen2003Muscle initialization: 'peri_r' is at its minimum fiber length of 0.00453760.
[warning] Thelen2003Muscle initialization: 'gem_r' is at its minimum fiber length of 0.0.
[warning] Thelen2003Muscle initialization: 'peri_r' is at its minimum fiber length of 0.00453760.
[warning] Thelen2003Muscle initialization: 'glut_med1_r' is at its minimum fiber length of 0.00748327.
[warning] Thelen2003Muscle initialization: 'peri_r' is at its minimum fiber length of 0.00453760.
[warning] Thelen2003Muscle initialization: 'gem_r' is at its minimum fiber length of 0.0.
[warning] Thelen2003Muscle initialization: 'peri_r' is at its minimum fiber length of 0.00453760.
[warning] Thelen2003Muscle initialization: 'gem_r' is at its minimum fiber length of 0.0.
[warning] Thelen2003Muscle initialization: 'peri_r' is at its minimum fiber length of 0.00453760.
[warning] Thelen2003Muscle initialization: 'gem_r' is at its minimum fiber length of 0.0.
2026-10-06 10:38:32.967 | INFO     | myoconverter.optimization.model_states.OsimMuscleStates:getMuscleForceMaps:272 - Muscle: bifemlh_r
[warning] Thelen2003Muscle initialization: 'peri_r' is at its minimum fiber length of 0.00453760.
[warning] Thelen2003Muscle initialization: 'gem_r' is at its minimum fiber length of 0.0.
[warning] Thelen2003Muscle initialization: 'glut_med1_r' is at its minimum fiber length of 0.00748327.
[warning] Thelen2003Muscle initialization: 'quad_fem_r' is at its minimum fiber length of 0.0.
[warning] Thelen2003Muscle initialization: 'gem_r' is at its minimum fiber length of 0.0.
[warning] Thelen2003Muscle initialization: 'gem_r' is at its minimum fiber length of 0.0.
[warning] Thelen2003Muscle initialization: 'peri_r' is at its minimum fiber length of 0.00453760.
[warning] Thelen2003Muscle initialization: 'peri_r' is at its minimum fiber length of 0.00453760.
[warning] Thelen2003Muscle initialization: 'glut_med1_r' is at its minimum fiber length of 0.00748327.
[warning] Thelen2003Muscle initialization: 'tfl_r' is at its minimum fiber length of 0.00499696.
[warning] Thelen2003Muscle initialization: 'glut_med1_r' is at its minimum fiber length of 0.00748327.
[warning] Thelen2003Muscle initialization: 'tfl_r' is at its minimum fiber length of 0.00499696.
2026-10-06 10:38:33.038 | INFO     | myoconverter.optimization.model_states.OsimMuscleStates:getMuscleForceMaps:272 - Muscle: bifemsh_r
2026-10-06 10:38:33.056 | INFO     | myoconverter.optimization.model_states.OsimMuscleStates:getMuscleForceMaps:272 - Muscle: sar_r
[warning] Thelen2003Muscle initialization: 'tfl_r' is at its minimum fiber length of 0.00499696.
[warning] Thelen2003Muscle initialization: 'peri_r' is at its minimum fiber length of 0.00453760.
[warning] Thelen2003Muscle initialization: 'glut_med1_r' is at its minimum fiber length of 0.00748327.
[warning] Thelen2003Muscle initialization: 'tfl_r' is at its minimum fiber length of 0.00499696.
[warning] Thelen2003Muscle initialization: 'glut_med3_r' is at its minimum fiber length of 0.0211377.
[warning] Thelen2003Muscle initialization: 'tfl_r' is at its minimum fiber length of 0.00499696.
[warning] Thelen2003Muscle initialization: 'glut_max1_r' is at its minimum fiber length of 0.0124385.
[warning] Thelen2003Muscle initialization: 'peri_r' is at its minimum fiber length of 0.00453760.
[warning] Thelen2003Muscle initialization: 'gem_r' is at its minimum fiber length of 0.0.
[warning] Thelen2003Muscle initialization: 'peri_r' is at its minimum fiber length of 0.00453760.
[warning] Thelen2003Muscle initialization: 'glut_med1_r' is at its minimum fiber length of 0.00748327.
[warning] Thelen2003Muscle initialization: 'glut_med1_r' is at its minimum fiber length of 0.00748327.
[warning] Thelen2003Muscle initialization: 'gem_r' is at its minimum fiber length of 0.0.
[warning] Thelen2003Muscle initialization: 'glut_med3_r' is at its minimum fiber length of 0.0211377.
[warning] Thelen2003Muscle initialization: 'peri_r' is at its minimum fiber length of 0.00453760.
[warning] Thelen2003Muscle initialization: 'glut_med1_r' is at its minimum fiber length of 0.00748327.
[warning] Thelen2003Muscle initialization: 'gem_r' is at its minimum fiber length of 0.0.
[warning] Thelen2003Muscle initialization: 'peri_r' is at its minimum fiber length of 0.00453760.
[warning] Thelen2003Muscle initialization: 'glut_med3_r' is at its minimum fiber length of 0.0211377.
[warning] Thelen2003Muscle initialization: 'peri_r' is at its minimum fiber length of 0.00453760.
2026-10-06 10:38:33.127 | INFO     | myoconverter.optimization.model_states.OsimMuscleStates:getMuscleForceMaps:272 - Muscle: add_mag2_r
[warning] Thelen2003Muscle initialization: 'peri_r' is at its minimum fiber length of 0.00453760.
[warning] Thelen2003Muscle initialization: 'glut_med3_r' is at its minimum fiber length of 0.0211377.
[warning] Thelen2003Muscle initialization: 'peri_r' is at its minimum fiber length of 0.00453760.
[warning] Thelen2003Muscle initialization: 'gem_r' is at its minimum fiber length of 0.0.
[warning] Thelen2003Muscle initialization: 'gem_r' is at its minimum fiber length of 0.0.
[warning] Thelen2003Muscle initialization: 'peri_r' is at its minimum fiber length of 0.00453760.
[warning] Thelen2003Muscle initialization: 'glut_med1_r' is at its minimum fiber length of 0.00748327.
[warning] Thelen2003Muscle initialization: 'peri_r' is at its minimum fiber length of 0.00453760.
[warning] Thelen2003Muscle initialization: 'glut_med1_r' is at its minimum fiber length of 0.00748327.
[warning] Thelen2003Muscle initialization: 'glut_med1_r' is at its minimum fiber length of 0.00748327.
[warning] Thelen2003Muscle initialization: 'glut_med3_r' is at its minimum fiber length of 0.0211377.
[warning] Thelen2003Muscle initialization: 'peri_r' is at its minimum fiber length of 0.00453760.
[warning] Thelen2003Muscle initialization: 'gem_r' is at its minimum fiber length of 0.0.
[warning] Thelen2003Muscle initialization: 'peri_r' is at its minimum fiber length of 0.00453760.
[warning] Thelen2003Muscle initialization: 'glut_med3_r' is at its minimum fiber length of 0.0211377.
[warning] Thelen2003Muscle initialization: 'tfl_r' is at its minimum fiber length of 0.00499696.
[warning] Thelen2003Muscle initialization: 'glut_max1_r' is at its minimum fiber length of 0.0124385.
[warning] Thelen2003Muscle initialization: 'peri_r' is at its minimum fiber length of 0.00453760.
2026-10-06 10:38:33.168 | INFO     | myoconverter.optimization.model_states.OsimMuscleStates:getMuscleForceMaps:272 - Muscle: tfl_r
[warning] Thelen2003Muscle initialization: 'glut_med3_r' is at its minimum fiber length of 0.0211377.
[warning] Thelen2003Muscle initialization: 'tfl_r' is at its minimum fiber length of 0.00499696.
[warning] Thelen2003Muscle initialization: 'glut_max1_r' is at its minimum fiber length of 0.0124385.
[warning] Thelen2003Muscle initialization: 'peri_r' is at its minimum fiber length of 0.00453760.
[warning] Thelen2003Muscle initialization: 'glut_med3_r' is at its minimum fiber length of 0.0211377.
[warning] Thelen2003Muscle initialization: 'tfl_r' is at its minimum fiber length of 0.00499696.
[warning] Thelen2003Muscle initialization: 'glut_max1_r' is at its minimum fiber length of 0.0124385.
[warning] Thelen2003Muscle initialization: 'peri_r' is at its minimum fiber length of 0.00453760.
[warning] Thelen2003Muscle initialization: 'tfl_r' is at its minimum fiber length of 0.00499696.
[warning] Thelen2003Muscle initialization: 'tfl_r' is at its minimum fiber length of 0.00499696.
[warning] Thelen2003Muscle initialization: 'peri_r' is at its minimum fiber length of 0.00453760.
[warning] Thelen2003Muscle initialization: 'glut_med3_r' is at its minimum fiber length of 0.0211377.
[warning] Thelen2003Muscle initialization: 'peri_r' is at its minimum fiber length of 0.00453760.
[warning] Thelen2003Muscle initialization: 'peri_r' is at its minimum fiber length of 0.00453760.
[warning] Thelen2003Muscle initialization: 'peri_r' is at its minimum fiber length of 0.00453760.
[warning] Thelen2003Muscle initialization: 'glut_med1_r' is at its minimum fiber length of 0.00748327.
[warning] Thelen2003Muscle initialization: 'gem_r' is at its minimum fiber length of 0.0.
[warning] Thelen2003Muscle initialization: 'peri_r' is at its minimum fiber length of 0.00453760.
[warning] Thelen2003Muscle initialization: 'gem_r' is at its minimum fiber length of 0.0.
[warning] Thelen2003Muscle initialization: 'peri_r' is at its minimum fiber length of 0.00453760.
[warning] Thelen2003Muscle initialization: 'gem_r' is at its minimum fiber length of 0.0.
[warning] Thelen2003Muscle initialization: 'peri_r' is at its minimum fiber length of 0.00453760.
2026-10-06 10:38:33.241 | INFO     | myoconverter.optimization.model_states.OsimMuscleStates:getMuscleForceMaps:272 - Muscle: pect_r
[warning] Thelen2003Muscle initialization: 'gem_r' is at its minimum fiber length of 0.0.
[warning] Thelen2003Muscle initialization: 'peri_r' is at its minimum fiber length of 0.00453760.
[warning] Thelen2003Muscle initialization: 'gem_r' is at its minimum fiber length of 0.0.
[warning] Thelen2003Muscle initialization: 'glut_med1_r' is at its minimum fiber length of 0.00748327.
[warning] Thelen2003Muscle initialization: 'glut_med1_r' is at its minimum fiber length of 0.00748327.
[warning] Thelen2003Muscle initialization: 'tfl_r' is at its minimum fiber length of 0.00499696.
[warning] Thelen2003Muscle initialization: 'peri_r' is at its minimum fiber length of 0.00453760.
[warning] Thelen2003Muscle initialization: 'gem_r' is at its minimum fiber length of 0.0.
[warning] Thelen2003Muscle initialization: 'peri_r' is at its minimum fiber length of 0.00453760.
2026-10-06 10:38:33.282 | INFO     | myoconverter.optimization.model_states.OsimMuscleStates:getMuscleForceMaps:272 - Muscle: grac_r
[warning] Thelen2003Muscle initialization: 'glut_med3_r' is at its minimum fiber length of 0.0211377.
[warning] Thelen2003Muscle initialization: 'peri_r' is at its minimum fiber length of 0.00453760.
[warning] Thelen2003Muscle initialization: 'glut_med3_r' is at its minimum fiber length of 0.0211377.
[warning] Thelen2003Muscle initialization: 'peri_r' is at its minimum fiber length of 0.00453760.
[warning] Thelen2003Muscle initialization: 'peri_r' is at its minimum fiber length of 0.00453760.
[warning] Thelen2003Muscle initialization: 'gem_r' is at its minimum fiber length of 0.0.
[warning] Thelen2003Muscle initialization: 'peri_r' is at its minimum fiber length of 0.00453760.
[warning] Thelen2003Muscle initialization: 'glut_med1_r' is at its minimum fiber length of 0.00748327.
[warning] Thelen2003Muscle initialization: 'gem_r' is at its minimum fiber length of 0.0.
[warning] Thelen2003Muscle initialization: 'peri_r' is at its minimum fiber length of 0.00453760.
[warning] Thelen2003Muscle initialization: 'gem_r' is at its minimum fiber length of 0.0.
[warning] Thelen2003Muscle initialization: 'peri_r' is at its minimum fiber length of 0.00453760.
[warning] Thelen2003Muscle initialization: 'glut_med1_r' is at its minimum fiber length of 0.00748327.
[warning] Thelen2003Muscle initialization: 'gem_r' is at its minimum fiber length of 0.0.
[warning] Thelen2003Muscle initialization: 'peri_r' is at its minimum fiber length of 0.00453760.
2026-10-06 10:38:33.351 | INFO     | myoconverter.optimization.model_states.OsimMuscleStates:getMuscleForceMaps:272 - Muscle: glut_max1_r
[warning] Thelen2003Muscle initialization: 'glut_med3_r' is at its minimum fiber length of 0.0211377.
[warning] Thelen2003Muscle initialization: 'tfl_r' is at its minimum fiber length of 0.00499696.
[warning] Thelen2003Muscle initialization: 'glut_max1_r' is at its minimum fiber length of 0.0124385.
[warning] Thelen2003Muscle initialization: 'peri_r' is at its minimum fiber length of 0.00453760.
[warning] Thelen2003Muscle initialization: 'glut_med1_r' is at its minimum fiber length of 0.00748327.
[warning] Thelen2003Muscle initialization: 'glut_med3_r' is at its minimum fiber length of 0.0211377.
[warning] Thelen2003Muscle initialization: 'peri_r' is at its minimum fiber length of 0.00453760.
[warning] Thelen2003Muscle initialization: 'glut_med1_r' is at its minimum fiber length of 0.00748327.
[warning] Thelen2003Muscle initialization: 'glut_med3_r' is at its minimum fiber length of 0.0211377.
[warning] Thelen2003Muscle initialization: 'peri_r' is at its minimum fiber length of 0.00453760.
[warning] Thelen2003Muscle initialization: 'glut_med3_r' is at its minimum fiber length of 0.0211377.
[warning] Thelen2003Muscle initialization: 'peri_r' is at its minimum fiber length of 0.00453760.
[warning] Thelen2003Muscle initialization: 'gem_r' is at its minimum fiber length of 0.0.
[warning] Thelen2003Muscle initialization: 'peri_r' is at its minimum fiber length of 0.00453760.
[warning] Thelen2003Muscle initialization: 'peri_r' is at its minimum fiber length of 0.00453760.
[warning] Thelen2003Muscle initialization: 'tfl_r' is at its minimum fiber length of 0.00499696.
[warning] Thelen2003Muscle initialization: 'peri_r' is at its minimum fiber length of 0.00453760.
[warning] Thelen2003Muscle initialization: 'glut_med1_r' is at its minimum fiber length of 0.00748327.
2026-10-06 10:38:33.392 | INFO     | myoconverter.optimization.model_states.OsimMuscleStates:getMuscleForceMaps:272 - Muscle: glut_max2_r
[warning] Thelen2003Muscle initialization: 'gem_r' is at its minimum fiber length of 0.0.
[warning] Thelen2003Muscle initialization: 'glut_med1_r' is at its minimum fiber length of 0.00748327.
[warning] Thelen2003Muscle initialization: 'glut_med3_r' is at its minimum fiber length of 0.0211377.
[warning] Thelen2003Muscle initialization: 'peri_r' is at its minimum fiber length of 0.00453760.
[warning] Thelen2003Muscle initialization: 'gem_r' is at its minimum fiber length of 0.0.
[warning] Thelen2003Muscle initialization: 'peri_r' is at its minimum fiber length of 0.00453760.
[warning] Thelen2003Muscle initialization: 'glut_med1_r' is at its minimum fiber length of 0.00748327.
[warning] Thelen2003Muscle initialization: 'glut_med3_r' is at its minimum fiber length of 0.0211377.
[warning] Thelen2003Muscle initialization: 'peri_r' is at its minimum fiber length of 0.00453760.
[warning] Thelen2003Muscle initialization: 'gem_r' is at its minimum fiber length of 0.0.
2026-10-06 10:38:33.433 | INFO     | myoconverter.optimization.model_states.OsimMuscleStates:getMuscleForceMaps:272 - Muscle: glut_max3_r
[warning] Thelen2003Muscle initialization: 'glut_max3_r' is at its minimum fiber length of 0.0126137.
[warning] Thelen2003Muscle initialization: 'glut_med3_r' is at its minimum fiber length of 0.0211377.
[warning] Thelen2003Muscle initialization: 'peri_r' is at its minimum fiber length of 0.00453760.
[warning] Thelen2003Muscle initialization: 'glut_med3_r' is at its minimum fiber length of 0.0211377.
[warning] Thelen2003Muscle initialization: 'peri_r' is at its minimum fiber length of 0.00453760.
[warning] Thelen2003Muscle initialization: 'gem_r' is at its minimum fiber length of 0.0.
[warning] Thelen2003Muscle initialization: 'gem_r' is at its minimum fiber length of 0.0.
[warning] Thelen2003Muscle initialization: 'gem_r' is at its minimum fiber length of 0.0.
[warning] Thelen2003Muscle initialization: 'peri_r' is at its minimum fiber length of 0.00453760.
[warning] Thelen2003Muscle initialization: 'glut_med1_r' is at its minimum fiber length of 0.00748327.
[warning] Thelen2003Muscle initialization: 'glut_med1_r' is at its minimum fiber length of 0.00748327.
2026-10-06 10:38:33.474 | INFO     | myoconverter.optimization.model_states.OsimMuscleStates:getMuscleForceMaps:272 - Muscle: iliacus_r
[warning] Thelen2003Muscle initialization: 'glut_med1_r' is at its minimum fiber length of 0.00748327.
[warning] Thelen2003Muscle initialization: 'glut_med3_r' is at its minimum fiber length of 0.0211377.
[warning] Thelen2003Muscle initialization: 'peri_r' is at its minimum fiber length of 0.00453760.
[warning] Thelen2003Muscle initialization: 'glut_med1_r' is at its minimum fiber length of 0.00748327.
[warning] Thelen2003Muscle initialization: 'glut_med3_r' is at its minimum fiber length of 0.0211377.
[warning] Thelen2003Muscle initialization: 'peri_r' is at its minimum fiber length of 0.00453760.
[warning] Thelen2003Muscle initialization: 'glut_med1_r' is at its minimum fiber length of 0.00748327.
[warning] Thelen2003Muscle initialization: 'peri_r' is at its minimum fiber length of 0.00453760.
[warning] Thelen2003Muscle initialization: 'glut_med1_r' is at its minimum fiber length of 0.00748327.
[warning] Thelen2003Muscle initialization: 'glut_med3_r' is at its minimum fiber length of 0.0211377.
[warning] Thelen2003Muscle initialization: 'tfl_r' is at its minimum fiber length of 0.00499696.
[warning] Thelen2003Muscle initialization: 'peri_r' is at its minimum fiber length of 0.00453760.
[warning] Thelen2003Muscle initialization: 'glut_med1_r' is at its minimum fiber length of 0.00748327.
[warning] Thelen2003Muscle initialization: 'peri_r' is at its minimum fiber length of 0.00453760.
[warning] Thelen2003Muscle initialization: 'peri_r' is at its minimum fiber length of 0.00453760.
2026-10-06 10:38:33.520 | INFO     | myoconverter.optimization.model_states.OsimMuscleStates:getMuscleForceMaps:272 - Muscle: psoas_r
[warning] Thelen2003Muscle initialization: 'tfl_r' is at its minimum fiber length of 0.00499696.
[warning] Thelen2003Muscle initialization: 'glut_med1_r' is at its minimum fiber length of 0.00748327.
[warning] Thelen2003Muscle initialization: 'glut_med3_r' is at its minimum fiber length of 0.0211377.
[warning] Thelen2003Muscle initialization: 'peri_r' is at its minimum fiber length of 0.00453760.
[warning] Thelen2003Muscle initialization: 'tfl_r' is at its minimum fiber length of 0.00499696.
[warning] Thelen2003Muscle initialization: 'gem_r' is at its minimum fiber length of 0.0.
[warning] Thelen2003Muscle initialization: 'gem_r' is at its minimum fiber length of 0.0.
[warning] Thelen2003Muscle initialization: 'peri_r' is at its minimum fiber length of 0.00453760.
[warning] Thelen2003Muscle initialization: 'gem_r' is at its minimum fiber length of 0.0.
[warning] Thelen2003Muscle initialization: 'glut_med1_r' is at its minimum fiber length of 0.00748327.
[warning] Thelen2003Muscle initialization: 'glut_med3_r' is at its minimum fiber length of 0.0211377.
[warning] Thelen2003Muscle initialization: 'tfl_r' is at its minimum fiber length of 0.00499696.
[warning] Thelen2003Muscle initialization: 'peri_r' is at its minimum fiber length of 0.00453760.
[warning] Thelen2003Muscle initialization: 'gem_r' is at its minimum fiber length of 0.0.
[warning] Thelen2003Muscle initialization: 'glut_med3_r' is at its minimum fiber length of 0.0211377.
[warning] Thelen2003Muscle initialization: 'peri_r' is at its minimum fiber length of 0.00453760.
[warning] Thelen2003Muscle initialization: 'peri_r' is at its minimum fiber length of 0.00453760.
2026-10-06 10:38:33.564 | INFO     | myoconverter.optimization.model_states.OsimMuscleStates:getMuscleForceMaps:272 - Muscle: quad_fem_r
[warning] Thelen2003Muscle initialization: 'quad_fem_r' is at its minimum fiber length of 0.0.
[warning] Thelen2003Muscle initialization: 'quad_fem_r' is at its minimum fiber length of 0.0.
[warning] Thelen2003Muscle initialization: 'gem_r' is at its minimum fiber length of 0.0.
[warning] Thelen2003Muscle initialization: 'gem_r' is at its minimum fiber length of 0.0.
[warning] Thelen2003Muscle initialization: 'peri_r' is at its minimum fiber length of 0.00453760.
[warning] Thelen2003Muscle initialization: 'glut_med3_r' is at its minimum fiber length of 0.0211377.
[warning] Thelen2003Muscle initialization: 'peri_r' is at its minimum fiber length of 0.00453760.
[warning] Thelen2003Muscle initialization: 'glut_med1_r' is at its minimum fiber length of 0.00748327.
[warning] Thelen2003Muscle initialization: 'peri_r' is at its minimum fiber length of 0.00453760.
[warning] Thelen2003Muscle initialization: 'glut_med1_r' is at its minimum fiber length of 0.00748327.
2026-10-06 10:38:33.604 | INFO     | myoconverter.optimization.model_states.OsimMuscleStates:getMuscleForceMaps:272 - Muscle: gem_r
[warning] Thelen2003Muscle initialization: 'gem_r' is at its minimum fiber length of 0.0.
[warning] Thelen2003Muscle initialization: 'peri_r' is at its minimum fiber length of 0.00453760.
[warning] Thelen2003Muscle initialization: 'gem_r' is at its minimum fiber length of 0.0.
[warning] Thelen2003Muscle initialization: 'gem_r' is at its minimum fiber length of 0.0.
[warning] Thelen2003Muscle initialization: 'peri_r' is at its minimum fiber length of 0.00453760.
[warning] Thelen2003Muscle initialization: 'gem_r' is at its minimum fiber length of 0.0.
[warning] Thelen2003Muscle initialization: 'peri_r' is at its minimum fiber length of 0.00453760.
[warning] Thelen2003Muscle initialization: 'gem_r' is at its minimum fiber length of 0.0.
[warning] Thelen2003Muscle initialization: 'gem_r' is at its minimum fiber length of 0.0.
[warning] Thelen2003Muscle initialization: 'peri_r' is at its minimum fiber length of 0.00453760.
[warning] Thelen2003Muscle initialization: 'peri_r' is at its minimum fiber length of 0.00453760.
[warning] Thelen2003Muscle initialization: 'glut_med3_r' is at its minimum fiber length of 0.0211377.
[warning] Thelen2003Muscle initialization: 'peri_r' is at its minimum fiber length of 0.00453760.
[warning] Thelen2003Muscle initialization: 'glut_med1_r' is at its minimum fiber length of 0.00748327.
[warning] Thelen2003Muscle initialization: 'peri_r' is at its minimum fiber length of 0.00453760.
2026-10-06 10:38:33.645 | INFO     | myoconverter.optimization.model_states.OsimMuscleStates:getMuscleForceMaps:272 - Muscle: peri_r
[warning] Thelen2003Muscle initialization: 'glut_med3_r' is at its minimum fiber length of 0.0211377.
[warning] Thelen2003Muscle initialization: 'peri_r' is at its minimum fiber length of 0.00453760.
[warning] Thelen2003Muscle initialization: 'glut_med3_r' is at its minimum fiber length of 0.0211377.
[warning] Thelen2003Muscle initialization: 'peri_r' is at its minimum fiber length of 0.00453760.
[warning] Thelen2003Muscle initialization: 'glut_med3_r' is at its minimum fiber length of 0.0211377.
[warning] Thelen2003Muscle initialization: 'gem_r' is at its minimum fiber length of 0.0.
[warning] Thelen2003Muscle initialization: 'peri_r' is at its minimum fiber length of 0.00453760.
[warning] Thelen2003Muscle initialization: 'glut_med3_r' is at its minimum fiber length of 0.0211377.
[warning] Thelen2003Muscle initialization: 'peri_r' is at its minimum fiber length of 0.00453760.
[warning] Thelen2003Muscle initialization: 'glut_med1_r' is at its minimum fiber length of 0.00748327.
[warning] Thelen2003Muscle initialization: 'glut_med3_r' is at its minimum fiber length of 0.0211377.
[warning] Thelen2003Muscle initialization: 'tfl_r' is at its minimum fiber length of 0.00499696.
[warning] Thelen2003Muscle initialization: 'peri_r' is at its minimum fiber length of 0.00453760.
[warning] Thelen2003Muscle initialization: 'glut_med1_r' is at its minimum fiber length of 0.00748327.
[warning] Thelen2003Muscle initialization: 'peri_r' is at its minimum fiber length of 0.00453760.
[warning] Thelen2003Muscle initialization: 'gem_r' is at its minimum fiber length of 0.0.
[warning] Thelen2003Muscle initialization: 'peri_r' is at its minimum fiber length of 0.00453760.
[warning] Thelen2003Muscle initialization: 'gem_r' is at its minimum fiber length of 0.0.
[warning] Thelen2003Muscle initialization: 'gem_r' is at its minimum fiber length of 0.0.
[warning] Thelen2003Muscle initialization: 'glut_med1_r' is at its minimum fiber length of 0.00748327.
[warning] Thelen2003Muscle initialization: 'gem_r' is at its minimum fiber length of 0.0.
2026-10-06 10:38:33.686 | INFO     | myoconverter.optimization.model_states.OsimMuscleStates:getMuscleForceMaps:272 - Muscle: rect_fem_r
[warning] Thelen2003Muscle initialization: 'glut_med1_r' is at its minimum fiber length of 0.00748327.
[warning] Thelen2003Muscle initialization: 'glut_med3_r' is at its minimum fiber length of 0.0211377.
[warning] Thelen2003Muscle initialization: 'tfl_r' is at its minimum fiber length of 0.00499696.
[warning] Thelen2003Muscle initialization: 'peri_r' is at its minimum fiber length of 0.00453760.
[warning] Thelen2003Muscle initialization: 'glut_med1_r' is at its minimum fiber length of 0.00748327.
[warning] Thelen2003Muscle initialization: 'gem_r' is at its minimum fiber length of 0.0.
[warning] Thelen2003Muscle initialization: 'glut_med1_r' is at its minimum fiber length of 0.00748327.
[warning] Thelen2003Muscle initialization: 'glut_med1_r' is at its minimum fiber length of 0.00748327.
[warning] Thelen2003Muscle initialization: 'gem_r' is at its minimum fiber length of 0.0.
[warning] Thelen2003Muscle initialization: 'peri_r' is at its minimum fiber length of 0.00453760.
[warning] Thelen2003Muscle initialization: 'gem_r' is at its minimum fiber length of 0.0.
[warning] Thelen2003Muscle initialization: 'glut_med1_r' is at its minimum fiber length of 0.00748327.
[warning] Thelen2003Muscle initialization: 'gem_r' is at its minimum fiber length of 0.0.
[warning] Thelen2003Muscle initialization: 'peri_r' is at its minimum fiber length of 0.00453760.
[warning] Thelen2003Muscle initialization: 'gem_r' is at its minimum fiber length of 0.0.
[warning] Thelen2003Muscle initialization: 'peri_r' is at its minimum fiber length of 0.00453760.
2026-10-06 10:38:33.759 | INFO     | myoconverter.optimization.model_states.OsimMuscleStates:getMuscleForceMaps:272 - Muscle: vas_int_r
2026-10-06 10:38:33.778 | INFO     | myoconverter.optimization.model_states.OsimMuscleStates:getMuscleForceMaps:272 - Muscle: med_gas_r
[warning] Thelen2003Muscle initialization: 'med_gas_r' is at its minimum fiber length of 0.026446.
[warning] Thelen2003Muscle initialization: 'soleus_r' is at its minimum fiber length of 0.0212374.
[warning] Thelen2003Muscle initialization: 'med_gas_r' is at its minimum fiber length of 0.026446.
[warning] Thelen2003Muscle initialization: 'soleus_r' is at its minimum fiber length of 0.0212374.
[warning] Thelen2003Muscle initialization: 'soleus_r' is at its minimum fiber length of 0.0212374.
2026-10-06 10:38:33.817 | INFO     | myoconverter.optimization.model_states.OsimMuscleStates:getMuscleForceMaps:272 - Muscle: soleus_r
[warning] Thelen2003Muscle initialization: 'soleus_r' is at its minimum fiber length of 0.0212374.
[warning] Thelen2003Muscle initialization: 'soleus_r' is at its minimum fiber length of 0.0212374.
[warning] Thelen2003Muscle initialization: 'soleus_r' is at its minimum fiber length of 0.0212374.
[warning] Thelen2003Muscle initialization: 'soleus_r' is at its minimum fiber length of 0.0212374.
2026-10-06 10:38:33.841 | INFO     | myoconverter.optimization.model_states.OsimMuscleStates:getMuscleForceMaps:272 - Muscle: tib_post_r
[warning] Thelen2003Muscle initialization: 'soleus_r' is at its minimum fiber length of 0.0212374.
[warning] Thelen2003Muscle initialization: 'soleus_r' is at its minimum fiber length of 0.0212374.
[warning] Thelen2003Muscle initialization: 'soleus_r' is at its minimum fiber length of 0.0212374.
[warning] Thelen2003Muscle initialization: 'soleus_r' is at its minimum fiber length of 0.0212374.
2026-10-06 10:38:33.865 | INFO     | myoconverter.optimization.model_states.OsimMuscleStates:getMuscleForceMaps:272 - Muscle: tib_ant_r
[warning] Thelen2003Muscle initialization: 'soleus_r' is at its minimum fiber length of 0.0212374.
[warning] Thelen2003Muscle initialization: 'soleus_r' is at its minimum fiber length of 0.0212374.
[warning] Thelen2003Muscle initialization: 'soleus_r' is at its minimum fiber length of 0.0212374.
2026-10-06 10:38:33.890 | INFO     | myoconverter.optimization.model_states.OsimMuscleStates:getMuscleForceMaps:272 - Muscle: glut_med1_l
[warning] Thelen2003Muscle initialization: 'glut_med1_l' is at its minimum fiber length of 0.00748327.
[warning] Thelen2003Muscle initialization: 'glut_med1_l' is at its minimum fiber length of 0.00748327.
[warning] Thelen2003Muscle initialization: 'glut_med1_l' is at its minimum fiber length of 0.00748327.
[warning] Thelen2003Muscle initialization: 'glut_med1_l' is at its minimum fiber length of 0.00748327.
[warning] Thelen2003Muscle initialization: 'glut_med3_l' is at its minimum fiber length of 0.0211377.
[warning] Thelen2003Muscle initialization: 'tfl_l' is at its minimum fiber length of 0.00499696.
[warning] Thelen2003Muscle initialization: 'peri_l' is at its minimum fiber length of 0.00453760.
[warning] Thelen2003Muscle initialization: 'glut_med3_l' is at its minimum fiber length of 0.0211377.
[warning] Thelen2003Muscle initialization: 'peri_l' is at its minimum fiber length of 0.00453760.
[warning] Thelen2003Muscle initialization: 'gem_l' is at its minimum fiber length of 0.0.
[warning] Thelen2003Muscle initialization: 'peri_l' is at its minimum fiber length of 0.00453760.
[warning] Thelen2003Muscle initialization: 'gem_l' is at its minimum fiber length of 0.0.
[warning] Thelen2003Muscle initialization: 'peri_l' is at its minimum fiber length of 0.00453760.
[warning] Thelen2003Muscle initialization: 'gem_l' is at its minimum fiber length of 0.0.
[warning] Thelen2003Muscle initialization: 'peri_l' is at its minimum fiber length of 0.00453760.
[warning] Thelen2003Muscle initialization: 'quad_fem_l' is at its minimum fiber length of 0.0.
2026-10-06 10:38:33.932 | INFO     | myoconverter.optimization.model_states.OsimMuscleStates:getMuscleForceMaps:272 - Muscle: glut_med2_l
[warning] Thelen2003Muscle initialization: 'glut_med1_l' is at its minimum fiber length of 0.00748327.
[warning] Thelen2003Muscle initialization: 'peri_l' is at its minimum fiber length of 0.00453760.
[warning] Thelen2003Muscle initialization: 'glut_med3_l' is at its minimum fiber length of 0.0211377.
[warning] Thelen2003Muscle initialization: 'peri_l' is at its minimum fiber length of 0.00453760.
[warning] Thelen2003Muscle initialization: 'glut_med3_l' is at its minimum fiber length of 0.0211377.
[warning] Thelen2003Muscle initialization: 'peri_l' is at its minimum fiber length of 0.00453760.
[warning] Thelen2003Muscle initialization: 'glut_med1_l' is at its minimum fiber length of 0.00748327.
[warning] Thelen2003Muscle initialization: 'glut_med1_l' is at its minimum fiber length of 0.00748327.
[warning] Thelen2003Muscle initialization: 'gem_l' is at its minimum fiber length of 0.0.
[warning] Thelen2003Muscle initialization: 'peri_l' is at its minimum fiber length of 0.00453760.
[warning] Thelen2003Muscle initialization: 'gem_l' is at its minimum fiber length of 0.0.
2026-10-06 10:38:33.972 | INFO     | myoconverter.optimization.model_states.OsimMuscleStates:getMuscleForceMaps:272 - Muscle: glut_med3_l
[warning] Thelen2003Muscle initialization: 'glut_med3_l' is at its minimum fiber length of 0.0211377.
[warning] Thelen2003Muscle initialization: 'peri_l' is at its minimum fiber length of 0.00453760.
[warning] Thelen2003Muscle initialization: 'glut_med3_l' is at its minimum fiber length of 0.0211377.
[warning] Thelen2003Muscle initialization: 'peri_l' is at its minimum fiber length of 0.00453760.
[warning] Thelen2003Muscle initialization: 'glut_med3_l' is at its minimum fiber length of 0.0211377.
[warning] Thelen2003Muscle initialization: 'peri_l' is at its minimum fiber length of 0.00453760.
[warning] Thelen2003Muscle initialization: 'gem_l' is at its minimum fiber length of 0.0.
[warning] Thelen2003Muscle initialization: 'peri_l' is at its minimum fiber length of 0.00453760.
[warning] Thelen2003Muscle initialization: 'glut_med1_l' is at its minimum fiber length of 0.00748327.
[warning] Thelen2003Muscle initialization: 'peri_l' is at its minimum fiber length of 0.00453760.
[warning] Thelen2003Muscle initialization: 'gem_l' is at its minimum fiber length of 0.0.
[warning] Thelen2003Muscle initialization: 'peri_l' is at its minimum fiber length of 0.00453760.
[warning] Thelen2003Muscle initialization: 'gem_l' is at its minimum fiber length of 0.0.
[warning] Thelen2003Muscle initialization: 'peri_l' is at its minimum fiber length of 0.00453760.
[warning] Thelen2003Muscle initialization: 'gem_l' is at its minimum fiber length of 0.0.
2026-10-06 10:38:34.013 | INFO     | myoconverter.optimization.model_states.OsimMuscleStates:getMuscleForceMaps:272 - Muscle: bifemlh_l
[warning] Thelen2003Muscle initialization: 'peri_l' is at its minimum fiber length of 0.00453760.
[warning] Thelen2003Muscle initialization: 'gem_l' is at its minimum fiber length of 0.0.
[warning] Thelen2003Muscle initialization: 'glut_med1_l' is at its minimum fiber length of 0.00748327.
[warning] Thelen2003Muscle initialization: 'quad_fem_l' is at its minimum fiber length of 0.0.
[warning] Thelen2003Muscle initialization: 'gem_l' is at its minimum fiber length of 0.0.
[warning] Thelen2003Muscle initialization: 'gem_l' is at its minimum fiber length of 0.0.
[warning] Thelen2003Muscle initialization: 'peri_l' is at its minimum fiber length of 0.00453760.
[warning] Thelen2003Muscle initialization: 'peri_l' is at its minimum fiber length of 0.00453760.
[warning] Thelen2003Muscle initialization: 'glut_med1_l' is at its minimum fiber length of 0.00748327.
[warning] Thelen2003Muscle initialization: 'tfl_l' is at its minimum fiber length of 0.00499696.
[warning] Thelen2003Muscle initialization: 'glut_med1_l' is at its minimum fiber length of 0.00748327.
[warning] Thelen2003Muscle initialization: 'tfl_l' is at its minimum fiber length of 0.00499696.
2026-10-06 10:38:34.082 | INFO     | myoconverter.optimization.model_states.OsimMuscleStates:getMuscleForceMaps:272 - Muscle: bifemsh_l
2026-10-06 10:38:34.101 | INFO     | myoconverter.optimization.model_states.OsimMuscleStates:getMuscleForceMaps:272 - Muscle: sar_l
[warning] Thelen2003Muscle initialization: 'tfl_l' is at its minimum fiber length of 0.00499696.
[warning] Thelen2003Muscle initialization: 'peri_l' is at its minimum fiber length of 0.00453760.
[warning] Thelen2003Muscle initialization: 'glut_med1_l' is at its minimum fiber length of 0.00748327.
[warning] Thelen2003Muscle initialization: 'tfl_l' is at its minimum fiber length of 0.00499696.
[warning] Thelen2003Muscle initialization: 'glut_med3_l' is at its minimum fiber length of 0.0211377.
[warning] Thelen2003Muscle initialization: 'tfl_l' is at its minimum fiber length of 0.00499696.
[warning] Thelen2003Muscle initialization: 'glut_max1_l' is at its minimum fiber length of 0.0124385.
[warning] Thelen2003Muscle initialization: 'peri_l' is at its minimum fiber length of 0.00453760.
[warning] Thelen2003Muscle initialization: 'gem_l' is at its minimum fiber length of 0.0.
[warning] Thelen2003Muscle initialization: 'peri_l' is at its minimum fiber length of 0.00453760.
[warning] Thelen2003Muscle initialization: 'glut_med1_l' is at its minimum fiber length of 0.00748327.
[warning] Thelen2003Muscle initialization: 'glut_med1_l' is at its minimum fiber length of 0.00748327.
[warning] Thelen2003Muscle initialization: 'gem_l' is at its minimum fiber length of 0.0.
[warning] Thelen2003Muscle initialization: 'glut_med3_l' is at its minimum fiber length of 0.0211377.
[warning] Thelen2003Muscle initialization: 'peri_l' is at its minimum fiber length of 0.00453760.
[warning] Thelen2003Muscle initialization: 'glut_med1_l' is at its minimum fiber length of 0.00748327.
[warning] Thelen2003Muscle initialization: 'gem_l' is at its minimum fiber length of 0.0.
[warning] Thelen2003Muscle initialization: 'peri_l' is at its minimum fiber length of 0.00453760.
[warning] Thelen2003Muscle initialization: 'glut_med3_l' is at its minimum fiber length of 0.0211377.
[warning] Thelen2003Muscle initialization: 'peri_l' is at its minimum fiber length of 0.00453760.
2026-10-06 10:38:34.171 | INFO     | myoconverter.optimization.model_states.OsimMuscleStates:getMuscleForceMaps:272 - Muscle: add_mag2_l
[warning] Thelen2003Muscle initialization: 'peri_l' is at its minimum fiber length of 0.00453760.
[warning] Thelen2003Muscle initialization: 'glut_med3_l' is at its minimum fiber length of 0.0211377.
[warning] Thelen2003Muscle initialization: 'peri_l' is at its minimum fiber length of 0.00453760.
[warning] Thelen2003Muscle initialization: 'gem_l' is at its minimum fiber length of 0.0.
[warning] Thelen2003Muscle initialization: 'gem_l' is at its minimum fiber length of 0.0.
[warning] Thelen2003Muscle initialization: 'peri_l' is at its minimum fiber length of 0.00453760.
[warning] Thelen2003Muscle initialization: 'glut_med1_l' is at its minimum fiber length of 0.00748327.
[warning] Thelen2003Muscle initialization: 'peri_l' is at its minimum fiber length of 0.00453760.
[warning] Thelen2003Muscle initialization: 'glut_med1_l' is at its minimum fiber length of 0.00748327.
[warning] Thelen2003Muscle initialization: 'glut_med1_l' is at its minimum fiber length of 0.00748327.
[warning] Thelen2003Muscle initialization: 'glut_med3_l' is at its minimum fiber length of 0.0211377.
[warning] Thelen2003Muscle initialization: 'peri_l' is at its minimum fiber length of 0.00453760.
[warning] Thelen2003Muscle initialization: 'gem_l' is at its minimum fiber length of 0.0.
[warning] Thelen2003Muscle initialization: 'peri_l' is at its minimum fiber length of 0.00453760.
[warning] Thelen2003Muscle initialization: 'glut_med3_l' is at its minimum fiber length of 0.0211377.
[warning] Thelen2003Muscle initialization: 'tfl_l' is at its minimum fiber length of 0.00499696.
[warning] Thelen2003Muscle initialization: 'glut_max1_l' is at its minimum fiber length of 0.0124385.
[warning] Thelen2003Muscle initialization: 'peri_l' is at its minimum fiber length of 0.00453760.
2026-10-06 10:38:34.212 | INFO     | myoconverter.optimization.model_states.OsimMuscleStates:getMuscleForceMaps:272 - Muscle: tfl_l
[warning] Thelen2003Muscle initialization: 'glut_med3_l' is at its minimum fiber length of 0.0211377.
[warning] Thelen2003Muscle initialization: 'tfl_l' is at its minimum fiber length of 0.00499696.
[warning] Thelen2003Muscle initialization: 'glut_max1_l' is at its minimum fiber length of 0.0124385.
[warning] Thelen2003Muscle initialization: 'peri_l' is at its minimum fiber length of 0.00453760.
[warning] Thelen2003Muscle initialization: 'glut_med3_l' is at its minimum fiber length of 0.0211377.
[warning] Thelen2003Muscle initialization: 'tfl_l' is at its minimum fiber length of 0.00499696.
[warning] Thelen2003Muscle initialization: 'glut_max1_l' is at its minimum fiber length of 0.0124385.
[warning] Thelen2003Muscle initialization: 'peri_l' is at its minimum fiber length of 0.00453760.
[warning] Thelen2003Muscle initialization: 'tfl_l' is at its minimum fiber length of 0.00499696.
[warning] Thelen2003Muscle initialization: 'tfl_l' is at its minimum fiber length of 0.00499696.
[warning] Thelen2003Muscle initialization: 'peri_l' is at its minimum fiber length of 0.00453760.
[warning] Thelen2003Muscle initialization: 'glut_med3_l' is at its minimum fiber length of 0.0211377.
[warning] Thelen2003Muscle initialization: 'peri_l' is at its minimum fiber length of 0.00453760.
[warning] Thelen2003Muscle initialization: 'peri_l' is at its minimum fiber length of 0.00453760.
[warning] Thelen2003Muscle initialization: 'peri_l' is at its minimum fiber length of 0.00453760.
[warning] Thelen2003Muscle initialization: 'glut_med1_l' is at its minimum fiber length of 0.00748327.
[warning] Thelen2003Muscle initialization: 'gem_l' is at its minimum fiber length of 0.0.
[warning] Thelen2003Muscle initialization: 'peri_l' is at its minimum fiber length of 0.00453760.
[warning] Thelen2003Muscle initialization: 'gem_l' is at its minimum fiber length of 0.0.
[warning] Thelen2003Muscle initialization: 'peri_l' is at its minimum fiber length of 0.00453760.
[warning] Thelen2003Muscle initialization: 'gem_l' is at its minimum fiber length of 0.0.
[warning] Thelen2003Muscle initialization: 'peri_l' is at its minimum fiber length of 0.00453760.
2026-10-06 10:38:34.297 | INFO     | myoconverter.optimization.model_states.OsimMuscleStates:getMuscleForceMaps:272 - Muscle: pect_l
[warning] Thelen2003Muscle initialization: 'gem_l' is at its minimum fiber length of 0.0.
[warning] Thelen2003Muscle initialization: 'peri_l' is at its minimum fiber length of 0.00453760.
[warning] Thelen2003Muscle initialization: 'gem_l' is at its minimum fiber length of 0.0.
[warning] Thelen2003Muscle initialization: 'glut_med1_l' is at its minimum fiber length of 0.00748327.
[warning] Thelen2003Muscle initialization: 'glut_med1_l' is at its minimum fiber length of 0.00748327.
[warning] Thelen2003Muscle initialization: 'tfl_l' is at its minimum fiber length of 0.00499696.
[warning] Thelen2003Muscle initialization: 'peri_l' is at its minimum fiber length of 0.00453760.
[warning] Thelen2003Muscle initialization: 'gem_l' is at its minimum fiber length of 0.0.
[warning] Thelen2003Muscle initialization: 'peri_l' is at its minimum fiber length of 0.00453760.
2026-10-06 10:38:34.337 | INFO     | myoconverter.optimization.model_states.OsimMuscleStates:getMuscleForceMaps:272 - Muscle: grac_l
[warning] Thelen2003Muscle initialization: 'glut_med3_l' is at its minimum fiber length of 0.0211377.
[warning] Thelen2003Muscle initialization: 'peri_l' is at its minimum fiber length of 0.00453760.
[warning] Thelen2003Muscle initialization: 'glut_med3_l' is at its minimum fiber length of 0.0211377.
[warning] Thelen2003Muscle initialization: 'peri_l' is at its minimum fiber length of 0.00453760.
[warning] Thelen2003Muscle initialization: 'peri_l' is at its minimum fiber length of 0.00453760.
[warning] Thelen2003Muscle initialization: 'gem_l' is at its minimum fiber length of 0.0.
[warning] Thelen2003Muscle initialization: 'peri_l' is at its minimum fiber length of 0.00453760.
[warning] Thelen2003Muscle initialization: 'glut_med1_l' is at its minimum fiber length of 0.00748327.
[warning] Thelen2003Muscle initialization: 'gem_l' is at its minimum fiber length of 0.0.
[warning] Thelen2003Muscle initialization: 'peri_l' is at its minimum fiber length of 0.00453760.
[warning] Thelen2003Muscle initialization: 'gem_l' is at its minimum fiber length of 0.0.
[warning] Thelen2003Muscle initialization: 'peri_l' is at its minimum fiber length of 0.00453760.
[warning] Thelen2003Muscle initialization: 'glut_med1_l' is at its minimum fiber length of 0.00748327.
[warning] Thelen2003Muscle initialization: 'gem_l' is at its minimum fiber length of 0.0.
[warning] Thelen2003Muscle initialization: 'peri_l' is at its minimum fiber length of 0.00453760.
2026-10-06 10:38:34.408 | INFO     | myoconverter.optimization.model_states.OsimMuscleStates:getMuscleForceMaps:272 - Muscle: glut_max1_l
[warning] Thelen2003Muscle initialization: 'glut_med3_l' is at its minimum fiber length of 0.0211377.
[warning] Thelen2003Muscle initialization: 'tfl_l' is at its minimum fiber length of 0.00499696.
[warning] Thelen2003Muscle initialization: 'glut_max1_l' is at its minimum fiber length of 0.0124385.
[warning] Thelen2003Muscle initialization: 'peri_l' is at its minimum fiber length of 0.00453760.
[warning] Thelen2003Muscle initialization: 'glut_med1_l' is at its minimum fiber length of 0.00748327.
[warning] Thelen2003Muscle initialization: 'glut_med3_l' is at its minimum fiber length of 0.0211377.
[warning] Thelen2003Muscle initialization: 'peri_l' is at its minimum fiber length of 0.00453760.
[warning] Thelen2003Muscle initialization: 'glut_med1_l' is at its minimum fiber length of 0.00748327.
[warning] Thelen2003Muscle initialization: 'glut_med3_l' is at its minimum fiber length of 0.0211377.
[warning] Thelen2003Muscle initialization: 'peri_l' is at its minimum fiber length of 0.00453760.
[warning] Thelen2003Muscle initialization: 'glut_med3_l' is at its minimum fiber length of 0.0211377.
[warning] Thelen2003Muscle initialization: 'peri_l' is at its minimum fiber length of 0.00453760.
[warning] Thelen2003Muscle initialization: 'gem_l' is at its minimum fiber length of 0.0.
[warning] Thelen2003Muscle initialization: 'peri_l' is at its minimum fiber length of 0.00453760.
[warning] Thelen2003Muscle initialization: 'peri_l' is at its minimum fiber length of 0.00453760.
[warning] Thelen2003Muscle initialization: 'tfl_l' is at its minimum fiber length of 0.00499696.
[warning] Thelen2003Muscle initialization: 'peri_l' is at its minimum fiber length of 0.00453760.
[warning] Thelen2003Muscle initialization: 'glut_med1_l' is at its minimum fiber length of 0.00748327.
2026-10-06 10:38:34.449 | INFO     | myoconverter.optimization.model_states.OsimMuscleStates:getMuscleForceMaps:272 - Muscle: glut_max2_l
[warning] Thelen2003Muscle initialization: 'gem_l' is at its minimum fiber length of 0.0.
[warning] Thelen2003Muscle initialization: 'glut_med1_l' is at its minimum fiber length of 0.00748327.
[warning] Thelen2003Muscle initialization: 'glut_med3_l' is at its minimum fiber length of 0.0211377.
[warning] Thelen2003Muscle initialization: 'peri_l' is at its minimum fiber length of 0.00453760.
[warning] Thelen2003Muscle initialization: 'gem_l' is at its minimum fiber length of 0.0.
[warning] Thelen2003Muscle initialization: 'peri_l' is at its minimum fiber length of 0.00453760.
[warning] Thelen2003Muscle initialization: 'glut_med1_l' is at its minimum fiber length of 0.00748327.
[warning] Thelen2003Muscle initialization: 'glut_med3_l' is at its minimum fiber length of 0.0211377.
[warning] Thelen2003Muscle initialization: 'peri_l' is at its minimum fiber length of 0.00453760.
[warning] Thelen2003Muscle initialization: 'gem_l' is at its minimum fiber length of 0.0.
2026-10-06 10:38:34.489 | INFO     | myoconverter.optimization.model_states.OsimMuscleStates:getMuscleForceMaps:272 - Muscle: glut_max3_l
[warning] Thelen2003Muscle initialization: 'glut_max3_l' is at its minimum fiber length of 0.0126137.
[warning] Thelen2003Muscle initialization: 'glut_med3_l' is at its minimum fiber length of 0.0211377.
[warning] Thelen2003Muscle initialization: 'peri_l' is at its minimum fiber length of 0.00453760.
[warning] Thelen2003Muscle initialization: 'glut_med3_l' is at its minimum fiber length of 0.0211377.
[warning] Thelen2003Muscle initialization: 'peri_l' is at its minimum fiber length of 0.00453760.
[warning] Thelen2003Muscle initialization: 'gem_l' is at its minimum fiber length of 0.0.
[warning] Thelen2003Muscle initialization: 'gem_l' is at its minimum fiber length of 0.0.
[warning] Thelen2003Muscle initialization: 'gem_l' is at its minimum fiber length of 0.0.
[warning] Thelen2003Muscle initialization: 'peri_l' is at its minimum fiber length of 0.00453760.
[warning] Thelen2003Muscle initialization: 'glut_med1_l' is at its minimum fiber length of 0.00748327.
[warning] Thelen2003Muscle initialization: 'glut_med1_l' is at its minimum fiber length of 0.00748327.
2026-10-06 10:38:34.532 | INFO     | myoconverter.optimization.model_states.OsimMuscleStates:getMuscleForceMaps:272 - Muscle: iliacus_l
[warning] Thelen2003Muscle initialization: 'glut_med1_l' is at its minimum fiber length of 0.00748327.
[warning] Thelen2003Muscle initialization: 'glut_med3_l' is at its minimum fiber length of 0.0211377.
[warning] Thelen2003Muscle initialization: 'peri_l' is at its minimum fiber length of 0.00453760.
[warning] Thelen2003Muscle initialization: 'glut_med1_l' is at its minimum fiber length of 0.00748327.
[warning] Thelen2003Muscle initialization: 'glut_med3_l' is at its minimum fiber length of 0.0211377.
[warning] Thelen2003Muscle initialization: 'peri_l' is at its minimum fiber length of 0.00453760.
[warning] Thelen2003Muscle initialization: 'glut_med1_l' is at its minimum fiber length of 0.00748327.
[warning] Thelen2003Muscle initialization: 'peri_l' is at its minimum fiber length of 0.00453760.
[warning] Thelen2003Muscle initialization: 'glut_med1_l' is at its minimum fiber length of 0.00748327.
[warning] Thelen2003Muscle initialization: 'glut_med3_l' is at its minimum fiber length of 0.0211377.
[warning] Thelen2003Muscle initialization: 'tfl_l' is at its minimum fiber length of 0.00499696.
[warning] Thelen2003Muscle initialization: 'peri_l' is at its minimum fiber length of 0.00453760.
[warning] Thelen2003Muscle initialization: 'glut_med1_l' is at its minimum fiber length of 0.00748327.
[warning] Thelen2003Muscle initialization: 'peri_l' is at its minimum fiber length of 0.00453760.
[warning] Thelen2003Muscle initialization: 'peri_l' is at its minimum fiber length of 0.00453760.
2026-10-06 10:38:34.573 | INFO     | myoconverter.optimization.model_states.OsimMuscleStates:getMuscleForceMaps:272 - Muscle: psoas_l
[warning] Thelen2003Muscle initialization: 'tfl_l' is at its minimum fiber length of 0.00499696.
[warning] Thelen2003Muscle initialization: 'glut_med1_l' is at its minimum fiber length of 0.00748327.
[warning] Thelen2003Muscle initialization: 'glut_med3_l' is at its minimum fiber length of 0.0211377.
[warning] Thelen2003Muscle initialization: 'peri_l' is at its minimum fiber length of 0.00453760.
[warning] Thelen2003Muscle initialization: 'tfl_l' is at its minimum fiber length of 0.00499696.
[warning] Thelen2003Muscle initialization: 'gem_l' is at its minimum fiber length of 0.0.
[warning] Thelen2003Muscle initialization: 'gem_l' is at its minimum fiber length of 0.0.
[warning] Thelen2003Muscle initialization: 'peri_l' is at its minimum fiber length of 0.00453760.
[warning] Thelen2003Muscle initialization: 'gem_l' is at its minimum fiber length of 0.0.
[warning] Thelen2003Muscle initialization: 'glut_med1_l' is at its minimum fiber length of 0.00748327.
[warning] Thelen2003Muscle initialization: 'glut_med3_l' is at its minimum fiber length of 0.0211377.
[warning] Thelen2003Muscle initialization: 'tfl_l' is at its minimum fiber length of 0.00499696.
[warning] Thelen2003Muscle initialization: 'peri_l' is at its minimum fiber length of 0.00453760.
[warning] Thelen2003Muscle initialization: 'gem_l' is at its minimum fiber length of 0.0.
[warning] Thelen2003Muscle initialization: 'glut_med3_l' is at its minimum fiber length of 0.0211377.
[warning] Thelen2003Muscle initialization: 'peri_l' is at its minimum fiber length of 0.00453760.
[warning] Thelen2003Muscle initialization: 'peri_l' is at its minimum fiber length of 0.00453760.
2026-10-06 10:38:34.614 | INFO     | myoconverter.optimization.model_states.OsimMuscleStates:getMuscleForceMaps:272 - Muscle: quad_fem_l
[warning] Thelen2003Muscle initialization: 'quad_fem_l' is at its minimum fiber length of 0.0.
[warning] Thelen2003Muscle initialization: 'quad_fem_l' is at its minimum fiber length of 0.0.
[warning] Thelen2003Muscle initialization: 'gem_l' is at its minimum fiber length of 0.0.
[warning] Thelen2003Muscle initialization: 'gem_l' is at its minimum fiber length of 0.0.
[warning] Thelen2003Muscle initialization: 'peri_l' is at its minimum fiber length of 0.00453760.
[warning] Thelen2003Muscle initialization: 'glut_med3_l' is at its minimum fiber length of 0.0211377.
[warning] Thelen2003Muscle initialization: 'peri_l' is at its minimum fiber length of 0.00453760.
[warning] Thelen2003Muscle initialization: 'glut_med1_l' is at its minimum fiber length of 0.00748327.
[warning] Thelen2003Muscle initialization: 'peri_l' is at its minimum fiber length of 0.00453760.
[warning] Thelen2003Muscle initialization: 'glut_med1_l' is at its minimum fiber length of 0.00748327.
2026-10-06 10:38:34.654 | INFO     | myoconverter.optimization.model_states.OsimMuscleStates:getMuscleForceMaps:272 - Muscle: gem_l
[warning] Thelen2003Muscle initialization: 'gem_l' is at its minimum fiber length of 0.0.
[warning] Thelen2003Muscle initialization: 'peri_l' is at its minimum fiber length of 0.00453760.
[warning] Thelen2003Muscle initialization: 'gem_l' is at its minimum fiber length of 0.0.
[warning] Thelen2003Muscle initialization: 'gem_l' is at its minimum fiber length of 0.0.
[warning] Thelen2003Muscle initialization: 'peri_l' is at its minimum fiber length of 0.00453760.
[warning] Thelen2003Muscle initialization: 'gem_l' is at its minimum fiber length of 0.0.
[warning] Thelen2003Muscle initialization: 'peri_l' is at its minimum fiber length of 0.00453760.
[warning] Thelen2003Muscle initialization: 'gem_l' is at its minimum fiber length of 0.0.
[warning] Thelen2003Muscle initialization: 'gem_l' is at its minimum fiber length of 0.0.
[warning] Thelen2003Muscle initialization: 'peri_l' is at its minimum fiber length of 0.00453760.
[warning] Thelen2003Muscle initialization: 'peri_l' is at its minimum fiber length of 0.00453760.
[warning] Thelen2003Muscle initialization: 'glut_med3_l' is at its minimum fiber length of 0.0211377.
[warning] Thelen2003Muscle initialization: 'peri_l' is at its minimum fiber length of 0.00453760.
[warning] Thelen2003Muscle initialization: 'glut_med1_l' is at its minimum fiber length of 0.00748327.
[warning] Thelen2003Muscle initialization: 'peri_l' is at its minimum fiber length of 0.00453760.
2026-10-06 10:38:34.694 | INFO     | myoconverter.optimization.model_states.OsimMuscleStates:getMuscleForceMaps:272 - Muscle: peri_l
[warning] Thelen2003Muscle initialization: 'glut_med3_l' is at its minimum fiber length of 0.0211377.
[warning] Thelen2003Muscle initialization: 'peri_l' is at its minimum fiber length of 0.00453760.
[warning] Thelen2003Muscle initialization: 'glut_med3_l' is at its minimum fiber length of 0.0211377.
[warning] Thelen2003Muscle initialization: 'peri_l' is at its minimum fiber length of 0.00453760.
[warning] Thelen2003Muscle initialization: 'glut_med3_l' is at its minimum fiber length of 0.0211377.
[warning] Thelen2003Muscle initialization: 'gem_l' is at its minimum fiber length of 0.0.
[warning] Thelen2003Muscle initialization: 'peri_l' is at its minimum fiber length of 0.00453760.
[warning] Thelen2003Muscle initialization: 'glut_med3_l' is at its minimum fiber length of 0.0211377.
[warning] Thelen2003Muscle initialization: 'peri_l' is at its minimum fiber length of 0.00453760.
[warning] Thelen2003Muscle initialization: 'glut_med1_l' is at its minimum fiber length of 0.00748327.
[warning] Thelen2003Muscle initialization: 'glut_med3_l' is at its minimum fiber length of 0.0211377.
[warning] Thelen2003Muscle initialization: 'tfl_l' is at its minimum fiber length of 0.00499696.
[warning] Thelen2003Muscle initialization: 'peri_l' is at its minimum fiber length of 0.00453760.
[warning] Thelen2003Muscle initialization: 'glut_med1_l' is at its minimum fiber length of 0.00748327.
[warning] Thelen2003Muscle initialization: 'peri_l' is at its minimum fiber length of 0.00453760.
[warning] Thelen2003Muscle initialization: 'gem_l' is at its minimum fiber length of 0.0.
[warning] Thelen2003Muscle initialization: 'peri_l' is at its minimum fiber length of 0.00453760.
[warning] Thelen2003Muscle initialization: 'gem_l' is at its minimum fiber length of 0.0.
[warning] Thelen2003Muscle initialization: 'gem_l' is at its minimum fiber length of 0.0.
[warning] Thelen2003Muscle initialization: 'glut_med1_l' is at its minimum fiber length of 0.00748327.
[warning] Thelen2003Muscle initialization: 'gem_l' is at its minimum fiber length of 0.0.
2026-10-06 10:38:34.735 | INFO     | myoconverter.optimization.model_states.OsimMuscleStates:getMuscleForceMaps:272 - Muscle: rect_fem_l
[warning] Thelen2003Muscle initialization: 'glut_med1_l' is at its minimum fiber length of 0.00748327.
[warning] Thelen2003Muscle initialization: 'glut_med3_l' is at its minimum fiber length of 0.0211377.
[warning] Thelen2003Muscle initialization: 'tfl_l' is at its minimum fiber length of 0.00499696.
[warning] Thelen2003Muscle initialization: 'peri_l' is at its minimum fiber length of 0.00453760.
[warning] Thelen2003Muscle initialization: 'glut_med1_l' is at its minimum fiber length of 0.00748327.
[warning] Thelen2003Muscle initialization: 'gem_l' is at its minimum fiber length of 0.0.
[warning] Thelen2003Muscle initialization: 'glut_med1_l' is at its minimum fiber length of 0.00748327.
[warning] Thelen2003Muscle initialization: 'glut_med1_l' is at its minimum fiber length of 0.00748327.
[warning] Thelen2003Muscle initialization: 'gem_l' is at its minimum fiber length of 0.0.
[warning] Thelen2003Muscle initialization: 'peri_l' is at its minimum fiber length of 0.00453760.
[warning] Thelen2003Muscle initialization: 'gem_l' is at its minimum fiber length of 0.0.
[warning] Thelen2003Muscle initialization: 'glut_med1_l' is at its minimum fiber length of 0.00748327.
[warning] Thelen2003Muscle initialization: 'gem_l' is at its minimum fiber length of 0.0.
[warning] Thelen2003Muscle initialization: 'peri_l' is at its minimum fiber length of 0.00453760.
[warning] Thelen2003Muscle initialization: 'gem_l' is at its minimum fiber length of 0.0.
[warning] Thelen2003Muscle initialization: 'peri_l' is at its minimum fiber length of 0.00453760.
2026-10-06 10:38:34.805 | INFO     | myoconverter.optimization.model_states.OsimMuscleStates:getMuscleForceMaps:272 - Muscle: vas_int_l
2026-10-06 10:38:34.824 | INFO     | myoconverter.optimization.model_states.OsimMuscleStates:getMuscleForceMaps:272 - Muscle: med_gas_l
[warning] Thelen2003Muscle initialization: 'med_gas_l' is at its minimum fiber length of 0.026446.
[warning] Thelen2003Muscle initialization: 'soleus_l' is at its minimum fiber length of 0.0212374.
[warning] Thelen2003Muscle initialization: 'med_gas_l' is at its minimum fiber length of 0.026446.
[warning] Thelen2003Muscle initialization: 'soleus_l' is at its minimum fiber length of 0.0212374.
[warning] Thelen2003Muscle initialization: 'soleus_l' is at its minimum fiber length of 0.0212374.
2026-10-06 10:38:34.863 | INFO     | myoconverter.optimization.model_states.OsimMuscleStates:getMuscleForceMaps:272 - Muscle: soleus_l
[warning] Thelen2003Muscle initialization: 'soleus_l' is at its minimum fiber length of 0.0212374.
[warning] Thelen2003Muscle initialization: 'soleus_l' is at its minimum fiber length of 0.0212374.
[warning] Thelen2003Muscle initialization: 'soleus_l' is at its minimum fiber length of 0.0212374.
[warning] Thelen2003Muscle initialization: 'soleus_l' is at its minimum fiber length of 0.0212374.
2026-10-06 10:38:34.887 | INFO     | myoconverter.optimization.model_states.OsimMuscleStates:getMuscleForceMaps:272 - Muscle: tib_post_l
[warning] Thelen2003Muscle initialization: 'soleus_l' is at its minimum fiber length of 0.0212374.
[warning] Thelen2003Muscle initialization: 'soleus_l' is at its minimum fiber length of 0.0212374.
[warning] Thelen2003Muscle initialization: 'soleus_l' is at its minimum fiber length of 0.0212374.
[warning] Thelen2003Muscle initialization: 'soleus_l' is at its minimum fiber length of 0.0212374.
2026-10-06 10:38:34.911 | INFO     | myoconverter.optimization.model_states.OsimMuscleStates:getMuscleForceMaps:272 - Muscle: tib_ant_l
[warning] Thelen2003Muscle initialization: 'soleus_l' is at its minimum fiber length of 0.0212374.
[warning] Thelen2003Muscle initialization: 'soleus_l' is at its minimum fiber length of 0.0212374.
[warning] Thelen2003Muscle initialization: 'soleus_l' is at its minimum fiber length of 0.0212374.
2026-10-06 10:38:34.934 | INFO     | myoconverter.optimization.model_states.OsimMuscleStates:getMuscleForceMaps:272 - Muscle: ercspn_r
[warning] Thelen2003Muscle initialization: 'intobl_r' is at its minimum fiber length of 0.0.
[warning] Thelen2003Muscle initialization: 'intobl_r' is at its minimum fiber length of 0.0.
[warning] Thelen2003Muscle initialization: 'intobl_l' is at its minimum fiber length of 0.0.
[warning] Thelen2003Muscle initialization: 'extobl_l' is at its minimum fiber length of 0.0.
[warning] Thelen2003Muscle initialization: 'intobl_l' is at its minimum fiber length of 0.0.
2026-10-06 10:38:34.974 | INFO     | myoconverter.optimization.model_states.OsimMuscleStates:getMuscleForceMaps:272 - Muscle: ercspn_l
[warning] Thelen2003Muscle initialization: 'intobl_l' is at its minimum fiber length of 0.0.
[warning] Thelen2003Muscle initialization: 'intobl_l' is at its minimum fiber length of 0.0.
[warning] Thelen2003Muscle initialization: 'intobl_r' is at its minimum fiber length of 0.0.
[warning] Thelen2003Muscle initialization: 'extobl_r' is at its minimum fiber length of 0.0.
[warning] Thelen2003Muscle initialization: 'intobl_r' is at its minimum fiber length of 0.0.
2026-10-06 10:38:35.013 | INFO     | myoconverter.optimization.model_states.OsimMuscleStates:getMuscleForceMaps:272 - Muscle: intobl_r
[warning] Thelen2003Muscle initialization: 'intobl_r' is at its minimum fiber length of 0.0.
[warning] Thelen2003Muscle initialization: 'extobl_r' is at its minimum fiber length of 0.0.
[warning] Thelen2003Muscle initialization: 'intobl_r' is at its minimum fiber length of 0.0.
[warning] Thelen2003Muscle initialization: 'extobl_l' is at its minimum fiber length of 0.0.
[warning] Thelen2003Muscle initialization: 'intobl_r' is at its minimum fiber length of 0.0.
[warning] Thelen2003Muscle initialization: 'intobl_r' is at its minimum fiber length of 0.0.
[warning] Thelen2003Muscle initialization: 'extobl_r' is at its minimum fiber length of 0.0.
[warning] Thelen2003Muscle initialization: 'intobl_l' is at its minimum fiber length of 0.0.
[warning] Thelen2003Muscle initialization: 'extobl_r' is at its minimum fiber length of 0.0.
[warning] Thelen2003Muscle initialization: 'intobl_l' is at its minimum fiber length of 0.0.
2026-10-06 10:38:35.052 | INFO     | myoconverter.optimization.model_states.OsimMuscleStates:getMuscleForceMaps:272 - Muscle: intobl_l
[warning] Thelen2003Muscle initialization: 'intobl_l' is at its minimum fiber length of 0.0.
[warning] Thelen2003Muscle initialization: 'extobl_l' is at its minimum fiber length of 0.0.
[warning] Thelen2003Muscle initialization: 'intobl_l' is at its minimum fiber length of 0.0.
[warning] Thelen2003Muscle initialization: 'extobl_r' is at its minimum fiber length of 0.0.
[warning] Thelen2003Muscle initialization: 'intobl_l' is at its minimum fiber length of 0.0.
[warning] Thelen2003Muscle initialization: 'intobl_l' is at its minimum fiber length of 0.0.
[warning] Thelen2003Muscle initialization: 'extobl_l' is at its minimum fiber length of 0.0.
[warning] Thelen2003Muscle initialization: 'intobl_r' is at its minimum fiber length of 0.0.
[warning] Thelen2003Muscle initialization: 'extobl_l' is at its minimum fiber length of 0.0.
[warning] Thelen2003Muscle initialization: 'intobl_r' is at its minimum fiber length of 0.0.
2026-10-06 10:38:35.091 | INFO     | myoconverter.optimization.model_states.OsimMuscleStates:getMuscleForceMaps:272 - Muscle: extobl_r
[warning] Thelen2003Muscle initialization: 'extobl_r' is at its minimum fiber length of 0.0.
[warning] Thelen2003Muscle initialization: 'intobl_l' is at its minimum fiber length of 0.0.
[warning] Thelen2003Muscle initialization: 'extobl_r' is at its minimum fiber length of 0.0.
[warning] Thelen2003Muscle initialization: 'intobl_r' is at its minimum fiber length of 0.0.
[warning] Thelen2003Muscle initialization: 'extobl_r' is at its minimum fiber length of 0.0.
[warning] Thelen2003Muscle initialization: 'extobl_r' is at its minimum fiber length of 0.0.
[warning] Thelen2003Muscle initialization: 'extobl_r' is at its minimum fiber length of 0.0.
[warning] Thelen2003Muscle initialization: 'intobl_l' is at its minimum fiber length of 0.0.
[warning] Thelen2003Muscle initialization: 'intobl_r' is at its minimum fiber length of 0.0.
[warning] Thelen2003Muscle initialization: 'intobl_l' is at its minimum fiber length of 0.0.
[warning] Thelen2003Muscle initialization: 'extobl_l' is at its minimum fiber length of 0.0.
[warning] Thelen2003Muscle initialization: 'intobl_l' is at its minimum fiber length of 0.0.
[warning] Thelen2003Muscle initialization: 'extobl_l' is at its minimum fiber length of 0.0.
2026-10-06 10:38:35.131 | INFO     | myoconverter.optimization.model_states.OsimMuscleStates:getMuscleForceMaps:272 - Muscle: extobl_l
[warning] Thelen2003Muscle initialization: 'extobl_l' is at its minimum fiber length of 0.0.
[warning] Thelen2003Muscle initialization: 'intobl_r' is at its minimum fiber length of 0.0.
[warning] Thelen2003Muscle initialization: 'extobl_l' is at its minimum fiber length of 0.0.
[warning] Thelen2003Muscle initialization: 'intobl_l' is at its minimum fiber length of 0.0.
[warning] Thelen2003Muscle initialization: 'extobl_l' is at its minimum fiber length of 0.0.
[warning] Thelen2003Muscle initialization: 'extobl_l' is at its minimum fiber length of 0.0.
[warning] Thelen2003Muscle initialization: 'extobl_l' is at its minimum fiber length of 0.0.
[warning] Thelen2003Muscle initialization: 'intobl_r' is at its minimum fiber length of 0.0.
[warning] Thelen2003Muscle initialization: 'intobl_l' is at its minimum fiber length of 0.0.
[warning] Thelen2003Muscle initialization: 'intobl_r' is at its minimum fiber length of 0.0.
[warning] Thelen2003Muscle initialization: 'extobl_r' is at its minimum fiber length of 0.0.
[warning] Thelen2003Muscle initialization: 'intobl_r' is at its minimum fiber length of 0.0.
[warning] Thelen2003Muscle initialization: 'extobl_r' is at its minimum fiber length of 0.0.
2026-10-06 10:38:35.192 | INFO     | myoconverter.conversion_steps.O2MStep3:__init__:195 - Finished cvt3 initialize ...
2026-10-06 10:38:35.192 | INFO     | myoconverter.conversion_steps.O2MSteps:PipelineExecution:260 - Started step 3 conversion - cvt3.
2026-10-06 10:38:35.193 | INFO     | myoconverter.conversion_steps.O2MStep3:optMuscleForce:208 - Running MF optimization with the given muscle list one by one
2026-10-06 10:38:35.200 | INFO     | myoconverter.conversion_steps.O2MStep3:optMuscleForce:273 - Muscle : glut_med1_r 
2026-10-06 10:38:35.436 | INFO     | myoconverter.optimization.utils.UtilsForceOpt:fmOptPSO_cust:189 -         PSO iteration: 0 ; 0 percentage similarities; Best obj: 0.16045
2026-10-06 10:38:35.534 | INFO     | myoconverter.optimization.utils.UtilsForceOpt:fmOptPSO_cust:189 -         PSO iteration: 1 ; 1 percentage similarities; Best obj: 0.16045
2026-10-06 10:38:35.626 | INFO     | myoconverter.optimization.utils.UtilsForceOpt:fmOptPSO_cust:189 -         PSO iteration: 2 ; 1 percentage similarities; Best obj: 0.16045
2026-10-06 10:38:35.724 | INFO     | myoconverter.optimization.utils.UtilsForceOpt:fmOptPSO_cust:189 -         PSO iteration: 3 ; 1 percentage similarities; Best obj: 0.16045
2026-10-06 10:38:35.818 | INFO     | myoconverter.optimization.utils.UtilsForceOpt:fmOptPSO_cust:189 -         PSO iteration: 4 ; 1 percentage similarities; Best obj: 0.16045
2026-10-06 10:38:35.917 | INFO     | myoconverter.optimization.utils.UtilsForceOpt:fmOptPSO_cust:189 -         PSO iteration: 5 ; 1 percentage similarities; Best obj: 0.1458
2026-10-06 10:38:36.019 | INFO     | myoconverter.optimization.utils.UtilsForceOpt:fmOptPSO_cust:189 -         PSO iteration: 6 ; 1 percentage similarities; Best obj: 0.13864
2026-10-06 10:38:36.120 | INFO     | myoconverter.optimization.utils.UtilsForceOpt:fmOptPSO_cust:189 -         PSO iteration: 7 ; 1 percentage similarities; Best obj: 0.13712
2026-10-06 10:38:36.222 | INFO     | myoconverter.optimization.utils.UtilsForceOpt:fmOptPSO_cust:189 -         PSO iteration: 8 ; 1 percentage similarities; Best obj: 0.13647
2026-10-06 10:38:36.320 | INFO     | myoconverter.optimization.utils.UtilsForceOpt:fmOptPSO_cust:189 -         PSO iteration: 9 ; 2 percentage similarities; Best obj: 0.12951
2026-10-06 10:38:36.433 | INFO     | myoconverter.optimization.utils.UtilsForceOpt:fmOptPSO_cust:189 -         PSO iteration: 10 ; 2 percentage similarities; Best obj: 0.12817
2026-10-06 10:38:36.540 | INFO     | myoconverter.optimization.utils.UtilsForceOpt:fmOptPSO_cust:189 -         PSO iteration: 11 ; 2 percentage similarities; Best obj: 0.1279
2026-10-06 10:38:36.648 | INFO     | myoconverter.optimization.utils.UtilsForceOpt:fmOptPSO_cust:189 -         PSO iteration: 12 ; 4 percentage similarities; Best obj: 0.1277
2026-10-06 10:38:36.771 | INFO     | myoconverter.optimization.utils.UtilsForceOpt:fmOptPSO_cust:189 -         PSO iteration: 13 ; 4 percentage similarities; Best obj: 0.12734
2026-10-06 10:38:36.874 | INFO     | myoconverter.optimization.utils.UtilsForceOpt:fmOptPSO_cust:189 -         PSO iteration: 14 ; 4 percentage similarities; Best obj: 0.1266
2026-10-06 10:38:36.972 | INFO     | myoconverter.optimization.utils.UtilsForceOpt:fmOptPSO_cust:189 -         PSO iteration: 15 ; 4 percentage similarities; Best obj: 0.12646
2026-10-06 10:38:37.075 | INFO     | myoconverter.optimization.utils.UtilsForceOpt:fmOptPSO_cust:189 -         PSO iteration: 16 ; 6 percentage similarities; Best obj: 0.12643
2026-10-06 10:38:37.176 | INFO     | myoconverter.optimization.utils.UtilsForceOpt:fmOptPSO_cust:189 -         PSO iteration: 17 ; 6 percentage similarities; Best obj: 0.12631
2026-10-06 10:38:37.276 | INFO     | myoconverter.optimization.utils.UtilsForceOpt:fmOptPSO_cust:189 -         PSO iteration: 18 ; 10 percentage similarities; Best obj: 0.12628
2026-10-06 10:38:37.379 | INFO     | myoconverter.optimization.utils.UtilsForceOpt:fmOptPSO_cust:189 -         PSO iteration: 19 ; 15 percentage similarities; Best obj: 0.12628
2026-10-06 10:38:37.479 | INFO     | myoconverter.optimization.utils.UtilsForceOpt:fmOptPSO_cust:189 -         PSO iteration: 20 ; 26 percentage similarities; Best obj: 0.12626
2026-10-06 10:38:37.582 | INFO     | myoconverter.optimization.utils.UtilsForceOpt:fmOptPSO_cust:189 -         PSO iteration: 21 ; 39 percentage similarities; Best obj: 0.12626
2026-10-06 10:38:37.687 | INFO     | myoconverter.optimization.utils.UtilsForceOpt:fmOptPSO_cust:189 -         PSO iteration: 22 ; 41 percentage similarities; Best obj: 0.12626
2026-10-06 10:38:37.789 | INFO     | myoconverter.optimization.utils.UtilsForceOpt:fmOptPSO_cust:189 -         PSO iteration: 23 ; 48 percentage similarities; Best obj: 0.12625
2026-10-06 10:38:37.790 | INFO     | myoconverter.optimization.utils.UtilsForceOpt:fmOptPSO_cust:197 -         Break the optimization, since certain number of similar particles reached
2026-10-06 10:38:37.806 | INFO     | myoconverter.conversion_steps.O2MStep3:optMuscleForce:273 - Muscle : glut_med2_r 
2026-10-06 10:38:38.088 | INFO     | myoconverter.optimization.utils.UtilsForceOpt:fmOptPSO_cust:189 -         PSO iteration: 0 ; 0 percentage similarities; Best obj: 0.11674
2026-10-06 10:38:38.198 | INFO     | myoconverter.optimization.utils.UtilsForceOpt:fmOptPSO_cust:189 -         PSO iteration: 1 ; 1 percentage similarities; Best obj: 0.10706
2026-10-06 10:38:38.312 | INFO     | myoconverter.optimization.utils.UtilsForceOpt:fmOptPSO_cust:189 -         PSO iteration: 2 ; 1 percentage similarities; Best obj: 0.09599
2026-10-06 10:38:38.416 | INFO     | myoconverter.optimization.utils.UtilsForceOpt:fmOptPSO_cust:189 -         PSO iteration: 3 ; 2 percentage similarities; Best obj: 0.07569
2026-10-06 10:38:38.524 | INFO     | myoconverter.optimization.utils.UtilsForceOpt:fmOptPSO_cust:189 -         PSO iteration: 4 ; 1 percentage similarities; Best obj: 0.06747
2026-10-06 10:38:38.630 | INFO     | myoconverter.optimization.utils.UtilsForceOpt:fmOptPSO_cust:189 -         PSO iteration: 5 ; 2 percentage similarities; Best obj: 0.06381
2026-10-06 10:38:38.735 | INFO     | myoconverter.optimization.utils.UtilsForceOpt:fmOptPSO_cust:189 -         PSO iteration: 6 ; 2 percentage similarities; Best obj: 0.06037
2026-10-06 10:38:38.845 | INFO     | myoconverter.optimization.utils.UtilsForceOpt:fmOptPSO_cust:189 -         PSO iteration: 7 ; 1 percentage similarities; Best obj: 0.05793
2026-10-06 10:38:38.952 | INFO     | myoconverter.optimization.utils.UtilsForceOpt:fmOptPSO_cust:189 -         PSO iteration: 8 ; 1 percentage similarities; Best obj: 0.0549
2026-10-06 10:38:39.060 | INFO     | myoconverter.optimization.utils.UtilsForceOpt:fmOptPSO_cust:189 -         PSO iteration: 9 ; 2 percentage similarities; Best obj: 0.05361
2026-10-06 10:38:39.169 | INFO     | myoconverter.optimization.utils.UtilsForceOpt:fmOptPSO_cust:189 -         PSO iteration: 10 ; 4 percentage similarities; Best obj: 0.0498
2026-10-06 10:38:39.279 | INFO     | myoconverter.optimization.utils.UtilsForceOpt:fmOptPSO_cust:189 -         PSO iteration: 11 ; 1 percentage similarities; Best obj: 0.04894
2026-10-06 10:38:39.387 | INFO     | myoconverter.optimization.utils.UtilsForceOpt:fmOptPSO_cust:189 -         PSO iteration: 12 ; 1 percentage similarities; Best obj: 0.04678
2026-10-06 10:38:39.496 | INFO     | myoconverter.optimization.utils.UtilsForceOpt:fmOptPSO_cust:189 -         PSO iteration: 13 ; 1 percentage similarities; Best obj: 0.0455
2026-10-06 10:38:39.604 | INFO     | myoconverter.optimization.utils.UtilsForceOpt:fmOptPSO_cust:189 -         PSO iteration: 14 ; 1 percentage similarities; Best obj: 0.04495
2026-10-06 10:38:39.716 | INFO     | myoconverter.optimization.utils.UtilsForceOpt:fmOptPSO_cust:189 -         PSO iteration: 15 ; 2 percentage similarities; Best obj: 0.04461
2026-10-06 10:38:39.824 | INFO     | myoconverter.optimization.utils.UtilsForceOpt:fmOptPSO_cust:189 -         PSO iteration: 16 ; 2 percentage similarities; Best obj: 0.04448
2026-10-06 10:38:39.936 | INFO     | myoconverter.optimization.utils.UtilsForceOpt:fmOptPSO_cust:189 -         PSO iteration: 17 ; 4 percentage similarities; Best obj: 0.04413
2026-10-06 10:38:40.045 | INFO     | myoconverter.optimization.utils.UtilsForceOpt:fmOptPSO_cust:189 -         PSO iteration: 18 ; 4 percentage similarities; Best obj: 0.04405
2026-10-06 10:38:40.156 | INFO     | myoconverter.optimization.utils.UtilsForceOpt:fmOptPSO_cust:189 -         PSO iteration: 19 ; 4 percentage similarities; Best obj: 0.04391
2026-10-06 10:38:40.266 | INFO     | myoconverter.optimization.utils.UtilsForceOpt:fmOptPSO_cust:189 -         PSO iteration: 20 ; 6 percentage similarities; Best obj: 0.04374
2026-10-06 10:38:40.381 | INFO     | myoconverter.optimization.utils.UtilsForceOpt:fmOptPSO_cust:189 -         PSO iteration: 21 ; 6 percentage similarities; Best obj: 0.0437
2026-10-06 10:38:40.492 | INFO     | myoconverter.optimization.utils.UtilsForceOpt:fmOptPSO_cust:189 -         PSO iteration: 22 ; 6 percentage similarities; Best obj: 0.04369
2026-10-06 10:38:40.604 | INFO     | myoconverter.optimization.utils.UtilsForceOpt:fmOptPSO_cust:189 -         PSO iteration: 23 ; 6 percentage similarities; Best obj: 0.04369
2026-10-06 10:38:40.716 | INFO     | myoconverter.optimization.utils.UtilsForceOpt:fmOptPSO_cust:189 -         PSO iteration: 24 ; 6 percentage similarities; Best obj: 0.04354
2026-10-06 10:38:40.822 | INFO     | myoconverter.optimization.utils.UtilsForceOpt:fmOptPSO_cust:189 -         PSO iteration: 25 ; 8 percentage similarities; Best obj: 0.04349
2026-10-06 10:38:40.931 | INFO     | myoconverter.optimization.utils.UtilsForceOpt:fmOptPSO_cust:189 -         PSO iteration: 26 ; 8 percentage similarities; Best obj: 0.04348
2026-10-06 10:38:41.039 | INFO     | myoconverter.optimization.utils.UtilsForceOpt:fmOptPSO_cust:189 -         PSO iteration: 27 ; 9 percentage similarities; Best obj: 0.04347
2026-10-06 10:38:41.151 | INFO     | myoconverter.optimization.utils.UtilsForceOpt:fmOptPSO_cust:189 -         PSO iteration: 28 ; 9 percentage similarities; Best obj: 0.04341
2026-10-06 10:38:41.261 | INFO     | myoconverter.optimization.utils.UtilsForceOpt:fmOptPSO_cust:189 -         PSO iteration: 29 ; 11 percentage similarities; Best obj: 0.04338
2026-10-06 10:38:41.374 | INFO     | myoconverter.optimization.utils.UtilsForceOpt:fmOptPSO_cust:189 -         PSO iteration: 30 ; 15 percentage similarities; Best obj: 0.04336
2026-10-06 10:38:41.485 | INFO     | myoconverter.optimization.utils.UtilsForceOpt:fmOptPSO_cust:189 -         PSO iteration: 31 ; 16 percentage similarities; Best obj: 0.04334
2026-10-06 10:38:41.666 | INFO     | myoconverter.optimization.utils.UtilsForceOpt:fmOptPSO_cust:189 -         PSO iteration: 32 ; 24 percentage similarities; Best obj: 0.04333
2026-10-06 10:38:41.788 | INFO     | myoconverter.optimization.utils.UtilsForceOpt:fmOptPSO_cust:189 -         PSO iteration: 33 ; 30 percentage similarities; Best obj: 0.04333
2026-10-06 10:38:41.915 | INFO     | myoconverter.optimization.utils.UtilsForceOpt:fmOptPSO_cust:189 -         PSO iteration: 34 ; 38 percentage similarities; Best obj: 0.04332
2026-10-06 10:38:42.029 | INFO     | myoconverter.optimization.utils.UtilsForceOpt:fmOptPSO_cust:189 -         PSO iteration: 35 ; 49 percentage similarities; Best obj: 0.04332
2026-10-06 10:38:42.029 | INFO     | myoconverter.optimization.utils.UtilsForceOpt:fmOptPSO_cust:197 -         Break the optimization, since certain number of similar particles reached
2026-10-06 10:38:42.050 | INFO     | myoconverter.conversion_steps.O2MStep3:optMuscleForce:273 - Muscle : glut_med3_r 
2026-10-06 10:38:42.264 | INFO     | myoconverter.optimization.utils.UtilsForceOpt:fmOptPSO_cust:189 -         PSO iteration: 0 ; 0 percentage similarities; Best obj: 0.12735
2026-10-06 10:38:42.371 | INFO     | myoconverter.optimization.utils.UtilsForceOpt:fmOptPSO_cust:189 -         PSO iteration: 1 ; 1 percentage similarities; Best obj: 0.10416
2026-10-06 10:38:42.477 | INFO     | myoconverter.optimization.utils.UtilsForceOpt:fmOptPSO_cust:189 -         PSO iteration: 2 ; 1 percentage similarities; Best obj: 0.10416
2026-10-06 10:38:42.585 | INFO     | myoconverter.optimization.utils.UtilsForceOpt:fmOptPSO_cust:189 -         PSO iteration: 3 ; 1 percentage similarities; Best obj: 0.10416
2026-10-06 10:38:42.691 | INFO     | myoconverter.optimization.utils.UtilsForceOpt:fmOptPSO_cust:189 -         PSO iteration: 4 ; 1 percentage similarities; Best obj: 0.10416
2026-10-06 10:38:42.799 | INFO     | myoconverter.optimization.utils.UtilsForceOpt:fmOptPSO_cust:189 -         PSO iteration: 5 ; 1 percentage similarities; Best obj: 0.10416
2026-10-06 10:38:42.904 | INFO     | myoconverter.optimization.utils.UtilsForceOpt:fmOptPSO_cust:189 -         PSO iteration: 6 ; 1 percentage similarities; Best obj: 0.10416
2026-10-06 10:38:43.013 | INFO     | myoconverter.optimization.utils.UtilsForceOpt:fmOptPSO_cust:189 -         PSO iteration: 7 ; 1 percentage similarities; Best obj: 0.10416
2026-10-06 10:38:43.120 | INFO     | myoconverter.optimization.utils.UtilsForceOpt:fmOptPSO_cust:189 -         PSO iteration: 8 ; 2 percentage similarities; Best obj: 0.10357
2026-10-06 10:38:43.225 | INFO     | myoconverter.optimization.utils.UtilsForceOpt:fmOptPSO_cust:189 -         PSO iteration: 9 ; 4 percentage similarities; Best obj: 0.09116
2026-10-06 10:38:43.327 | INFO     | myoconverter.optimization.utils.UtilsForceOpt:fmOptPSO_cust:189 -         PSO iteration: 10 ; 1 percentage similarities; Best obj: 0.08837
2026-10-06 10:38:43.438 | INFO     | myoconverter.optimization.utils.UtilsForceOpt:fmOptPSO_cust:189 -         PSO iteration: 11 ; 1 percentage similarities; Best obj: 0.08687
2026-10-06 10:38:43.545 | INFO     | myoconverter.optimization.utils.UtilsForceOpt:fmOptPSO_cust:189 -         PSO iteration: 12 ; 1 percentage similarities; Best obj: 0.08426
2026-10-06 10:38:43.661 | INFO     | myoconverter.optimization.utils.UtilsForceOpt:fmOptPSO_cust:189 -         PSO iteration: 13 ; 1 percentage similarities; Best obj: 0.08287
2026-10-06 10:38:43.773 | INFO     | myoconverter.optimization.utils.UtilsForceOpt:fmOptPSO_cust:189 -         PSO iteration: 14 ; 2 percentage similarities; Best obj: 0.07849
2026-10-06 10:38:43.884 | INFO     | myoconverter.optimization.utils.UtilsForceOpt:fmOptPSO_cust:189 -         PSO iteration: 15 ; 1 percentage similarities; Best obj: 0.07749
2026-10-06 10:38:43.988 | INFO     | myoconverter.optimization.utils.UtilsForceOpt:fmOptPSO_cust:189 -         PSO iteration: 16 ; 2 percentage similarities; Best obj: 0.07561
2026-10-06 10:38:44.096 | INFO     | myoconverter.optimization.utils.UtilsForceOpt:fmOptPSO_cust:189 -         PSO iteration: 17 ; 1 percentage similarities; Best obj: 0.07519
2026-10-06 10:38:44.203 | INFO     | myoconverter.optimization.utils.UtilsForceOpt:fmOptPSO_cust:189 -         PSO iteration: 18 ; 6 percentage similarities; Best obj: 0.07385
2026-10-06 10:38:44.311 | INFO     | myoconverter.optimization.utils.UtilsForceOpt:fmOptPSO_cust:189 -         PSO iteration: 19 ; 5 percentage similarities; Best obj: 0.07364
2026-10-06 10:38:44.416 | INFO     | myoconverter.optimization.utils.UtilsForceOpt:fmOptPSO_cust:189 -         PSO iteration: 20 ; 6 percentage similarities; Best obj: 0.0736
2026-10-06 10:38:44.524 | INFO     | myoconverter.optimization.utils.UtilsForceOpt:fmOptPSO_cust:189 -         PSO iteration: 21 ; 9 percentage similarities; Best obj: 0.07358
2026-10-06 10:38:44.638 | INFO     | myoconverter.optimization.utils.UtilsForceOpt:fmOptPSO_cust:189 -         PSO iteration: 22 ; 10 percentage similarities; Best obj: 0.07355
2026-10-06 10:38:44.767 | INFO     | myoconverter.optimization.utils.UtilsForceOpt:fmOptPSO_cust:189 -         PSO iteration: 23 ; 15 percentage similarities; Best obj: 0.07352
2026-10-06 10:38:44.874 | INFO     | myoconverter.optimization.utils.UtilsForceOpt:fmOptPSO_cust:189 -         PSO iteration: 24 ; 21 percentage similarities; Best obj: 0.07351
2026-10-06 10:38:44.987 | INFO     | myoconverter.optimization.utils.UtilsForceOpt:fmOptPSO_cust:189 -         PSO iteration: 25 ; 32 percentage similarities; Best obj: 0.0735
2026-10-06 10:38:45.097 | INFO     | myoconverter.optimization.utils.UtilsForceOpt:fmOptPSO_cust:189 -         PSO iteration: 26 ; 48 percentage similarities; Best obj: 0.0735
2026-10-06 10:38:45.098 | INFO     | myoconverter.optimization.utils.UtilsForceOpt:fmOptPSO_cust:197 -         Break the optimization, since certain number of similar particles reached
2026-10-06 10:38:45.115 | INFO     | myoconverter.conversion_steps.O2MStep3:optMuscleForce:273 - Muscle : bifemlh_r 
2026-10-06 10:38:45.344 | INFO     | myoconverter.optimization.utils.UtilsForceOpt:fmOptPSO_cust:189 -         PSO iteration: 0 ; 0 percentage similarities; Best obj: 0.22365
2026-10-06 10:38:45.477 | INFO     | myoconverter.optimization.utils.UtilsForceOpt:fmOptPSO_cust:189 -         PSO iteration: 1 ; 1 percentage similarities; Best obj: 0.20805
2026-10-06 10:38:45.609 | INFO     | myoconverter.optimization.utils.UtilsForceOpt:fmOptPSO_cust:189 -         PSO iteration: 2 ; 1 percentage similarities; Best obj: 0.15958
2026-10-06 10:38:45.741 | INFO     | myoconverter.optimization.utils.UtilsForceOpt:fmOptPSO_cust:189 -         PSO iteration: 3 ; 1 percentage similarities; Best obj: 0.14345
2026-10-06 10:38:45.871 | INFO     | myoconverter.optimization.utils.UtilsForceOpt:fmOptPSO_cust:189 -         PSO iteration: 4 ; 1 percentage similarities; Best obj: 0.14063
2026-10-06 10:38:46.003 | INFO     | myoconverter.optimization.utils.UtilsForceOpt:fmOptPSO_cust:189 -         PSO iteration: 5 ; 1 percentage similarities; Best obj: 0.13661
2026-10-06 10:38:46.137 | INFO     | myoconverter.optimization.utils.UtilsForceOpt:fmOptPSO_cust:189 -         PSO iteration: 6 ; 1 percentage similarities; Best obj: 0.13016
2026-10-06 10:38:46.270 | INFO     | myoconverter.optimization.utils.UtilsForceOpt:fmOptPSO_cust:189 -         PSO iteration: 7 ; 1 percentage similarities; Best obj: 0.12698
2026-10-06 10:38:46.405 | INFO     | myoconverter.optimization.utils.UtilsForceOpt:fmOptPSO_cust:189 -         PSO iteration: 8 ; 1 percentage similarities; Best obj: 0.12574
2026-10-06 10:38:46.539 | INFO     | myoconverter.optimization.utils.UtilsForceOpt:fmOptPSO_cust:189 -         PSO iteration: 9 ; 2 percentage similarities; Best obj: 0.11742
2026-10-06 10:38:46.684 | INFO     | myoconverter.optimization.utils.UtilsForceOpt:fmOptPSO_cust:189 -         PSO iteration: 10 ; 1 percentage similarities; Best obj: 0.11584
2026-10-06 10:38:46.866 | INFO     | myoconverter.optimization.utils.UtilsForceOpt:fmOptPSO_cust:189 -         PSO iteration: 11 ; 2 percentage similarities; Best obj: 0.11237
2026-10-06 10:38:47.027 | INFO     | myoconverter.optimization.utils.UtilsForceOpt:fmOptPSO_cust:189 -         PSO iteration: 12 ; 1 percentage similarities; Best obj: 0.1113
2026-10-06 10:38:47.182 | INFO     | myoconverter.optimization.utils.UtilsForceOpt:fmOptPSO_cust:189 -         PSO iteration: 13 ; 1 percentage similarities; Best obj: 0.11105
2026-10-06 10:38:47.317 | INFO     | myoconverter.optimization.utils.UtilsForceOpt:fmOptPSO_cust:189 -         PSO iteration: 14 ; 1 percentage similarities; Best obj: 0.11099
2026-10-06 10:38:47.450 | INFO     | myoconverter.optimization.utils.UtilsForceOpt:fmOptPSO_cust:189 -         PSO iteration: 15 ; 1 percentage similarities; Best obj: 0.1092
2026-10-06 10:38:47.586 | INFO     | myoconverter.optimization.utils.UtilsForceOpt:fmOptPSO_cust:189 -         PSO iteration: 16 ; 1 percentage similarities; Best obj: 0.10873
2026-10-06 10:38:47.717 | INFO     | myoconverter.optimization.utils.UtilsForceOpt:fmOptPSO_cust:189 -         PSO iteration: 17 ; 1 percentage similarities; Best obj: 0.10862
2026-10-06 10:38:47.853 | INFO     | myoconverter.optimization.utils.UtilsForceOpt:fmOptPSO_cust:189 -         PSO iteration: 18 ; 1 percentage similarities; Best obj: 0.1086
2026-10-06 10:38:47.983 | INFO     | myoconverter.optimization.utils.UtilsForceOpt:fmOptPSO_cust:189 -         PSO iteration: 19 ; 1 percentage similarities; Best obj: 0.10847
2026-10-06 10:38:48.213 | INFO     | myoconverter.optimization.utils.UtilsForceOpt:fmOptPSO_cust:189 -         PSO iteration: 20 ; 5 percentage similarities; Best obj: 0.10826
2026-10-06 10:38:48.348 | INFO     | myoconverter.optimization.utils.UtilsForceOpt:fmOptPSO_cust:189 -         PSO iteration: 21 ; 8 percentage similarities; Best obj: 0.10821
2026-10-06 10:38:48.491 | INFO     | myoconverter.optimization.utils.UtilsForceOpt:fmOptPSO_cust:189 -         PSO iteration: 22 ; 8 percentage similarities; Best obj: 0.10809
2026-10-06 10:38:48.627 | INFO     | myoconverter.optimization.utils.UtilsForceOpt:fmOptPSO_cust:189 -         PSO iteration: 23 ; 9 percentage similarities; Best obj: 0.10804
2026-10-06 10:38:48.766 | INFO     | myoconverter.optimization.utils.UtilsForceOpt:fmOptPSO_cust:189 -         PSO iteration: 24 ; 14 percentage similarities; Best obj: 0.10799
2026-10-06 10:38:48.904 | INFO     | myoconverter.optimization.utils.UtilsForceOpt:fmOptPSO_cust:189 -         PSO iteration: 25 ; 15 percentage similarities; Best obj: 0.10792
2026-10-06 10:38:49.040 | INFO     | myoconverter.optimization.utils.UtilsForceOpt:fmOptPSO_cust:189 -         PSO iteration: 26 ; 26 percentage similarities; Best obj: 0.10788
2026-10-06 10:38:49.178 | INFO     | myoconverter.optimization.utils.UtilsForceOpt:fmOptPSO_cust:189 -         PSO iteration: 27 ; 28 percentage similarities; Best obj: 0.10787
2026-10-06 10:38:49.311 | INFO     | myoconverter.optimization.utils.UtilsForceOpt:fmOptPSO_cust:189 -         PSO iteration: 28 ; 30 percentage similarities; Best obj: 0.1078
2026-10-06 10:38:49.444 | INFO     | myoconverter.optimization.utils.UtilsForceOpt:fmOptPSO_cust:189 -         PSO iteration: 29 ; 36 percentage similarities; Best obj: 0.10777
2026-10-06 10:38:49.445 | INFO     | myoconverter.optimization.utils.UtilsForceOpt:fmOptPSO_cust:197 -         Break the optimization, since certain number of similar particles reached
2026-10-06 10:38:49.474 | INFO     | myoconverter.conversion_steps.O2MStep3:optMuscleForce:273 - Muscle : bifemsh_r 
2026-10-06 10:38:49.676 | INFO     | myoconverter.optimization.utils.UtilsForceOpt:fmOptPSO_cust:189 -         PSO iteration: 0 ; 0 percentage similarities; Best obj: 0.0867
2026-10-06 10:38:49.803 | INFO     | myoconverter.optimization.utils.UtilsForceOpt:fmOptPSO_cust:189 -         PSO iteration: 1 ; 1 percentage similarities; Best obj: 0.07758
2026-10-06 10:38:49.903 | INFO     | myoconverter.optimization.utils.UtilsForceOpt:fmOptPSO_cust:189 -         PSO iteration: 2 ; 1 percentage similarities; Best obj: 0.04738
2026-10-06 10:38:50.008 | INFO     | myoconverter.optimization.utils.UtilsForceOpt:fmOptPSO_cust:189 -         PSO iteration: 3 ; 1 percentage similarities; Best obj: 0.0379
2026-10-06 10:38:50.108 | INFO     | myoconverter.optimization.utils.UtilsForceOpt:fmOptPSO_cust:189 -         PSO iteration: 4 ; 1 percentage similarities; Best obj: 0.03655
2026-10-06 10:38:50.209 | INFO     | myoconverter.optimization.utils.UtilsForceOpt:fmOptPSO_cust:189 -         PSO iteration: 5 ; 1 percentage similarities; Best obj: 0.02924
2026-10-06 10:38:50.310 | INFO     | myoconverter.optimization.utils.UtilsForceOpt:fmOptPSO_cust:189 -         PSO iteration: 6 ; 1 percentage similarities; Best obj: 0.02742
2026-10-06 10:38:50.430 | INFO     | myoconverter.optimization.utils.UtilsForceOpt:fmOptPSO_cust:189 -         PSO iteration: 7 ; 1 percentage similarities; Best obj: 0.027
2026-10-06 10:38:50.529 | INFO     | myoconverter.optimization.utils.UtilsForceOpt:fmOptPSO_cust:189 -         PSO iteration: 8 ; 1 percentage similarities; Best obj: 0.02491
2026-10-06 10:38:50.632 | INFO     | myoconverter.optimization.utils.UtilsForceOpt:fmOptPSO_cust:189 -         PSO iteration: 9 ; 1 percentage similarities; Best obj: 0.02169
2026-10-06 10:38:50.730 | INFO     | myoconverter.optimization.utils.UtilsForceOpt:fmOptPSO_cust:189 -         PSO iteration: 10 ; 1 percentage similarities; Best obj: 0.02095
2026-10-06 10:38:50.830 | INFO     | myoconverter.optimization.utils.UtilsForceOpt:fmOptPSO_cust:189 -         PSO iteration: 11 ; 1 percentage similarities; Best obj: 0.02079
2026-10-06 10:38:50.927 | INFO     | myoconverter.optimization.utils.UtilsForceOpt:fmOptPSO_cust:189 -         PSO iteration: 12 ; 2 percentage similarities; Best obj: 0.02011
2026-10-06 10:38:51.024 | INFO     | myoconverter.optimization.utils.UtilsForceOpt:fmOptPSO_cust:189 -         PSO iteration: 13 ; 1 percentage similarities; Best obj: 0.02001
2026-10-06 10:38:51.137 | INFO     | myoconverter.optimization.utils.UtilsForceOpt:fmOptPSO_cust:189 -         PSO iteration: 14 ; 1 percentage similarities; Best obj: 0.01999
2026-10-06 10:38:51.255 | INFO     | myoconverter.optimization.utils.UtilsForceOpt:fmOptPSO_cust:189 -         PSO iteration: 15 ; 4 percentage similarities; Best obj: 0.01999
2026-10-06 10:38:51.372 | INFO     | myoconverter.optimization.utils.UtilsForceOpt:fmOptPSO_cust:189 -         PSO iteration: 16 ; 9 percentage similarities; Best obj: 0.01998
2026-10-06 10:38:51.473 | INFO     | myoconverter.optimization.utils.UtilsForceOpt:fmOptPSO_cust:189 -         PSO iteration: 17 ; 10 percentage similarities; Best obj: 0.01997
2026-10-06 10:38:51.574 | INFO     | myoconverter.optimization.utils.UtilsForceOpt:fmOptPSO_cust:189 -         PSO iteration: 18 ; 11 percentage similarities; Best obj: 0.01996
2026-10-06 10:38:51.675 | INFO     | myoconverter.optimization.utils.UtilsForceOpt:fmOptPSO_cust:189 -         PSO iteration: 19 ; 11 percentage similarities; Best obj: 0.0199
2026-10-06 10:38:51.782 | INFO     | myoconverter.optimization.utils.UtilsForceOpt:fmOptPSO_cust:189 -         PSO iteration: 20 ; 12 percentage similarities; Best obj: 0.01986
2026-10-06 10:38:51.885 | INFO     | myoconverter.optimization.utils.UtilsForceOpt:fmOptPSO_cust:189 -         PSO iteration: 21 ; 20 percentage similarities; Best obj: 0.01984
2026-10-06 10:38:51.995 | INFO     | myoconverter.optimization.utils.UtilsForceOpt:fmOptPSO_cust:189 -         PSO iteration: 22 ; 30 percentage similarities; Best obj: 0.01984
2026-10-06 10:38:52.094 | INFO     | myoconverter.optimization.utils.UtilsForceOpt:fmOptPSO_cust:189 -         PSO iteration: 23 ; 32 percentage similarities; Best obj: 0.01983
2026-10-06 10:38:52.191 | INFO     | myoconverter.optimization.utils.UtilsForceOpt:fmOptPSO_cust:189 -         PSO iteration: 24 ; 41 percentage similarities; Best obj: 0.01982
2026-10-06 10:38:52.294 | INFO     | myoconverter.optimization.utils.UtilsForceOpt:fmOptPSO_cust:189 -         PSO iteration: 25 ; 49 percentage similarities; Best obj: 0.01982
2026-10-06 10:38:52.294 | INFO     | myoconverter.optimization.utils.UtilsForceOpt:fmOptPSO_cust:197 -         Break the optimization, since certain number of similar particles reached
2026-10-06 10:38:52.311 | INFO     | myoconverter.conversion_steps.O2MStep3:optMuscleForce:273 - Muscle : sar_r 
2026-10-06 10:38:52.545 | INFO     | myoconverter.optimization.utils.UtilsForceOpt:fmOptPSO_cust:189 -         PSO iteration: 0 ; 0 percentage similarities; Best obj: 0.09872
2026-10-06 10:38:52.666 | INFO     | myoconverter.optimization.utils.UtilsForceOpt:fmOptPSO_cust:189 -         PSO iteration: 1 ; 1 percentage similarities; Best obj: 0.05967
2026-10-06 10:38:52.795 | INFO     | myoconverter.optimization.utils.UtilsForceOpt:fmOptPSO_cust:189 -         PSO iteration: 2 ; 1 percentage similarities; Best obj: 0.05967
2026-10-06 10:38:52.921 | INFO     | myoconverter.optimization.utils.UtilsForceOpt:fmOptPSO_cust:189 -         PSO iteration: 3 ; 1 percentage similarities; Best obj: 0.05766
2026-10-06 10:38:53.048 | INFO     | myoconverter.optimization.utils.UtilsForceOpt:fmOptPSO_cust:189 -         PSO iteration: 4 ; 1 percentage similarities; Best obj: 0.05632
2026-10-06 10:38:53.170 | INFO     | myoconverter.optimization.utils.UtilsForceOpt:fmOptPSO_cust:189 -         PSO iteration: 5 ; 1 percentage similarities; Best obj: 0.05171
2026-10-06 10:38:53.294 | INFO     | myoconverter.optimization.utils.UtilsForceOpt:fmOptPSO_cust:189 -         PSO iteration: 6 ; 1 percentage similarities; Best obj: 0.04604
2026-10-06 10:38:53.421 | INFO     | myoconverter.optimization.utils.UtilsForceOpt:fmOptPSO_cust:189 -         PSO iteration: 7 ; 1 percentage similarities; Best obj: 0.03711
2026-10-06 10:38:53.546 | INFO     | myoconverter.optimization.utils.UtilsForceOpt:fmOptPSO_cust:189 -         PSO iteration: 8 ; 1 percentage similarities; Best obj: 0.03377
2026-10-06 10:38:53.673 | INFO     | myoconverter.optimization.utils.UtilsForceOpt:fmOptPSO_cust:189 -         PSO iteration: 9 ; 2 percentage similarities; Best obj: 0.02838
2026-10-06 10:38:53.800 | INFO     | myoconverter.optimization.utils.UtilsForceOpt:fmOptPSO_cust:189 -         PSO iteration: 10 ; 1 percentage similarities; Best obj: 0.02749
2026-10-06 10:38:53.921 | INFO     | myoconverter.optimization.utils.UtilsForceOpt:fmOptPSO_cust:189 -         PSO iteration: 11 ; 1 percentage similarities; Best obj: 0.02731
2026-10-06 10:38:54.045 | INFO     | myoconverter.optimization.utils.UtilsForceOpt:fmOptPSO_cust:189 -         PSO iteration: 12 ; 1 percentage similarities; Best obj: 0.02694
2026-10-06 10:38:54.169 | INFO     | myoconverter.optimization.utils.UtilsForceOpt:fmOptPSO_cust:189 -         PSO iteration: 13 ; 1 percentage similarities; Best obj: 0.02673
2026-10-06 10:38:54.297 | INFO     | myoconverter.optimization.utils.UtilsForceOpt:fmOptPSO_cust:189 -         PSO iteration: 14 ; 2 percentage similarities; Best obj: 0.02647
2026-10-06 10:38:54.422 | INFO     | myoconverter.optimization.utils.UtilsForceOpt:fmOptPSO_cust:189 -         PSO iteration: 15 ; 5 percentage similarities; Best obj: 0.02637
2026-10-06 10:38:54.543 | INFO     | myoconverter.optimization.utils.UtilsForceOpt:fmOptPSO_cust:189 -         PSO iteration: 16 ; 4 percentage similarities; Best obj: 0.02605
2026-10-06 10:38:54.670 | INFO     | myoconverter.optimization.utils.UtilsForceOpt:fmOptPSO_cust:189 -         PSO iteration: 17 ; 2 percentage similarities; Best obj: 0.02598
2026-10-06 10:38:54.794 | INFO     | myoconverter.optimization.utils.UtilsForceOpt:fmOptPSO_cust:189 -         PSO iteration: 18 ; 4 percentage similarities; Best obj: 0.02596
2026-10-06 10:38:54.917 | INFO     | myoconverter.optimization.utils.UtilsForceOpt:fmOptPSO_cust:189 -         PSO iteration: 19 ; 5 percentage similarities; Best obj: 0.02593
2026-10-06 10:38:55.039 | INFO     | myoconverter.optimization.utils.UtilsForceOpt:fmOptPSO_cust:189 -         PSO iteration: 20 ; 9 percentage similarities; Best obj: 0.02591
2026-10-06 10:38:55.164 | INFO     | myoconverter.optimization.utils.UtilsForceOpt:fmOptPSO_cust:189 -         PSO iteration: 21 ; 11 percentage similarities; Best obj: 0.0259
2026-10-06 10:38:55.290 | INFO     | myoconverter.optimization.utils.UtilsForceOpt:fmOptPSO_cust:189 -         PSO iteration: 22 ; 21 percentage similarities; Best obj: 0.02589
2026-10-06 10:38:55.414 | INFO     | myoconverter.optimization.utils.UtilsForceOpt:fmOptPSO_cust:189 -         PSO iteration: 23 ; 39 percentage similarities; Best obj: 0.02589
2026-10-06 10:38:55.540 | INFO     | myoconverter.optimization.utils.UtilsForceOpt:fmOptPSO_cust:189 -         PSO iteration: 24 ; 46 percentage similarities; Best obj: 0.02588
2026-10-06 10:38:55.541 | INFO     | myoconverter.optimization.utils.UtilsForceOpt:fmOptPSO_cust:197 -         Break the optimization, since certain number of similar particles reached
2026-10-06 10:38:55.557 | INFO     | myoconverter.conversion_steps.O2MStep3:optMuscleForce:273 - Muscle : add_mag2_r 
2026-10-06 10:38:55.764 | INFO     | myoconverter.optimization.utils.UtilsForceOpt:fmOptPSO_cust:189 -         PSO iteration: 0 ; 0 percentage similarities; Best obj: 0.05926
2026-10-06 10:38:55.879 | INFO     | myoconverter.optimization.utils.UtilsForceOpt:fmOptPSO_cust:189 -         PSO iteration: 1 ; 1 percentage similarities; Best obj: 0.05355
2026-10-06 10:38:55.989 | INFO     | myoconverter.optimization.utils.UtilsForceOpt:fmOptPSO_cust:189 -         PSO iteration: 2 ; 1 percentage similarities; Best obj: 0.05355
2026-10-06 10:38:56.096 | INFO     | myoconverter.optimization.utils.UtilsForceOpt:fmOptPSO_cust:189 -         PSO iteration: 3 ; 1 percentage similarities; Best obj: 0.05355
2026-10-06 10:38:56.203 | INFO     | myoconverter.optimization.utils.UtilsForceOpt:fmOptPSO_cust:189 -         PSO iteration: 4 ; 1 percentage similarities; Best obj: 0.05355
2026-10-06 10:38:56.317 | INFO     | myoconverter.optimization.utils.UtilsForceOpt:fmOptPSO_cust:189 -         PSO iteration: 5 ; 1 percentage similarities; Best obj: 0.05309
2026-10-06 10:38:56.427 | INFO     | myoconverter.optimization.utils.UtilsForceOpt:fmOptPSO_cust:189 -         PSO iteration: 6 ; 2 percentage similarities; Best obj: 0.05121
2026-10-06 10:38:56.540 | INFO     | myoconverter.optimization.utils.UtilsForceOpt:fmOptPSO_cust:189 -         PSO iteration: 7 ; 1 percentage similarities; Best obj: 0.04149
2026-10-06 10:38:56.654 | INFO     | myoconverter.optimization.utils.UtilsForceOpt:fmOptPSO_cust:189 -         PSO iteration: 8 ; 1 percentage similarities; Best obj: 0.03993
2026-10-06 10:38:56.789 | INFO     | myoconverter.optimization.utils.UtilsForceOpt:fmOptPSO_cust:189 -         PSO iteration: 9 ; 1 percentage similarities; Best obj: 0.03857
2026-10-06 10:38:56.903 | INFO     | myoconverter.optimization.utils.UtilsForceOpt:fmOptPSO_cust:189 -         PSO iteration: 10 ; 1 percentage similarities; Best obj: 0.03676
2026-10-06 10:38:57.012 | INFO     | myoconverter.optimization.utils.UtilsForceOpt:fmOptPSO_cust:189 -         PSO iteration: 11 ; 1 percentage similarities; Best obj: 0.03612
2026-10-06 10:38:57.125 | INFO     | myoconverter.optimization.utils.UtilsForceOpt:fmOptPSO_cust:189 -         PSO iteration: 12 ; 1 percentage similarities; Best obj: 0.0358
2026-10-06 10:38:57.235 | INFO     | myoconverter.optimization.utils.UtilsForceOpt:fmOptPSO_cust:189 -         PSO iteration: 13 ; 2 percentage similarities; Best obj: 0.03562
2026-10-06 10:38:57.350 | INFO     | myoconverter.optimization.utils.UtilsForceOpt:fmOptPSO_cust:189 -         PSO iteration: 14 ; 2 percentage similarities; Best obj: 0.03383
2026-10-06 10:38:57.461 | INFO     | myoconverter.optimization.utils.UtilsForceOpt:fmOptPSO_cust:189 -         PSO iteration: 15 ; 2 percentage similarities; Best obj: 0.03067
2026-10-06 10:38:57.576 | INFO     | myoconverter.optimization.utils.UtilsForceOpt:fmOptPSO_cust:189 -         PSO iteration: 16 ; 1 percentage similarities; Best obj: 0.02952
2026-10-06 10:38:57.687 | INFO     | myoconverter.optimization.utils.UtilsForceOpt:fmOptPSO_cust:189 -         PSO iteration: 17 ; 1 percentage similarities; Best obj: 0.02925
2026-10-06 10:38:57.797 | INFO     | myoconverter.optimization.utils.UtilsForceOpt:fmOptPSO_cust:189 -         PSO iteration: 18 ; 1 percentage similarities; Best obj: 0.02918
2026-10-06 10:38:57.908 | INFO     | myoconverter.optimization.utils.UtilsForceOpt:fmOptPSO_cust:189 -         PSO iteration: 19 ; 1 percentage similarities; Best obj: 0.02913
2026-10-06 10:38:58.017 | INFO     | myoconverter.optimization.utils.UtilsForceOpt:fmOptPSO_cust:189 -         PSO iteration: 20 ; 5 percentage similarities; Best obj: 0.02826
2026-10-06 10:38:58.132 | INFO     | myoconverter.optimization.utils.UtilsForceOpt:fmOptPSO_cust:189 -         PSO iteration: 21 ; 2 percentage similarities; Best obj: 0.02808
2026-10-06 10:38:58.264 | INFO     | myoconverter.optimization.utils.UtilsForceOpt:fmOptPSO_cust:189 -         PSO iteration: 22 ; 2 percentage similarities; Best obj: 0.028
2026-10-06 10:38:58.462 | INFO     | myoconverter.optimization.utils.UtilsForceOpt:fmOptPSO_cust:189 -         PSO iteration: 23 ; 5 percentage similarities; Best obj: 0.02781
2026-10-06 10:38:58.575 | INFO     | myoconverter.optimization.utils.UtilsForceOpt:fmOptPSO_cust:189 -         PSO iteration: 24 ; 5 percentage similarities; Best obj: 0.02776
2026-10-06 10:38:58.691 | INFO     | myoconverter.optimization.utils.UtilsForceOpt:fmOptPSO_cust:189 -         PSO iteration: 25 ; 8 percentage similarities; Best obj: 0.02775
2026-10-06 10:38:58.805 | INFO     | myoconverter.optimization.utils.UtilsForceOpt:fmOptPSO_cust:189 -         PSO iteration: 26 ; 8 percentage similarities; Best obj: 0.02775
2026-10-06 10:38:58.914 | INFO     | myoconverter.optimization.utils.UtilsForceOpt:fmOptPSO_cust:189 -         PSO iteration: 27 ; 9 percentage similarities; Best obj: 0.02767
2026-10-06 10:38:59.025 | INFO     | myoconverter.optimization.utils.UtilsForceOpt:fmOptPSO_cust:189 -         PSO iteration: 28 ; 10 percentage similarities; Best obj: 0.02765
2026-10-06 10:38:59.136 | INFO     | myoconverter.optimization.utils.UtilsForceOpt:fmOptPSO_cust:189 -         PSO iteration: 29 ; 16 percentage similarities; Best obj: 0.02754
2026-10-06 10:38:59.248 | INFO     | myoconverter.optimization.utils.UtilsForceOpt:fmOptPSO_cust:189 -         PSO iteration: 30 ; 18 percentage similarities; Best obj: 0.02752
2026-10-06 10:38:59.364 | INFO     | myoconverter.optimization.utils.UtilsForceOpt:fmOptPSO_cust:189 -         PSO iteration: 31 ; 20 percentage similarities; Best obj: 0.02744
2026-10-06 10:38:59.475 | INFO     | myoconverter.optimization.utils.UtilsForceOpt:fmOptPSO_cust:189 -         PSO iteration: 32 ; 22 percentage similarities; Best obj: 0.02741
2026-10-06 10:38:59.587 | INFO     | myoconverter.optimization.utils.UtilsForceOpt:fmOptPSO_cust:189 -         PSO iteration: 33 ; 26 percentage similarities; Best obj: 0.0274
2026-10-06 10:38:59.700 | INFO     | myoconverter.optimization.utils.UtilsForceOpt:fmOptPSO_cust:189 -         PSO iteration: 34 ; 35 percentage similarities; Best obj: 0.0274
2026-10-06 10:38:59.811 | INFO     | myoconverter.optimization.utils.UtilsForceOpt:fmOptPSO_cust:189 -         PSO iteration: 35 ; 38 percentage similarities; Best obj: 0.02737
2026-10-06 10:38:59.811 | INFO     | myoconverter.optimization.utils.UtilsForceOpt:fmOptPSO_cust:197 -         Break the optimization, since certain number of similar particles reached
2026-10-06 10:38:59.828 | INFO     | myoconverter.conversion_steps.O2MStep3:optMuscleForce:273 - Muscle : tfl_r 
2026-10-06 10:39:00.057 | INFO     | myoconverter.optimization.utils.UtilsForceOpt:fmOptPSO_cust:189 -         PSO iteration: 0 ; 0 percentage similarities; Best obj: 0.19922
2026-10-06 10:39:00.188 | INFO     | myoconverter.optimization.utils.UtilsForceOpt:fmOptPSO_cust:189 -         PSO iteration: 1 ; 1 percentage similarities; Best obj: 0.16918
2026-10-06 10:39:00.323 | INFO     | myoconverter.optimization.utils.UtilsForceOpt:fmOptPSO_cust:189 -         PSO iteration: 2 ; 1 percentage similarities; Best obj: 0.16918
2026-10-06 10:39:00.456 | INFO     | myoconverter.optimization.utils.UtilsForceOpt:fmOptPSO_cust:189 -         PSO iteration: 3 ; 1 percentage similarities; Best obj: 0.16918
2026-10-06 10:39:00.593 | INFO     | myoconverter.optimization.utils.UtilsForceOpt:fmOptPSO_cust:189 -         PSO iteration: 4 ; 1 percentage similarities; Best obj: 0.16918
2026-10-06 10:39:00.728 | INFO     | myoconverter.optimization.utils.UtilsForceOpt:fmOptPSO_cust:189 -         PSO iteration: 5 ; 1 percentage similarities; Best obj: 0.16918
2026-10-06 10:39:00.860 | INFO     | myoconverter.optimization.utils.UtilsForceOpt:fmOptPSO_cust:189 -         PSO iteration: 6 ; 2 percentage similarities; Best obj: 0.16783
2026-10-06 10:39:00.993 | INFO     | myoconverter.optimization.utils.UtilsForceOpt:fmOptPSO_cust:189 -         PSO iteration: 7 ; 2 percentage similarities; Best obj: 0.16742
2026-10-06 10:39:01.126 | INFO     | myoconverter.optimization.utils.UtilsForceOpt:fmOptPSO_cust:189 -         PSO iteration: 8 ; 2 percentage similarities; Best obj: 0.15035
2026-10-06 10:39:01.259 | INFO     | myoconverter.optimization.utils.UtilsForceOpt:fmOptPSO_cust:189 -         PSO iteration: 9 ; 1 percentage similarities; Best obj: 0.1473
2026-10-06 10:39:01.395 | INFO     | myoconverter.optimization.utils.UtilsForceOpt:fmOptPSO_cust:189 -         PSO iteration: 10 ; 1 percentage similarities; Best obj: 0.14661
2026-10-06 10:39:01.531 | INFO     | myoconverter.optimization.utils.UtilsForceOpt:fmOptPSO_cust:189 -         PSO iteration: 11 ; 1 percentage similarities; Best obj: 0.14645
2026-10-06 10:39:01.665 | INFO     | myoconverter.optimization.utils.UtilsForceOpt:fmOptPSO_cust:189 -         PSO iteration: 12 ; 4 percentage similarities; Best obj: 0.14114
2026-10-06 10:39:01.806 | INFO     | myoconverter.optimization.utils.UtilsForceOpt:fmOptPSO_cust:189 -         PSO iteration: 13 ; 1 percentage similarities; Best obj: 0.14039
2026-10-06 10:39:01.945 | INFO     | myoconverter.optimization.utils.UtilsForceOpt:fmOptPSO_cust:189 -         PSO iteration: 14 ; 1 percentage similarities; Best obj: 0.14007
2026-10-06 10:39:02.075 | INFO     | myoconverter.optimization.utils.UtilsForceOpt:fmOptPSO_cust:189 -         PSO iteration: 15 ; 2 percentage similarities; Best obj: 0.13938
2026-10-06 10:39:02.218 | INFO     | myoconverter.optimization.utils.UtilsForceOpt:fmOptPSO_cust:189 -         PSO iteration: 16 ; 2 percentage similarities; Best obj: 0.13923
2026-10-06 10:39:02.355 | INFO     | myoconverter.optimization.utils.UtilsForceOpt:fmOptPSO_cust:189 -         PSO iteration: 17 ; 2 percentage similarities; Best obj: 0.13803
2026-10-06 10:39:02.492 | INFO     | myoconverter.optimization.utils.UtilsForceOpt:fmOptPSO_cust:189 -         PSO iteration: 18 ; 2 percentage similarities; Best obj: 0.13783
2026-10-06 10:39:02.660 | INFO     | myoconverter.optimization.utils.UtilsForceOpt:fmOptPSO_cust:189 -         PSO iteration: 19 ; 2 percentage similarities; Best obj: 0.13779
2026-10-06 10:39:02.813 | INFO     | myoconverter.optimization.utils.UtilsForceOpt:fmOptPSO_cust:189 -         PSO iteration: 20 ; 2 percentage similarities; Best obj: 0.13778
2026-10-06 10:39:02.974 | INFO     | myoconverter.optimization.utils.UtilsForceOpt:fmOptPSO_cust:189 -         PSO iteration: 21 ; 4 percentage similarities; Best obj: 0.13778
2026-10-06 10:39:03.117 | INFO     | myoconverter.optimization.utils.UtilsForceOpt:fmOptPSO_cust:189 -         PSO iteration: 22 ; 4 percentage similarities; Best obj: 0.13768
2026-10-06 10:39:03.252 | INFO     | myoconverter.optimization.utils.UtilsForceOpt:fmOptPSO_cust:189 -         PSO iteration: 23 ; 8 percentage similarities; Best obj: 0.13764
2026-10-06 10:39:03.387 | INFO     | myoconverter.optimization.utils.UtilsForceOpt:fmOptPSO_cust:189 -         PSO iteration: 24 ; 9 percentage similarities; Best obj: 0.13757
2026-10-06 10:39:03.524 | INFO     | myoconverter.optimization.utils.UtilsForceOpt:fmOptPSO_cust:189 -         PSO iteration: 25 ; 11 percentage similarities; Best obj: 0.13756
2026-10-06 10:39:03.661 | INFO     | myoconverter.optimization.utils.UtilsForceOpt:fmOptPSO_cust:189 -         PSO iteration: 26 ; 25 percentage similarities; Best obj: 0.13753
2026-10-06 10:39:03.796 | INFO     | myoconverter.optimization.utils.UtilsForceOpt:fmOptPSO_cust:189 -         PSO iteration: 27 ; 38 percentage similarities; Best obj: 0.13753
2026-10-06 10:39:03.797 | INFO     | myoconverter.optimization.utils.UtilsForceOpt:fmOptPSO_cust:197 -         Break the optimization, since certain number of similar particles reached
2026-10-06 10:39:03.828 | INFO     | myoconverter.conversion_steps.O2MStep3:optMuscleForce:273 - Muscle : pect_r 
2026-10-06 10:39:04.048 | INFO     | myoconverter.optimization.utils.UtilsForceOpt:fmOptPSO_cust:189 -         PSO iteration: 0 ; 0 percentage similarities; Best obj: 0.0805
2026-10-06 10:39:04.152 | INFO     | myoconverter.optimization.utils.UtilsForceOpt:fmOptPSO_cust:189 -         PSO iteration: 1 ; 1 percentage similarities; Best obj: 0.0805
2026-10-06 10:39:04.259 | INFO     | myoconverter.optimization.utils.UtilsForceOpt:fmOptPSO_cust:189 -         PSO iteration: 2 ; 1 percentage similarities; Best obj: 0.07283
2026-10-06 10:39:04.365 | INFO     | myoconverter.optimization.utils.UtilsForceOpt:fmOptPSO_cust:189 -         PSO iteration: 3 ; 1 percentage similarities; Best obj: 0.0719
2026-10-06 10:39:04.467 | INFO     | myoconverter.optimization.utils.UtilsForceOpt:fmOptPSO_cust:189 -         PSO iteration: 4 ; 1 percentage similarities; Best obj: 0.07182
2026-10-06 10:39:04.574 | INFO     | myoconverter.optimization.utils.UtilsForceOpt:fmOptPSO_cust:189 -         PSO iteration: 5 ; 1 percentage similarities; Best obj: 0.07181
2026-10-06 10:39:04.682 | INFO     | myoconverter.optimization.utils.UtilsForceOpt:fmOptPSO_cust:189 -         PSO iteration: 6 ; 1 percentage similarities; Best obj: 0.0691
2026-10-06 10:39:04.790 | INFO     | myoconverter.optimization.utils.UtilsForceOpt:fmOptPSO_cust:189 -         PSO iteration: 7 ; 1 percentage similarities; Best obj: 0.0684
2026-10-06 10:39:04.896 | INFO     | myoconverter.optimization.utils.UtilsForceOpt:fmOptPSO_cust:189 -         PSO iteration: 8 ; 1 percentage similarities; Best obj: 0.06825
2026-10-06 10:39:05.002 | INFO     | myoconverter.optimization.utils.UtilsForceOpt:fmOptPSO_cust:189 -         PSO iteration: 9 ; 2 percentage similarities; Best obj: 0.06822
2026-10-06 10:39:05.106 | INFO     | myoconverter.optimization.utils.UtilsForceOpt:fmOptPSO_cust:189 -         PSO iteration: 10 ; 4 percentage similarities; Best obj: 0.06791
2026-10-06 10:39:05.211 | INFO     | myoconverter.optimization.utils.UtilsForceOpt:fmOptPSO_cust:189 -         PSO iteration: 11 ; 4 percentage similarities; Best obj: 0.06777
2026-10-06 10:39:05.320 | INFO     | myoconverter.optimization.utils.UtilsForceOpt:fmOptPSO_cust:189 -         PSO iteration: 12 ; 6 percentage similarities; Best obj: 0.0667
2026-10-06 10:39:05.422 | INFO     | myoconverter.optimization.utils.UtilsForceOpt:fmOptPSO_cust:189 -         PSO iteration: 13 ; 1 percentage similarities; Best obj: 0.06653
2026-10-06 10:39:05.527 | INFO     | myoconverter.optimization.utils.UtilsForceOpt:fmOptPSO_cust:189 -         PSO iteration: 14 ; 1 percentage similarities; Best obj: 0.06649
2026-10-06 10:39:05.630 | INFO     | myoconverter.optimization.utils.UtilsForceOpt:fmOptPSO_cust:189 -         PSO iteration: 15 ; 6 percentage similarities; Best obj: 0.06611
2026-10-06 10:39:05.733 | INFO     | myoconverter.optimization.utils.UtilsForceOpt:fmOptPSO_cust:189 -         PSO iteration: 16 ; 6 percentage similarities; Best obj: 0.06589
2026-10-06 10:39:05.837 | INFO     | myoconverter.optimization.utils.UtilsForceOpt:fmOptPSO_cust:189 -         PSO iteration: 17 ; 6 percentage similarities; Best obj: 0.06563
2026-10-06 10:39:05.943 | INFO     | myoconverter.optimization.utils.UtilsForceOpt:fmOptPSO_cust:189 -         PSO iteration: 18 ; 14 percentage similarities; Best obj: 0.06551
2026-10-06 10:39:06.048 | INFO     | myoconverter.optimization.utils.UtilsForceOpt:fmOptPSO_cust:189 -         PSO iteration: 19 ; 14 percentage similarities; Best obj: 0.06546
2026-10-06 10:39:06.153 | INFO     | myoconverter.optimization.utils.UtilsForceOpt:fmOptPSO_cust:189 -         PSO iteration: 20 ; 18 percentage similarities; Best obj: 0.06535
2026-10-06 10:39:06.259 | INFO     | myoconverter.optimization.utils.UtilsForceOpt:fmOptPSO_cust:189 -         PSO iteration: 21 ; 18 percentage similarities; Best obj: 0.06532
2026-10-06 10:39:06.369 | INFO     | myoconverter.optimization.utils.UtilsForceOpt:fmOptPSO_cust:189 -         PSO iteration: 22 ; 18 percentage similarities; Best obj: 0.06527
2026-10-06 10:39:06.478 | INFO     | myoconverter.optimization.utils.UtilsForceOpt:fmOptPSO_cust:189 -         PSO iteration: 23 ; 21 percentage similarities; Best obj: 0.06518
2026-10-06 10:39:06.588 | INFO     | myoconverter.optimization.utils.UtilsForceOpt:fmOptPSO_cust:189 -         PSO iteration: 24 ; 28 percentage similarities; Best obj: 0.06515
2026-10-06 10:39:06.687 | INFO     | myoconverter.optimization.utils.UtilsForceOpt:fmOptPSO_cust:189 -         PSO iteration: 25 ; 36 percentage similarities; Best obj: 0.06513
2026-10-06 10:39:06.789 | INFO     | myoconverter.optimization.utils.UtilsForceOpt:fmOptPSO_cust:189 -         PSO iteration: 26 ; 48 percentage similarities; Best obj: 0.06512
2026-10-06 10:39:06.790 | INFO     | myoconverter.optimization.utils.UtilsForceOpt:fmOptPSO_cust:197 -         Break the optimization, since certain number of similar particles reached
2026-10-06 10:39:06.809 | INFO     | myoconverter.conversion_steps.O2MStep3:optMuscleForce:273 - Muscle : grac_r 
2026-10-06 10:39:07.080 | INFO     | myoconverter.optimization.utils.UtilsForceOpt:fmOptPSO_cust:189 -         PSO iteration: 0 ; 0 percentage similarities; Best obj: 0.07021
2026-10-06 10:39:07.225 | INFO     | myoconverter.optimization.utils.UtilsForceOpt:fmOptPSO_cust:189 -         PSO iteration: 1 ; 1 percentage similarities; Best obj: 0.07021
2026-10-06 10:39:07.365 | INFO     | myoconverter.optimization.utils.UtilsForceOpt:fmOptPSO_cust:189 -         PSO iteration: 2 ; 1 percentage similarities; Best obj: 0.02971
2026-10-06 10:39:07.501 | INFO     | myoconverter.optimization.utils.UtilsForceOpt:fmOptPSO_cust:189 -         PSO iteration: 3 ; 1 percentage similarities; Best obj: 0.02971
2026-10-06 10:39:07.636 | INFO     | myoconverter.optimization.utils.UtilsForceOpt:fmOptPSO_cust:189 -         PSO iteration: 4 ; 1 percentage similarities; Best obj: 0.02971
2026-10-06 10:39:07.777 | INFO     | myoconverter.optimization.utils.UtilsForceOpt:fmOptPSO_cust:189 -         PSO iteration: 5 ; 1 percentage similarities; Best obj: 0.02517
2026-10-06 10:39:07.917 | INFO     | myoconverter.optimization.utils.UtilsForceOpt:fmOptPSO_cust:189 -         PSO iteration: 6 ; 1 percentage similarities; Best obj: 0.02279
2026-10-06 10:39:08.055 | INFO     | myoconverter.optimization.utils.UtilsForceOpt:fmOptPSO_cust:189 -         PSO iteration: 7 ; 1 percentage similarities; Best obj: 0.02225
2026-10-06 10:39:08.193 | INFO     | myoconverter.optimization.utils.UtilsForceOpt:fmOptPSO_cust:189 -         PSO iteration: 8 ; 1 percentage similarities; Best obj: 0.02126
2026-10-06 10:39:08.329 | INFO     | myoconverter.optimization.utils.UtilsForceOpt:fmOptPSO_cust:189 -         PSO iteration: 9 ; 1 percentage similarities; Best obj: 0.02063
2026-10-06 10:39:08.481 | INFO     | myoconverter.optimization.utils.UtilsForceOpt:fmOptPSO_cust:189 -         PSO iteration: 10 ; 1 percentage similarities; Best obj: 0.02049
2026-10-06 10:39:08.693 | INFO     | myoconverter.optimization.utils.UtilsForceOpt:fmOptPSO_cust:189 -         PSO iteration: 11 ; 1 percentage similarities; Best obj: 0.02046
2026-10-06 10:39:08.833 | INFO     | myoconverter.optimization.utils.UtilsForceOpt:fmOptPSO_cust:189 -         PSO iteration: 12 ; 4 percentage similarities; Best obj: 0.02024
2026-10-06 10:39:08.980 | INFO     | myoconverter.optimization.utils.UtilsForceOpt:fmOptPSO_cust:189 -         PSO iteration: 13 ; 2 percentage similarities; Best obj: 0.01933
2026-10-06 10:39:09.117 | INFO     | myoconverter.optimization.utils.UtilsForceOpt:fmOptPSO_cust:189 -         PSO iteration: 14 ; 2 percentage similarities; Best obj: 0.01915
2026-10-06 10:39:09.257 | INFO     | myoconverter.optimization.utils.UtilsForceOpt:fmOptPSO_cust:189 -         PSO iteration: 15 ; 2 percentage similarities; Best obj: 0.0191
2026-10-06 10:39:09.396 | INFO     | myoconverter.optimization.utils.UtilsForceOpt:fmOptPSO_cust:189 -         PSO iteration: 16 ; 4 percentage similarities; Best obj: 0.01888
2026-10-06 10:39:09.534 | INFO     | myoconverter.optimization.utils.UtilsForceOpt:fmOptPSO_cust:189 -         PSO iteration: 17 ; 5 percentage similarities; Best obj: 0.01857
2026-10-06 10:39:09.673 | INFO     | myoconverter.optimization.utils.UtilsForceOpt:fmOptPSO_cust:189 -         PSO iteration: 18 ; 2 percentage similarities; Best obj: 0.0185
2026-10-06 10:39:09.814 | INFO     | myoconverter.optimization.utils.UtilsForceOpt:fmOptPSO_cust:189 -         PSO iteration: 19 ; 2 percentage similarities; Best obj: 0.01832
2026-10-06 10:39:09.952 | INFO     | myoconverter.optimization.utils.UtilsForceOpt:fmOptPSO_cust:189 -         PSO iteration: 20 ; 5 percentage similarities; Best obj: 0.0182
2026-10-06 10:39:10.093 | INFO     | myoconverter.optimization.utils.UtilsForceOpt:fmOptPSO_cust:189 -         PSO iteration: 21 ; 4 percentage similarities; Best obj: 0.01802
2026-10-06 10:39:10.234 | INFO     | myoconverter.optimization.utils.UtilsForceOpt:fmOptPSO_cust:189 -         PSO iteration: 22 ; 4 percentage similarities; Best obj: 0.01793
2026-10-06 10:39:10.375 | INFO     | myoconverter.optimization.utils.UtilsForceOpt:fmOptPSO_cust:189 -         PSO iteration: 23 ; 4 percentage similarities; Best obj: 0.0178
2026-10-06 10:39:10.517 | INFO     | myoconverter.optimization.utils.UtilsForceOpt:fmOptPSO_cust:189 -         PSO iteration: 24 ; 5 percentage similarities; Best obj: 0.01768
2026-10-06 10:39:10.656 | INFO     | myoconverter.optimization.utils.UtilsForceOpt:fmOptPSO_cust:189 -         PSO iteration: 25 ; 9 percentage similarities; Best obj: 0.01764
2026-10-06 10:39:10.794 | INFO     | myoconverter.optimization.utils.UtilsForceOpt:fmOptPSO_cust:189 -         PSO iteration: 26 ; 10 percentage similarities; Best obj: 0.01762
2026-10-06 10:39:10.934 | INFO     | myoconverter.optimization.utils.UtilsForceOpt:fmOptPSO_cust:189 -         PSO iteration: 27 ; 19 percentage similarities; Best obj: 0.01759
2026-10-06 10:39:11.073 | INFO     | myoconverter.optimization.utils.UtilsForceOpt:fmOptPSO_cust:189 -         PSO iteration: 28 ; 29 percentage similarities; Best obj: 0.01759
2026-10-06 10:39:11.211 | INFO     | myoconverter.optimization.utils.UtilsForceOpt:fmOptPSO_cust:189 -         PSO iteration: 29 ; 42 percentage similarities; Best obj: 0.01758
2026-10-06 10:39:11.211 | INFO     | myoconverter.optimization.utils.UtilsForceOpt:fmOptPSO_cust:197 -         Break the optimization, since certain number of similar particles reached
2026-10-06 10:39:11.235 | INFO     | myoconverter.conversion_steps.O2MStep3:optMuscleForce:273 - Muscle : glut_max1_r 
2026-10-06 10:39:11.447 | INFO     | myoconverter.optimization.utils.UtilsForceOpt:fmOptPSO_cust:189 -         PSO iteration: 0 ; 0 percentage similarities; Best obj: 0.08689
2026-10-06 10:39:11.569 | INFO     | myoconverter.optimization.utils.UtilsForceOpt:fmOptPSO_cust:189 -         PSO iteration: 1 ; 1 percentage similarities; Best obj: 0.07861
2026-10-06 10:39:11.692 | INFO     | myoconverter.optimization.utils.UtilsForceOpt:fmOptPSO_cust:189 -         PSO iteration: 2 ; 1 percentage similarities; Best obj: 0.07717
2026-10-06 10:39:11.812 | INFO     | myoconverter.optimization.utils.UtilsForceOpt:fmOptPSO_cust:189 -         PSO iteration: 3 ; 1 percentage similarities; Best obj: 0.06587
2026-10-06 10:39:11.941 | INFO     | myoconverter.optimization.utils.UtilsForceOpt:fmOptPSO_cust:189 -         PSO iteration: 4 ; 1 percentage similarities; Best obj: 0.06494
2026-10-06 10:39:12.069 | INFO     | myoconverter.optimization.utils.UtilsForceOpt:fmOptPSO_cust:189 -         PSO iteration: 5 ; 1 percentage similarities; Best obj: 0.06485
2026-10-06 10:39:12.196 | INFO     | myoconverter.optimization.utils.UtilsForceOpt:fmOptPSO_cust:189 -         PSO iteration: 6 ; 1 percentage similarities; Best obj: 0.06042
2026-10-06 10:39:12.316 | INFO     | myoconverter.optimization.utils.UtilsForceOpt:fmOptPSO_cust:189 -         PSO iteration: 7 ; 1 percentage similarities; Best obj: 0.05945
2026-10-06 10:39:12.436 | INFO     | myoconverter.optimization.utils.UtilsForceOpt:fmOptPSO_cust:189 -         PSO iteration: 8 ; 1 percentage similarities; Best obj: 0.05924
2026-10-06 10:39:12.560 | INFO     | myoconverter.optimization.utils.UtilsForceOpt:fmOptPSO_cust:189 -         PSO iteration: 9 ; 1 percentage similarities; Best obj: 0.05908
2026-10-06 10:39:12.686 | INFO     | myoconverter.optimization.utils.UtilsForceOpt:fmOptPSO_cust:189 -         PSO iteration: 10 ; 5 percentage similarities; Best obj: 0.05881
2026-10-06 10:39:12.805 | INFO     | myoconverter.optimization.utils.UtilsForceOpt:fmOptPSO_cust:189 -         PSO iteration: 11 ; 5 percentage similarities; Best obj: 0.05869
2026-10-06 10:39:12.923 | INFO     | myoconverter.optimization.utils.UtilsForceOpt:fmOptPSO_cust:189 -         PSO iteration: 12 ; 5 percentage similarities; Best obj: 0.05852
2026-10-06 10:39:13.043 | INFO     | myoconverter.optimization.utils.UtilsForceOpt:fmOptPSO_cust:189 -         PSO iteration: 13 ; 5 percentage similarities; Best obj: 0.05847
2026-10-06 10:39:13.168 | INFO     | myoconverter.optimization.utils.UtilsForceOpt:fmOptPSO_cust:189 -         PSO iteration: 14 ; 5 percentage similarities; Best obj: 0.05846
2026-10-06 10:39:13.290 | INFO     | myoconverter.optimization.utils.UtilsForceOpt:fmOptPSO_cust:189 -         PSO iteration: 15 ; 5 percentage similarities; Best obj: 0.05838
2026-10-06 10:39:13.414 | INFO     | myoconverter.optimization.utils.UtilsForceOpt:fmOptPSO_cust:189 -         PSO iteration: 16 ; 6 percentage similarities; Best obj: 0.05812
2026-10-06 10:39:13.542 | INFO     | myoconverter.optimization.utils.UtilsForceOpt:fmOptPSO_cust:189 -         PSO iteration: 17 ; 6 percentage similarities; Best obj: 0.05806
2026-10-06 10:39:13.666 | INFO     | myoconverter.optimization.utils.UtilsForceOpt:fmOptPSO_cust:189 -         PSO iteration: 18 ; 6 percentage similarities; Best obj: 0.05792
2026-10-06 10:39:13.789 | INFO     | myoconverter.optimization.utils.UtilsForceOpt:fmOptPSO_cust:189 -         PSO iteration: 19 ; 9 percentage similarities; Best obj: 0.05742
2026-10-06 10:39:13.913 | INFO     | myoconverter.optimization.utils.UtilsForceOpt:fmOptPSO_cust:189 -         PSO iteration: 20 ; 8 percentage similarities; Best obj: 0.05731
2026-10-06 10:39:14.044 | INFO     | myoconverter.optimization.utils.UtilsForceOpt:fmOptPSO_cust:189 -         PSO iteration: 21 ; 18 percentage similarities; Best obj: 0.05723
2026-10-06 10:39:14.165 | INFO     | myoconverter.optimization.utils.UtilsForceOpt:fmOptPSO_cust:189 -         PSO iteration: 22 ; 31 percentage similarities; Best obj: 0.0571
2026-10-06 10:39:14.289 | INFO     | myoconverter.optimization.utils.UtilsForceOpt:fmOptPSO_cust:189 -         PSO iteration: 23 ; 41 percentage similarities; Best obj: 0.05701
2026-10-06 10:39:14.290 | INFO     | myoconverter.optimization.utils.UtilsForceOpt:fmOptPSO_cust:197 -         Break the optimization, since certain number of similar particles reached
2026-10-06 10:39:14.309 | INFO     | myoconverter.conversion_steps.O2MStep3:optMuscleForce:273 - Muscle : glut_max2_r 
2026-10-06 10:39:14.542 | INFO     | myoconverter.optimization.utils.UtilsForceOpt:fmOptPSO_cust:189 -         PSO iteration: 0 ; 0 percentage similarities; Best obj: 0.10944
2026-10-06 10:39:14.658 | INFO     | myoconverter.optimization.utils.UtilsForceOpt:fmOptPSO_cust:189 -         PSO iteration: 1 ; 1 percentage similarities; Best obj: 0.10944
2026-10-06 10:39:14.772 | INFO     | myoconverter.optimization.utils.UtilsForceOpt:fmOptPSO_cust:189 -         PSO iteration: 2 ; 1 percentage similarities; Best obj: 0.10944
2026-10-06 10:39:14.897 | INFO     | myoconverter.optimization.utils.UtilsForceOpt:fmOptPSO_cust:189 -         PSO iteration: 3 ; 1 percentage similarities; Best obj: 0.10944
2026-10-06 10:39:15.015 | INFO     | myoconverter.optimization.utils.UtilsForceOpt:fmOptPSO_cust:189 -         PSO iteration: 4 ; 1 percentage similarities; Best obj: 0.10189
2026-10-06 10:39:15.134 | INFO     | myoconverter.optimization.utils.UtilsForceOpt:fmOptPSO_cust:189 -         PSO iteration: 5 ; 1 percentage similarities; Best obj: 0.09646
2026-10-06 10:39:15.256 | INFO     | myoconverter.optimization.utils.UtilsForceOpt:fmOptPSO_cust:189 -         PSO iteration: 6 ; 1 percentage similarities; Best obj: 0.09518
2026-10-06 10:39:15.374 | INFO     | myoconverter.optimization.utils.UtilsForceOpt:fmOptPSO_cust:189 -         PSO iteration: 7 ; 1 percentage similarities; Best obj: 0.09486
2026-10-06 10:39:15.493 | INFO     | myoconverter.optimization.utils.UtilsForceOpt:fmOptPSO_cust:189 -         PSO iteration: 8 ; 1 percentage similarities; Best obj: 0.08852
2026-10-06 10:39:15.613 | INFO     | myoconverter.optimization.utils.UtilsForceOpt:fmOptPSO_cust:189 -         PSO iteration: 9 ; 1 percentage similarities; Best obj: 0.08182
2026-10-06 10:39:15.733 | INFO     | myoconverter.optimization.utils.UtilsForceOpt:fmOptPSO_cust:189 -         PSO iteration: 10 ; 2 percentage similarities; Best obj: 0.0803
2026-10-06 10:39:15.853 | INFO     | myoconverter.optimization.utils.UtilsForceOpt:fmOptPSO_cust:189 -         PSO iteration: 11 ; 2 percentage similarities; Best obj: 0.07989
2026-10-06 10:39:15.969 | INFO     | myoconverter.optimization.utils.UtilsForceOpt:fmOptPSO_cust:189 -         PSO iteration: 12 ; 2 percentage similarities; Best obj: 0.07979
2026-10-06 10:39:16.087 | INFO     | myoconverter.optimization.utils.UtilsForceOpt:fmOptPSO_cust:189 -         PSO iteration: 13 ; 5 percentage similarities; Best obj: 0.07521
2026-10-06 10:39:16.206 | INFO     | myoconverter.optimization.utils.UtilsForceOpt:fmOptPSO_cust:189 -         PSO iteration: 14 ; 2 percentage similarities; Best obj: 0.07338
2026-10-06 10:39:16.322 | INFO     | myoconverter.optimization.utils.UtilsForceOpt:fmOptPSO_cust:189 -         PSO iteration: 15 ; 1 percentage similarities; Best obj: 0.07308
2026-10-06 10:39:16.443 | INFO     | myoconverter.optimization.utils.UtilsForceOpt:fmOptPSO_cust:189 -         PSO iteration: 16 ; 1 percentage similarities; Best obj: 0.07302
2026-10-06 10:39:16.562 | INFO     | myoconverter.optimization.utils.UtilsForceOpt:fmOptPSO_cust:189 -         PSO iteration: 17 ; 1 percentage similarities; Best obj: 0.07277
2026-10-06 10:39:16.681 | INFO     | myoconverter.optimization.utils.UtilsForceOpt:fmOptPSO_cust:189 -         PSO iteration: 18 ; 9 percentage similarities; Best obj: 0.07236
2026-10-06 10:39:16.797 | INFO     | myoconverter.optimization.utils.UtilsForceOpt:fmOptPSO_cust:189 -         PSO iteration: 19 ; 9 percentage similarities; Best obj: 0.0717
2026-10-06 10:39:16.916 | INFO     | myoconverter.optimization.utils.UtilsForceOpt:fmOptPSO_cust:189 -         PSO iteration: 20 ; 10 percentage similarities; Best obj: 0.07157
2026-10-06 10:39:17.097 | INFO     | myoconverter.optimization.utils.UtilsForceOpt:fmOptPSO_cust:189 -         PSO iteration: 21 ; 10 percentage similarities; Best obj: 0.07154
2026-10-06 10:39:17.221 | INFO     | myoconverter.optimization.utils.UtilsForceOpt:fmOptPSO_cust:189 -         PSO iteration: 22 ; 15 percentage similarities; Best obj: 0.07153
2026-10-06 10:39:17.354 | INFO     | myoconverter.optimization.utils.UtilsForceOpt:fmOptPSO_cust:189 -         PSO iteration: 23 ; 24 percentage similarities; Best obj: 0.07148
2026-10-06 10:39:17.476 | INFO     | myoconverter.optimization.utils.UtilsForceOpt:fmOptPSO_cust:189 -         PSO iteration: 24 ; 31 percentage similarities; Best obj: 0.07145
2026-10-06 10:39:17.599 | INFO     | myoconverter.optimization.utils.UtilsForceOpt:fmOptPSO_cust:189 -         PSO iteration: 25 ; 39 percentage similarities; Best obj: 0.07143
2026-10-06 10:39:17.724 | INFO     | myoconverter.optimization.utils.UtilsForceOpt:fmOptPSO_cust:189 -         PSO iteration: 26 ; 41 percentage similarities; Best obj: 0.0714
2026-10-06 10:39:17.724 | INFO     | myoconverter.optimization.utils.UtilsForceOpt:fmOptPSO_cust:197 -         Break the optimization, since certain number of similar particles reached
2026-10-06 10:39:17.744 | INFO     | myoconverter.conversion_steps.O2MStep3:optMuscleForce:273 - Muscle : glut_max3_r 
2026-10-06 10:39:17.968 | INFO     | myoconverter.optimization.utils.UtilsForceOpt:fmOptPSO_cust:189 -         PSO iteration: 0 ; 0 percentage similarities; Best obj: 0.07453
2026-10-06 10:39:18.086 | INFO     | myoconverter.optimization.utils.UtilsForceOpt:fmOptPSO_cust:189 -         PSO iteration: 1 ; 1 percentage similarities; Best obj: 0.07453
2026-10-06 10:39:18.203 | INFO     | myoconverter.optimization.utils.UtilsForceOpt:fmOptPSO_cust:189 -         PSO iteration: 2 ; 1 percentage similarities; Best obj: 0.04733
2026-10-06 10:39:18.324 | INFO     | myoconverter.optimization.utils.UtilsForceOpt:fmOptPSO_cust:189 -         PSO iteration: 3 ; 1 percentage similarities; Best obj: 0.04355
2026-10-06 10:39:18.443 | INFO     | myoconverter.optimization.utils.UtilsForceOpt:fmOptPSO_cust:189 -         PSO iteration: 4 ; 1 percentage similarities; Best obj: 0.04293
2026-10-06 10:39:18.564 | INFO     | myoconverter.optimization.utils.UtilsForceOpt:fmOptPSO_cust:189 -         PSO iteration: 5 ; 1 percentage similarities; Best obj: 0.0428
2026-10-06 10:39:18.693 | INFO     | myoconverter.optimization.utils.UtilsForceOpt:fmOptPSO_cust:189 -         PSO iteration: 6 ; 1 percentage similarities; Best obj: 0.04276
2026-10-06 10:39:18.870 | INFO     | myoconverter.optimization.utils.UtilsForceOpt:fmOptPSO_cust:189 -         PSO iteration: 7 ; 1 percentage similarities; Best obj: 0.04276
2026-10-06 10:39:18.997 | INFO     | myoconverter.optimization.utils.UtilsForceOpt:fmOptPSO_cust:189 -         PSO iteration: 8 ; 1 percentage similarities; Best obj: 0.04275
2026-10-06 10:39:19.118 | INFO     | myoconverter.optimization.utils.UtilsForceOpt:fmOptPSO_cust:189 -         PSO iteration: 9 ; 1 percentage similarities; Best obj: 0.03919
2026-10-06 10:39:19.239 | INFO     | myoconverter.optimization.utils.UtilsForceOpt:fmOptPSO_cust:189 -         PSO iteration: 10 ; 1 percentage similarities; Best obj: 0.03839
2026-10-06 10:39:19.364 | INFO     | myoconverter.optimization.utils.UtilsForceOpt:fmOptPSO_cust:189 -         PSO iteration: 11 ; 1 percentage similarities; Best obj: 0.03817
2026-10-06 10:39:19.484 | INFO     | myoconverter.optimization.utils.UtilsForceOpt:fmOptPSO_cust:189 -         PSO iteration: 12 ; 4 percentage similarities; Best obj: 0.03768
2026-10-06 10:39:19.602 | INFO     | myoconverter.optimization.utils.UtilsForceOpt:fmOptPSO_cust:189 -         PSO iteration: 13 ; 1 percentage similarities; Best obj: 0.03701
2026-10-06 10:39:19.723 | INFO     | myoconverter.optimization.utils.UtilsForceOpt:fmOptPSO_cust:189 -         PSO iteration: 14 ; 2 percentage similarities; Best obj: 0.03681
2026-10-06 10:39:19.841 | INFO     | myoconverter.optimization.utils.UtilsForceOpt:fmOptPSO_cust:189 -         PSO iteration: 15 ; 4 percentage similarities; Best obj: 0.03661
2026-10-06 10:39:19.958 | INFO     | myoconverter.optimization.utils.UtilsForceOpt:fmOptPSO_cust:189 -         PSO iteration: 16 ; 5 percentage similarities; Best obj: 0.03639
2026-10-06 10:39:20.081 | INFO     | myoconverter.optimization.utils.UtilsForceOpt:fmOptPSO_cust:189 -         PSO iteration: 17 ; 5 percentage similarities; Best obj: 0.03633
2026-10-06 10:39:20.198 | INFO     | myoconverter.optimization.utils.UtilsForceOpt:fmOptPSO_cust:189 -         PSO iteration: 18 ; 6 percentage similarities; Best obj: 0.03632
2026-10-06 10:39:20.321 | INFO     | myoconverter.optimization.utils.UtilsForceOpt:fmOptPSO_cust:189 -         PSO iteration: 19 ; 6 percentage similarities; Best obj: 0.03626
2026-10-06 10:39:20.444 | INFO     | myoconverter.optimization.utils.UtilsForceOpt:fmOptPSO_cust:189 -         PSO iteration: 20 ; 9 percentage similarities; Best obj: 0.03625
2026-10-06 10:39:20.566 | INFO     | myoconverter.optimization.utils.UtilsForceOpt:fmOptPSO_cust:189 -         PSO iteration: 21 ; 10 percentage similarities; Best obj: 0.03625
2026-10-06 10:39:20.689 | INFO     | myoconverter.optimization.utils.UtilsForceOpt:fmOptPSO_cust:189 -         PSO iteration: 22 ; 18 percentage similarities; Best obj: 0.03624
2026-10-06 10:39:20.813 | INFO     | myoconverter.optimization.utils.UtilsForceOpt:fmOptPSO_cust:189 -         PSO iteration: 23 ; 24 percentage similarities; Best obj: 0.03624
2026-10-06 10:39:20.931 | INFO     | myoconverter.optimization.utils.UtilsForceOpt:fmOptPSO_cust:189 -         PSO iteration: 24 ; 25 percentage similarities; Best obj: 0.03624
2026-10-06 10:39:21.050 | INFO     | myoconverter.optimization.utils.UtilsForceOpt:fmOptPSO_cust:189 -         PSO iteration: 25 ; 32 percentage similarities; Best obj: 0.03624
2026-10-06 10:39:21.170 | INFO     | myoconverter.optimization.utils.UtilsForceOpt:fmOptPSO_cust:189 -         PSO iteration: 26 ; 44 percentage similarities; Best obj: 0.03623
2026-10-06 10:39:21.170 | INFO     | myoconverter.optimization.utils.UtilsForceOpt:fmOptPSO_cust:197 -         Break the optimization, since certain number of similar particles reached
2026-10-06 10:39:21.190 | INFO     | myoconverter.conversion_steps.O2MStep3:optMuscleForce:273 - Muscle : iliacus_r 
2026-10-06 10:39:21.415 | INFO     | myoconverter.optimization.utils.UtilsForceOpt:fmOptPSO_cust:189 -         PSO iteration: 0 ; 0 percentage similarities; Best obj: 0.11296
2026-10-06 10:39:21.528 | INFO     | myoconverter.optimization.utils.UtilsForceOpt:fmOptPSO_cust:189 -         PSO iteration: 1 ; 1 percentage similarities; Best obj: 0.11296
2026-10-06 10:39:21.642 | INFO     | myoconverter.optimization.utils.UtilsForceOpt:fmOptPSO_cust:189 -         PSO iteration: 2 ; 1 percentage similarities; Best obj: 0.10948
2026-10-06 10:39:21.756 | INFO     | myoconverter.optimization.utils.UtilsForceOpt:fmOptPSO_cust:189 -         PSO iteration: 3 ; 1 percentage similarities; Best obj: 0.10684
2026-10-06 10:39:21.868 | INFO     | myoconverter.optimization.utils.UtilsForceOpt:fmOptPSO_cust:189 -         PSO iteration: 4 ; 1 percentage similarities; Best obj: 0.10684
2026-10-06 10:39:21.980 | INFO     | myoconverter.optimization.utils.UtilsForceOpt:fmOptPSO_cust:189 -         PSO iteration: 5 ; 1 percentage similarities; Best obj: 0.09776
2026-10-06 10:39:22.104 | INFO     | myoconverter.optimization.utils.UtilsForceOpt:fmOptPSO_cust:189 -         PSO iteration: 6 ; 1 percentage similarities; Best obj: 0.09122
2026-10-06 10:39:22.219 | INFO     | myoconverter.optimization.utils.UtilsForceOpt:fmOptPSO_cust:189 -         PSO iteration: 7 ; 1 percentage similarities; Best obj: 0.08985
2026-10-06 10:39:22.335 | INFO     | myoconverter.optimization.utils.UtilsForceOpt:fmOptPSO_cust:189 -         PSO iteration: 8 ; 1 percentage similarities; Best obj: 0.08516
2026-10-06 10:39:22.456 | INFO     | myoconverter.optimization.utils.UtilsForceOpt:fmOptPSO_cust:189 -         PSO iteration: 9 ; 1 percentage similarities; Best obj: 0.07324
2026-10-06 10:39:22.573 | INFO     | myoconverter.optimization.utils.UtilsForceOpt:fmOptPSO_cust:189 -         PSO iteration: 10 ; 1 percentage similarities; Best obj: 0.07035
2026-10-06 10:39:22.689 | INFO     | myoconverter.optimization.utils.UtilsForceOpt:fmOptPSO_cust:189 -         PSO iteration: 11 ; 1 percentage similarities; Best obj: 0.06792
2026-10-06 10:39:22.799 | INFO     | myoconverter.optimization.utils.UtilsForceOpt:fmOptPSO_cust:189 -         PSO iteration: 12 ; 2 percentage similarities; Best obj: 0.06689
2026-10-06 10:39:22.914 | INFO     | myoconverter.optimization.utils.UtilsForceOpt:fmOptPSO_cust:189 -         PSO iteration: 13 ; 4 percentage similarities; Best obj: 0.06636
2026-10-06 10:39:23.027 | INFO     | myoconverter.optimization.utils.UtilsForceOpt:fmOptPSO_cust:189 -         PSO iteration: 14 ; 4 percentage similarities; Best obj: 0.06561
2026-10-06 10:39:23.145 | INFO     | myoconverter.optimization.utils.UtilsForceOpt:fmOptPSO_cust:189 -         PSO iteration: 15 ; 4 percentage similarities; Best obj: 0.06444
2026-10-06 10:39:23.266 | INFO     | myoconverter.optimization.utils.UtilsForceOpt:fmOptPSO_cust:189 -         PSO iteration: 16 ; 4 percentage similarities; Best obj: 0.06242
2026-10-06 10:39:23.381 | INFO     | myoconverter.optimization.utils.UtilsForceOpt:fmOptPSO_cust:189 -         PSO iteration: 17 ; 2 percentage similarities; Best obj: 0.06099
2026-10-06 10:39:23.496 | INFO     | myoconverter.optimization.utils.UtilsForceOpt:fmOptPSO_cust:189 -         PSO iteration: 18 ; 4 percentage similarities; Best obj: 0.06033
2026-10-06 10:39:23.611 | INFO     | myoconverter.optimization.utils.UtilsForceOpt:fmOptPSO_cust:189 -         PSO iteration: 19 ; 6 percentage similarities; Best obj: 0.05912
2026-10-06 10:39:23.727 | INFO     | myoconverter.optimization.utils.UtilsForceOpt:fmOptPSO_cust:189 -         PSO iteration: 20 ; 2 percentage similarities; Best obj: 0.05886
2026-10-06 10:39:23.840 | INFO     | myoconverter.optimization.utils.UtilsForceOpt:fmOptPSO_cust:189 -         PSO iteration: 21 ; 5 percentage similarities; Best obj: 0.0588
2026-10-06 10:39:23.957 | INFO     | myoconverter.optimization.utils.UtilsForceOpt:fmOptPSO_cust:189 -         PSO iteration: 22 ; 10 percentage similarities; Best obj: 0.05811
2026-10-06 10:39:24.072 | INFO     | myoconverter.optimization.utils.UtilsForceOpt:fmOptPSO_cust:189 -         PSO iteration: 23 ; 4 percentage similarities; Best obj: 0.05797
2026-10-06 10:39:24.188 | INFO     | myoconverter.optimization.utils.UtilsForceOpt:fmOptPSO_cust:189 -         PSO iteration: 24 ; 4 percentage similarities; Best obj: 0.05795
2026-10-06 10:39:24.302 | INFO     | myoconverter.optimization.utils.UtilsForceOpt:fmOptPSO_cust:189 -         PSO iteration: 25 ; 10 percentage similarities; Best obj: 0.0579
2026-10-06 10:39:24.416 | INFO     | myoconverter.optimization.utils.UtilsForceOpt:fmOptPSO_cust:189 -         PSO iteration: 26 ; 14 percentage similarities; Best obj: 0.05785
2026-10-06 10:39:24.531 | INFO     | myoconverter.optimization.utils.UtilsForceOpt:fmOptPSO_cust:189 -         PSO iteration: 27 ; 16 percentage similarities; Best obj: 0.05784
2026-10-06 10:39:24.648 | INFO     | myoconverter.optimization.utils.UtilsForceOpt:fmOptPSO_cust:189 -         PSO iteration: 28 ; 18 percentage similarities; Best obj: 0.05784
2026-10-06 10:39:24.766 | INFO     | myoconverter.optimization.utils.UtilsForceOpt:fmOptPSO_cust:189 -         PSO iteration: 29 ; 18 percentage similarities; Best obj: 0.05776
2026-10-06 10:39:24.885 | INFO     | myoconverter.optimization.utils.UtilsForceOpt:fmOptPSO_cust:189 -         PSO iteration: 30 ; 21 percentage similarities; Best obj: 0.05775
2026-10-06 10:39:24.999 | INFO     | myoconverter.optimization.utils.UtilsForceOpt:fmOptPSO_cust:189 -         PSO iteration: 31 ; 45 percentage similarities; Best obj: 0.05774
2026-10-06 10:39:24.999 | INFO     | myoconverter.optimization.utils.UtilsForceOpt:fmOptPSO_cust:197 -         Break the optimization, since certain number of similar particles reached
2026-10-06 10:39:25.017 | INFO     | myoconverter.conversion_steps.O2MStep3:optMuscleForce:273 - Muscle : psoas_r 
2026-10-06 10:39:25.230 | INFO     | myoconverter.optimization.utils.UtilsForceOpt:fmOptPSO_cust:189 -         PSO iteration: 0 ; 0 percentage similarities; Best obj: 0.10903
2026-10-06 10:39:25.337 | INFO     | myoconverter.optimization.utils.UtilsForceOpt:fmOptPSO_cust:189 -         PSO iteration: 1 ; 1 percentage similarities; Best obj: 0.08959
2026-10-06 10:39:25.450 | INFO     | myoconverter.optimization.utils.UtilsForceOpt:fmOptPSO_cust:189 -         PSO iteration: 2 ; 1 percentage similarities; Best obj: 0.08959
2026-10-06 10:39:25.565 | INFO     | myoconverter.optimization.utils.UtilsForceOpt:fmOptPSO_cust:189 -         PSO iteration: 3 ; 1 percentage similarities; Best obj: 0.08959
2026-10-06 10:39:25.677 | INFO     | myoconverter.optimization.utils.UtilsForceOpt:fmOptPSO_cust:189 -         PSO iteration: 4 ; 1 percentage similarities; Best obj: 0.08959
2026-10-06 10:39:25.801 | INFO     | myoconverter.optimization.utils.UtilsForceOpt:fmOptPSO_cust:189 -         PSO iteration: 5 ; 2 percentage similarities; Best obj: 0.07058
2026-10-06 10:39:25.916 | INFO     | myoconverter.optimization.utils.UtilsForceOpt:fmOptPSO_cust:189 -         PSO iteration: 6 ; 1 percentage similarities; Best obj: 0.06519
2026-10-06 10:39:26.031 | INFO     | myoconverter.optimization.utils.UtilsForceOpt:fmOptPSO_cust:189 -         PSO iteration: 7 ; 1 percentage similarities; Best obj: 0.06219
2026-10-06 10:39:26.143 | INFO     | myoconverter.optimization.utils.UtilsForceOpt:fmOptPSO_cust:189 -         PSO iteration: 8 ; 1 percentage similarities; Best obj: 0.06157
2026-10-06 10:39:26.258 | INFO     | myoconverter.optimization.utils.UtilsForceOpt:fmOptPSO_cust:189 -         PSO iteration: 9 ; 2 percentage similarities; Best obj: 0.06128
2026-10-06 10:39:26.373 | INFO     | myoconverter.optimization.utils.UtilsForceOpt:fmOptPSO_cust:189 -         PSO iteration: 10 ; 4 percentage similarities; Best obj: 0.06054
2026-10-06 10:39:26.486 | INFO     | myoconverter.optimization.utils.UtilsForceOpt:fmOptPSO_cust:189 -         PSO iteration: 11 ; 4 percentage similarities; Best obj: 0.06036
2026-10-06 10:39:26.599 | INFO     | myoconverter.optimization.utils.UtilsForceOpt:fmOptPSO_cust:189 -         PSO iteration: 12 ; 5 percentage similarities; Best obj: 0.05934
2026-10-06 10:39:26.712 | INFO     | myoconverter.optimization.utils.UtilsForceOpt:fmOptPSO_cust:189 -         PSO iteration: 13 ; 2 percentage similarities; Best obj: 0.05907
2026-10-06 10:39:26.828 | INFO     | myoconverter.optimization.utils.UtilsForceOpt:fmOptPSO_cust:189 -         PSO iteration: 14 ; 5 percentage similarities; Best obj: 0.05805
2026-10-06 10:39:26.942 | INFO     | myoconverter.optimization.utils.UtilsForceOpt:fmOptPSO_cust:189 -         PSO iteration: 15 ; 4 percentage similarities; Best obj: 0.05785
2026-10-06 10:39:27.055 | INFO     | myoconverter.optimization.utils.UtilsForceOpt:fmOptPSO_cust:189 -         PSO iteration: 16 ; 12 percentage similarities; Best obj: 0.05781
2026-10-06 10:39:27.211 | INFO     | myoconverter.optimization.utils.UtilsForceOpt:fmOptPSO_cust:189 -         PSO iteration: 17 ; 26 percentage similarities; Best obj: 0.05769
2026-10-06 10:39:27.329 | INFO     | myoconverter.optimization.utils.UtilsForceOpt:fmOptPSO_cust:189 -         PSO iteration: 18 ; 40 percentage similarities; Best obj: 0.05762
2026-10-06 10:39:27.329 | INFO     | myoconverter.optimization.utils.UtilsForceOpt:fmOptPSO_cust:197 -         Break the optimization, since certain number of similar particles reached
2026-10-06 10:39:27.345 | INFO     | myoconverter.conversion_steps.O2MStep3:optMuscleForce:273 - Muscle : quad_fem_r 
2026-10-06 10:39:27.574 | INFO     | myoconverter.optimization.utils.UtilsForceOpt:fmOptPSO_cust:189 -         PSO iteration: 0 ; 0 percentage similarities; Best obj: 1.60137
2026-10-06 10:39:27.691 | INFO     | myoconverter.optimization.utils.UtilsForceOpt:fmOptPSO_cust:189 -         PSO iteration: 1 ; 1 percentage similarities; Best obj: 1.60137
2026-10-06 10:39:27.811 | INFO     | myoconverter.optimization.utils.UtilsForceOpt:fmOptPSO_cust:189 -         PSO iteration: 2 ; 1 percentage similarities; Best obj: 1.60137
2026-10-06 10:39:27.930 | INFO     | myoconverter.optimization.utils.UtilsForceOpt:fmOptPSO_cust:189 -         PSO iteration: 3 ; 1 percentage similarities; Best obj: 1.60137
2026-10-06 10:39:28.050 | INFO     | myoconverter.optimization.utils.UtilsForceOpt:fmOptPSO_cust:189 -         PSO iteration: 4 ; 1 percentage similarities; Best obj: 1.54248
2026-10-06 10:39:28.169 | INFO     | myoconverter.optimization.utils.UtilsForceOpt:fmOptPSO_cust:189 -         PSO iteration: 5 ; 2 percentage similarities; Best obj: 1.50912
2026-10-06 10:39:28.291 | INFO     | myoconverter.optimization.utils.UtilsForceOpt:fmOptPSO_cust:189 -         PSO iteration: 6 ; 1 percentage similarities; Best obj: 1.50355
2026-10-06 10:39:28.410 | INFO     | myoconverter.optimization.utils.UtilsForceOpt:fmOptPSO_cust:189 -         PSO iteration: 7 ; 1 percentage similarities; Best obj: 1.50244
2026-10-06 10:39:28.529 | INFO     | myoconverter.optimization.utils.UtilsForceOpt:fmOptPSO_cust:189 -         PSO iteration: 8 ; 4 percentage similarities; Best obj: 1.50217
2026-10-06 10:39:28.648 | INFO     | myoconverter.optimization.utils.UtilsForceOpt:fmOptPSO_cust:189 -         PSO iteration: 9 ; 5 percentage similarities; Best obj: 1.49674
2026-10-06 10:39:28.766 | INFO     | myoconverter.optimization.utils.UtilsForceOpt:fmOptPSO_cust:189 -         PSO iteration: 10 ; 5 percentage similarities; Best obj: 1.48403
2026-10-06 10:39:28.895 | INFO     | myoconverter.optimization.utils.UtilsForceOpt:fmOptPSO_cust:189 -         PSO iteration: 11 ; 5 percentage similarities; Best obj: 1.48084
2026-10-06 10:39:29.075 | INFO     | myoconverter.optimization.utils.UtilsForceOpt:fmOptPSO_cust:189 -         PSO iteration: 12 ; 5 percentage similarities; Best obj: 1.48013
2026-10-06 10:39:29.207 | INFO     | myoconverter.optimization.utils.UtilsForceOpt:fmOptPSO_cust:189 -         PSO iteration: 13 ; 5 percentage similarities; Best obj: 1.47765
2026-10-06 10:39:29.335 | INFO     | myoconverter.optimization.utils.UtilsForceOpt:fmOptPSO_cust:189 -         PSO iteration: 14 ; 6 percentage similarities; Best obj: 1.47635
2026-10-06 10:39:29.455 | INFO     | myoconverter.optimization.utils.UtilsForceOpt:fmOptPSO_cust:189 -         PSO iteration: 15 ; 6 percentage similarities; Best obj: 1.47606
2026-10-06 10:39:29.576 | INFO     | myoconverter.optimization.utils.UtilsForceOpt:fmOptPSO_cust:189 -         PSO iteration: 16 ; 6 percentage similarities; Best obj: 1.47444
2026-10-06 10:39:29.697 | INFO     | myoconverter.optimization.utils.UtilsForceOpt:fmOptPSO_cust:189 -         PSO iteration: 17 ; 8 percentage similarities; Best obj: 1.47401
2026-10-06 10:39:29.819 | INFO     | myoconverter.optimization.utils.UtilsForceOpt:fmOptPSO_cust:189 -         PSO iteration: 18 ; 9 percentage similarities; Best obj: 1.47391
2026-10-06 10:39:29.941 | INFO     | myoconverter.optimization.utils.UtilsForceOpt:fmOptPSO_cust:189 -         PSO iteration: 19 ; 9 percentage similarities; Best obj: 1.47389
2026-10-06 10:39:30.062 | INFO     | myoconverter.optimization.utils.UtilsForceOpt:fmOptPSO_cust:189 -         PSO iteration: 20 ; 9 percentage similarities; Best obj: 1.47315
2026-10-06 10:39:30.180 | INFO     | myoconverter.optimization.utils.UtilsForceOpt:fmOptPSO_cust:189 -         PSO iteration: 21 ; 12 percentage similarities; Best obj: 1.473
2026-10-06 10:39:30.299 | INFO     | myoconverter.optimization.utils.UtilsForceOpt:fmOptPSO_cust:189 -         PSO iteration: 22 ; 18 percentage similarities; Best obj: 1.47297
2026-10-06 10:39:30.420 | INFO     | myoconverter.optimization.utils.UtilsForceOpt:fmOptPSO_cust:189 -         PSO iteration: 23 ; 21 percentage similarities; Best obj: 1.47296
2026-10-06 10:39:30.539 | INFO     | myoconverter.optimization.utils.UtilsForceOpt:fmOptPSO_cust:189 -         PSO iteration: 24 ; 22 percentage similarities; Best obj: 1.47292
2026-10-06 10:39:30.662 | INFO     | myoconverter.optimization.utils.UtilsForceOpt:fmOptPSO_cust:189 -         PSO iteration: 25 ; 28 percentage similarities; Best obj: 1.47287
2026-10-06 10:39:30.785 | INFO     | myoconverter.optimization.utils.UtilsForceOpt:fmOptPSO_cust:189 -         PSO iteration: 26 ; 35 percentage similarities; Best obj: 1.4727
2026-10-06 10:39:30.785 | INFO     | myoconverter.optimization.utils.UtilsForceOpt:fmOptPSO_cust:197 -         Break the optimization, since certain number of similar particles reached
2026-10-06 10:39:30.802 | INFO     | myoconverter.conversion_steps.O2MStep3:optMuscleForce:273 - Muscle : gem_r 
2026-10-06 10:39:31.021 | INFO     | myoconverter.optimization.utils.UtilsForceOpt:fmOptPSO_cust:189 -         PSO iteration: 0 ; 0 percentage similarities; Best obj: 1.60593
2026-10-06 10:39:31.133 | INFO     | myoconverter.optimization.utils.UtilsForceOpt:fmOptPSO_cust:189 -         PSO iteration: 1 ; 1 percentage similarities; Best obj: 1.45209
2026-10-06 10:39:31.241 | INFO     | myoconverter.optimization.utils.UtilsForceOpt:fmOptPSO_cust:189 -         PSO iteration: 2 ; 1 percentage similarities; Best obj: 1.37997
2026-10-06 10:39:31.357 | INFO     | myoconverter.optimization.utils.UtilsForceOpt:fmOptPSO_cust:189 -         PSO iteration: 3 ; 1 percentage similarities; Best obj: 1.36403
2026-10-06 10:39:31.462 | INFO     | myoconverter.optimization.utils.UtilsForceOpt:fmOptPSO_cust:189 -         PSO iteration: 4 ; 1 percentage similarities; Best obj: 1.36016
2026-10-06 10:39:31.583 | INFO     | myoconverter.optimization.utils.UtilsForceOpt:fmOptPSO_cust:189 -         PSO iteration: 5 ; 1 percentage similarities; Best obj: 1.3592
2026-10-06 10:39:31.721 | INFO     | myoconverter.optimization.utils.UtilsForceOpt:fmOptPSO_cust:189 -         PSO iteration: 6 ; 1 percentage similarities; Best obj: 1.35344
2026-10-06 10:39:31.838 | INFO     | myoconverter.optimization.utils.UtilsForceOpt:fmOptPSO_cust:189 -         PSO iteration: 7 ; 2 percentage similarities; Best obj: 1.34566
2026-10-06 10:39:31.952 | INFO     | myoconverter.optimization.utils.UtilsForceOpt:fmOptPSO_cust:189 -         PSO iteration: 8 ; 4 percentage similarities; Best obj: 1.34383
2026-10-06 10:39:32.068 | INFO     | myoconverter.optimization.utils.UtilsForceOpt:fmOptPSO_cust:189 -         PSO iteration: 9 ; 4 percentage similarities; Best obj: 1.31234
2026-10-06 10:39:32.183 | INFO     | myoconverter.optimization.utils.UtilsForceOpt:fmOptPSO_cust:189 -         PSO iteration: 10 ; 2 percentage similarities; Best obj: 1.30697
2026-10-06 10:39:32.307 | INFO     | myoconverter.optimization.utils.UtilsForceOpt:fmOptPSO_cust:189 -         PSO iteration: 11 ; 2 percentage similarities; Best obj: 1.30586
2026-10-06 10:39:32.431 | INFO     | myoconverter.optimization.utils.UtilsForceOpt:fmOptPSO_cust:189 -         PSO iteration: 12 ; 4 percentage similarities; Best obj: 1.30269
2026-10-06 10:39:32.554 | INFO     | myoconverter.optimization.utils.UtilsForceOpt:fmOptPSO_cust:189 -         PSO iteration: 13 ; 5 percentage similarities; Best obj: 1.30169
2026-10-06 10:39:32.668 | INFO     | myoconverter.optimization.utils.UtilsForceOpt:fmOptPSO_cust:189 -         PSO iteration: 14 ; 5 percentage similarities; Best obj: 1.30046
2026-10-06 10:39:32.782 | INFO     | myoconverter.optimization.utils.UtilsForceOpt:fmOptPSO_cust:189 -         PSO iteration: 15 ; 8 percentage similarities; Best obj: 1.30014
2026-10-06 10:39:32.898 | INFO     | myoconverter.optimization.utils.UtilsForceOpt:fmOptPSO_cust:189 -         PSO iteration: 16 ; 10 percentage similarities; Best obj: 1.30007
2026-10-06 10:39:33.010 | INFO     | myoconverter.optimization.utils.UtilsForceOpt:fmOptPSO_cust:189 -         PSO iteration: 17 ; 10 percentage similarities; Best obj: 1.30006
2026-10-06 10:39:33.127 | INFO     | myoconverter.optimization.utils.UtilsForceOpt:fmOptPSO_cust:189 -         PSO iteration: 18 ; 16 percentage similarities; Best obj: 1.30005
2026-10-06 10:39:33.233 | INFO     | myoconverter.optimization.utils.UtilsForceOpt:fmOptPSO_cust:189 -         PSO iteration: 19 ; 20 percentage similarities; Best obj: 1.30005
2026-10-06 10:39:33.347 | INFO     | myoconverter.optimization.utils.UtilsForceOpt:fmOptPSO_cust:189 -         PSO iteration: 20 ; 20 percentage similarities; Best obj: 1.29996
2026-10-06 10:39:33.460 | INFO     | myoconverter.optimization.utils.UtilsForceOpt:fmOptPSO_cust:189 -         PSO iteration: 21 ; 41 percentage similarities; Best obj: 1.29992
2026-10-06 10:39:33.574 | INFO     | myoconverter.optimization.utils.UtilsForceOpt:fmOptPSO_cust:189 -         PSO iteration: 22 ; 50 percentage similarities; Best obj: 1.29991
2026-10-06 10:39:33.574 | INFO     | myoconverter.optimization.utils.UtilsForceOpt:fmOptPSO_cust:197 -         Break the optimization, since certain number of similar particles reached
2026-10-06 10:39:33.598 | INFO     | myoconverter.conversion_steps.O2MStep3:optMuscleForce:273 - Muscle : peri_r 
2026-10-06 10:39:33.813 | INFO     | myoconverter.optimization.utils.UtilsForceOpt:fmOptPSO_cust:189 -         PSO iteration: 0 ; 0 percentage similarities; Best obj: 0.33966
2026-10-06 10:39:33.924 | INFO     | myoconverter.optimization.utils.UtilsForceOpt:fmOptPSO_cust:189 -         PSO iteration: 1 ; 1 percentage similarities; Best obj: 0.27186
2026-10-06 10:39:34.033 | INFO     | myoconverter.optimization.utils.UtilsForceOpt:fmOptPSO_cust:189 -         PSO iteration: 2 ; 1 percentage similarities; Best obj: 0.27186
2026-10-06 10:39:34.145 | INFO     | myoconverter.optimization.utils.UtilsForceOpt:fmOptPSO_cust:189 -         PSO iteration: 3 ; 1 percentage similarities; Best obj: 0.27186
2026-10-06 10:39:34.257 | INFO     | myoconverter.optimization.utils.UtilsForceOpt:fmOptPSO_cust:189 -         PSO iteration: 4 ; 1 percentage similarities; Best obj: 0.27186
2026-10-06 10:39:34.371 | INFO     | myoconverter.optimization.utils.UtilsForceOpt:fmOptPSO_cust:189 -         PSO iteration: 5 ; 1 percentage similarities; Best obj: 0.27186
2026-10-06 10:39:34.482 | INFO     | myoconverter.optimization.utils.UtilsForceOpt:fmOptPSO_cust:189 -         PSO iteration: 6 ; 1 percentage similarities; Best obj: 0.27186
2026-10-06 10:39:34.593 | INFO     | myoconverter.optimization.utils.UtilsForceOpt:fmOptPSO_cust:189 -         PSO iteration: 7 ; 1 percentage similarities; Best obj: 0.27186
2026-10-06 10:39:34.703 | INFO     | myoconverter.optimization.utils.UtilsForceOpt:fmOptPSO_cust:189 -         PSO iteration: 8 ; 1 percentage similarities; Best obj: 0.27186
2026-10-06 10:39:34.814 | INFO     | myoconverter.optimization.utils.UtilsForceOpt:fmOptPSO_cust:189 -         PSO iteration: 9 ; 1 percentage similarities; Best obj: 0.27186
2026-10-06 10:39:34.927 | INFO     | myoconverter.optimization.utils.UtilsForceOpt:fmOptPSO_cust:189 -         PSO iteration: 10 ; 1 percentage similarities; Best obj: 0.27186
2026-10-06 10:39:35.038 | INFO     | myoconverter.optimization.utils.UtilsForceOpt:fmOptPSO_cust:189 -         PSO iteration: 11 ; 1 percentage similarities; Best obj: 0.27186
2026-10-06 10:39:35.149 | INFO     | myoconverter.optimization.utils.UtilsForceOpt:fmOptPSO_cust:189 -         PSO iteration: 12 ; 1 percentage similarities; Best obj: 0.27186
2026-10-06 10:39:35.149 | INFO     | myoconverter.optimization.utils.UtilsForceOpt:fmOptPSO_cust:209 -         Break the optimization, since global obj maintained the same value for certain iterations
2026-10-06 10:39:35.166 | INFO     | myoconverter.conversion_steps.O2MStep3:optMuscleForce:273 - Muscle : rect_fem_r 
2026-10-06 10:39:35.402 | INFO     | myoconverter.optimization.utils.UtilsForceOpt:fmOptPSO_cust:189 -         PSO iteration: 0 ; 0 percentage similarities; Best obj: 0.25921
2026-10-06 10:39:35.541 | INFO     | myoconverter.optimization.utils.UtilsForceOpt:fmOptPSO_cust:189 -         PSO iteration: 1 ; 1 percentage similarities; Best obj: 0.20052
2026-10-06 10:39:35.686 | INFO     | myoconverter.optimization.utils.UtilsForceOpt:fmOptPSO_cust:189 -         PSO iteration: 2 ; 1 percentage similarities; Best obj: 0.20052
2026-10-06 10:39:35.825 | INFO     | myoconverter.optimization.utils.UtilsForceOpt:fmOptPSO_cust:189 -         PSO iteration: 3 ; 1 percentage similarities; Best obj: 0.20052
2026-10-06 10:39:35.966 | INFO     | myoconverter.optimization.utils.UtilsForceOpt:fmOptPSO_cust:189 -         PSO iteration: 4 ; 1 percentage similarities; Best obj: 0.20052
2026-10-06 10:39:36.106 | INFO     | myoconverter.optimization.utils.UtilsForceOpt:fmOptPSO_cust:189 -         PSO iteration: 5 ; 1 percentage similarities; Best obj: 0.20052
2026-10-06 10:39:36.246 | INFO     | myoconverter.optimization.utils.UtilsForceOpt:fmOptPSO_cust:189 -         PSO iteration: 6 ; 1 percentage similarities; Best obj: 0.20052
2026-10-06 10:39:36.387 | INFO     | myoconverter.optimization.utils.UtilsForceOpt:fmOptPSO_cust:189 -         PSO iteration: 7 ; 1 percentage similarities; Best obj: 0.1996
2026-10-06 10:39:36.529 | INFO     | myoconverter.optimization.utils.UtilsForceOpt:fmOptPSO_cust:189 -         PSO iteration: 8 ; 1 percentage similarities; Best obj: 0.19945
2026-10-06 10:39:36.672 | INFO     | myoconverter.optimization.utils.UtilsForceOpt:fmOptPSO_cust:189 -         PSO iteration: 9 ; 1 percentage similarities; Best obj: 0.19943
2026-10-06 10:39:36.810 | INFO     | myoconverter.optimization.utils.UtilsForceOpt:fmOptPSO_cust:189 -         PSO iteration: 10 ; 1 percentage similarities; Best obj: 0.19942
2026-10-06 10:39:36.950 | INFO     | myoconverter.optimization.utils.UtilsForceOpt:fmOptPSO_cust:189 -         PSO iteration: 11 ; 2 percentage similarities; Best obj: 0.19942
2026-10-06 10:39:37.092 | INFO     | myoconverter.optimization.utils.UtilsForceOpt:fmOptPSO_cust:189 -         PSO iteration: 12 ; 9 percentage similarities; Best obj: 0.1988
2026-10-06 10:39:37.232 | INFO     | myoconverter.optimization.utils.UtilsForceOpt:fmOptPSO_cust:189 -         PSO iteration: 13 ; 21 percentage similarities; Best obj: 0.19873
2026-10-06 10:39:37.400 | INFO     | myoconverter.optimization.utils.UtilsForceOpt:fmOptPSO_cust:189 -         PSO iteration: 14 ; 40 percentage similarities; Best obj: 0.19872
2026-10-06 10:39:37.400 | INFO     | myoconverter.optimization.utils.UtilsForceOpt:fmOptPSO_cust:197 -         Break the optimization, since certain number of similar particles reached
2026-10-06 10:39:37.418 | INFO     | myoconverter.conversion_steps.O2MStep3:optMuscleForce:273 - Muscle : vas_int_r 
2026-10-06 10:39:37.633 | INFO     | myoconverter.optimization.utils.UtilsForceOpt:fmOptPSO_cust:189 -         PSO iteration: 0 ; 0 percentage similarities; Best obj: 0.05244
2026-10-06 10:39:37.738 | INFO     | myoconverter.optimization.utils.UtilsForceOpt:fmOptPSO_cust:189 -         PSO iteration: 1 ; 1 percentage similarities; Best obj: 0.05244
2026-10-06 10:39:37.843 | INFO     | myoconverter.optimization.utils.UtilsForceOpt:fmOptPSO_cust:189 -         PSO iteration: 2 ; 1 percentage similarities; Best obj: 0.05244
2026-10-06 10:39:37.950 | INFO     | myoconverter.optimization.utils.UtilsForceOpt:fmOptPSO_cust:189 -         PSO iteration: 3 ; 1 percentage similarities; Best obj: 0.05244
2026-10-06 10:39:38.058 | INFO     | myoconverter.optimization.utils.UtilsForceOpt:fmOptPSO_cust:189 -         PSO iteration: 4 ; 1 percentage similarities; Best obj: 0.05244
2026-10-06 10:39:38.164 | INFO     | myoconverter.optimization.utils.UtilsForceOpt:fmOptPSO_cust:189 -         PSO iteration: 5 ; 2 percentage similarities; Best obj: 0.04919
2026-10-06 10:39:38.266 | INFO     | myoconverter.optimization.utils.UtilsForceOpt:fmOptPSO_cust:189 -         PSO iteration: 6 ; 1 percentage similarities; Best obj: 0.03093
2026-10-06 10:39:38.373 | INFO     | myoconverter.optimization.utils.UtilsForceOpt:fmOptPSO_cust:189 -         PSO iteration: 7 ; 1 percentage similarities; Best obj: 0.02741
2026-10-06 10:39:38.479 | INFO     | myoconverter.optimization.utils.UtilsForceOpt:fmOptPSO_cust:189 -         PSO iteration: 8 ; 1 percentage similarities; Best obj: 0.02667
2026-10-06 10:39:38.587 | INFO     | myoconverter.optimization.utils.UtilsForceOpt:fmOptPSO_cust:189 -         PSO iteration: 9 ; 1 percentage similarities; Best obj: 0.0265
2026-10-06 10:39:38.697 | INFO     | myoconverter.optimization.utils.UtilsForceOpt:fmOptPSO_cust:189 -         PSO iteration: 10 ; 1 percentage similarities; Best obj: 0.02645
2026-10-06 10:39:38.801 | INFO     | myoconverter.optimization.utils.UtilsForceOpt:fmOptPSO_cust:189 -         PSO iteration: 11 ; 1 percentage similarities; Best obj: 0.02644
2026-10-06 10:39:38.908 | INFO     | myoconverter.optimization.utils.UtilsForceOpt:fmOptPSO_cust:189 -         PSO iteration: 12 ; 1 percentage similarities; Best obj: 0.02644
2026-10-06 10:39:39.013 | INFO     | myoconverter.optimization.utils.UtilsForceOpt:fmOptPSO_cust:189 -         PSO iteration: 13 ; 1 percentage similarities; Best obj: 0.02411
2026-10-06 10:39:39.141 | INFO     | myoconverter.optimization.utils.UtilsForceOpt:fmOptPSO_cust:189 -         PSO iteration: 14 ; 1 percentage similarities; Best obj: 0.02328
2026-10-06 10:39:39.309 | INFO     | myoconverter.optimization.utils.UtilsForceOpt:fmOptPSO_cust:189 -         PSO iteration: 15 ; 1 percentage similarities; Best obj: 0.02092
2026-10-06 10:39:39.417 | INFO     | myoconverter.optimization.utils.UtilsForceOpt:fmOptPSO_cust:189 -         PSO iteration: 16 ; 1 percentage similarities; Best obj: 0.02047
2026-10-06 10:39:39.528 | INFO     | myoconverter.optimization.utils.UtilsForceOpt:fmOptPSO_cust:189 -         PSO iteration: 17 ; 1 percentage similarities; Best obj: 0.02024
2026-10-06 10:39:39.635 | INFO     | myoconverter.optimization.utils.UtilsForceOpt:fmOptPSO_cust:189 -         PSO iteration: 18 ; 2 percentage similarities; Best obj: 0.02014
2026-10-06 10:39:39.748 | INFO     | myoconverter.optimization.utils.UtilsForceOpt:fmOptPSO_cust:189 -         PSO iteration: 19 ; 5 percentage similarities; Best obj: 0.02012
2026-10-06 10:39:39.853 | INFO     | myoconverter.optimization.utils.UtilsForceOpt:fmOptPSO_cust:189 -         PSO iteration: 20 ; 5 percentage similarities; Best obj: 0.02007
2026-10-06 10:39:39.959 | INFO     | myoconverter.optimization.utils.UtilsForceOpt:fmOptPSO_cust:189 -         PSO iteration: 21 ; 5 percentage similarities; Best obj: 0.01988
2026-10-06 10:39:40.060 | INFO     | myoconverter.optimization.utils.UtilsForceOpt:fmOptPSO_cust:189 -         PSO iteration: 22 ; 5 percentage similarities; Best obj: 0.0198
2026-10-06 10:39:40.166 | INFO     | myoconverter.optimization.utils.UtilsForceOpt:fmOptPSO_cust:189 -         PSO iteration: 23 ; 6 percentage similarities; Best obj: 0.01975
2026-10-06 10:39:40.275 | INFO     | myoconverter.optimization.utils.UtilsForceOpt:fmOptPSO_cust:189 -         PSO iteration: 24 ; 6 percentage similarities; Best obj: 0.01971
2026-10-06 10:39:40.382 | INFO     | myoconverter.optimization.utils.UtilsForceOpt:fmOptPSO_cust:189 -         PSO iteration: 25 ; 8 percentage similarities; Best obj: 0.0197
2026-10-06 10:39:40.491 | INFO     | myoconverter.optimization.utils.UtilsForceOpt:fmOptPSO_cust:189 -         PSO iteration: 26 ; 11 percentage similarities; Best obj: 0.01969
2026-10-06 10:39:40.593 | INFO     | myoconverter.optimization.utils.UtilsForceOpt:fmOptPSO_cust:189 -         PSO iteration: 27 ; 14 percentage similarities; Best obj: 0.01968
2026-10-06 10:39:40.703 | INFO     | myoconverter.optimization.utils.UtilsForceOpt:fmOptPSO_cust:189 -         PSO iteration: 28 ; 18 percentage similarities; Best obj: 0.01968
2026-10-06 10:39:40.811 | INFO     | myoconverter.optimization.utils.UtilsForceOpt:fmOptPSO_cust:189 -         PSO iteration: 29 ; 26 percentage similarities; Best obj: 0.01967
2026-10-06 10:39:40.918 | INFO     | myoconverter.optimization.utils.UtilsForceOpt:fmOptPSO_cust:189 -         PSO iteration: 30 ; 32 percentage similarities; Best obj: 0.01967
2026-10-06 10:39:41.028 | INFO     | myoconverter.optimization.utils.UtilsForceOpt:fmOptPSO_cust:189 -         PSO iteration: 31 ; 42 percentage similarities; Best obj: 0.01967
2026-10-06 10:39:41.029 | INFO     | myoconverter.optimization.utils.UtilsForceOpt:fmOptPSO_cust:197 -         Break the optimization, since certain number of similar particles reached
2026-10-06 10:39:41.051 | INFO     | myoconverter.conversion_steps.O2MStep3:optMuscleForce:273 - Muscle : med_gas_r 
2026-10-06 10:39:41.278 | INFO     | myoconverter.optimization.utils.UtilsForceOpt:fmOptPSO_cust:189 -         PSO iteration: 0 ; 0 percentage similarities; Best obj: 0.12494
2026-10-06 10:39:41.405 | INFO     | myoconverter.optimization.utils.UtilsForceOpt:fmOptPSO_cust:189 -         PSO iteration: 1 ; 1 percentage similarities; Best obj: 0.07911
2026-10-06 10:39:41.532 | INFO     | myoconverter.optimization.utils.UtilsForceOpt:fmOptPSO_cust:189 -         PSO iteration: 2 ; 1 percentage similarities; Best obj: 0.07109
2026-10-06 10:39:41.657 | INFO     | myoconverter.optimization.utils.UtilsForceOpt:fmOptPSO_cust:189 -         PSO iteration: 3 ; 1 percentage similarities; Best obj: 0.07109
2026-10-06 10:39:41.783 | INFO     | myoconverter.optimization.utils.UtilsForceOpt:fmOptPSO_cust:189 -         PSO iteration: 4 ; 1 percentage similarities; Best obj: 0.05981
2026-10-06 10:39:41.910 | INFO     | myoconverter.optimization.utils.UtilsForceOpt:fmOptPSO_cust:189 -         PSO iteration: 5 ; 1 percentage similarities; Best obj: 0.05956
2026-10-06 10:39:42.070 | INFO     | myoconverter.optimization.utils.UtilsForceOpt:fmOptPSO_cust:189 -         PSO iteration: 6 ; 1 percentage similarities; Best obj: 0.05956
2026-10-06 10:39:42.215 | INFO     | myoconverter.optimization.utils.UtilsForceOpt:fmOptPSO_cust:189 -         PSO iteration: 7 ; 1 percentage similarities; Best obj: 0.05956
2026-10-06 10:39:42.358 | INFO     | myoconverter.optimization.utils.UtilsForceOpt:fmOptPSO_cust:189 -         PSO iteration: 8 ; 1 percentage similarities; Best obj: 0.05956
2026-10-06 10:39:42.530 | INFO     | myoconverter.optimization.utils.UtilsForceOpt:fmOptPSO_cust:189 -         PSO iteration: 9 ; 1 percentage similarities; Best obj: 0.05956
2026-10-06 10:39:42.686 | INFO     | myoconverter.optimization.utils.UtilsForceOpt:fmOptPSO_cust:189 -         PSO iteration: 10 ; 1 percentage similarities; Best obj: 0.05956
2026-10-06 10:39:42.819 | INFO     | myoconverter.optimization.utils.UtilsForceOpt:fmOptPSO_cust:189 -         PSO iteration: 11 ; 1 percentage similarities; Best obj: 0.05274
2026-10-06 10:39:42.951 | INFO     | myoconverter.optimization.utils.UtilsForceOpt:fmOptPSO_cust:189 -         PSO iteration: 12 ; 1 percentage similarities; Best obj: 0.0468
2026-10-06 10:39:43.084 | INFO     | myoconverter.optimization.utils.UtilsForceOpt:fmOptPSO_cust:189 -         PSO iteration: 13 ; 1 percentage similarities; Best obj: 0.04539
2026-10-06 10:39:43.220 | INFO     | myoconverter.optimization.utils.UtilsForceOpt:fmOptPSO_cust:189 -         PSO iteration: 14 ; 1 percentage similarities; Best obj: 0.04446
2026-10-06 10:39:43.356 | INFO     | myoconverter.optimization.utils.UtilsForceOpt:fmOptPSO_cust:189 -         PSO iteration: 15 ; 1 percentage similarities; Best obj: 0.04193
2026-10-06 10:39:43.492 | INFO     | myoconverter.optimization.utils.UtilsForceOpt:fmOptPSO_cust:189 -         PSO iteration: 16 ; 1 percentage similarities; Best obj: 0.0403
2026-10-06 10:39:43.633 | INFO     | myoconverter.optimization.utils.UtilsForceOpt:fmOptPSO_cust:189 -         PSO iteration: 17 ; 1 percentage similarities; Best obj: 0.03966
2026-10-06 10:39:43.770 | INFO     | myoconverter.optimization.utils.UtilsForceOpt:fmOptPSO_cust:189 -         PSO iteration: 18 ; 2 percentage similarities; Best obj: 0.03926
2026-10-06 10:39:43.905 | INFO     | myoconverter.optimization.utils.UtilsForceOpt:fmOptPSO_cust:189 -         PSO iteration: 19 ; 2 percentage similarities; Best obj: 0.03885
2026-10-06 10:39:44.043 | INFO     | myoconverter.optimization.utils.UtilsForceOpt:fmOptPSO_cust:189 -         PSO iteration: 20 ; 2 percentage similarities; Best obj: 0.03875
2026-10-06 10:39:44.178 | INFO     | myoconverter.optimization.utils.UtilsForceOpt:fmOptPSO_cust:189 -         PSO iteration: 21 ; 6 percentage similarities; Best obj: 0.03873
2026-10-06 10:39:44.313 | INFO     | myoconverter.optimization.utils.UtilsForceOpt:fmOptPSO_cust:189 -         PSO iteration: 22 ; 8 percentage similarities; Best obj: 0.03864
2026-10-06 10:39:44.450 | INFO     | myoconverter.optimization.utils.UtilsForceOpt:fmOptPSO_cust:189 -         PSO iteration: 23 ; 8 percentage similarities; Best obj: 0.03862
2026-10-06 10:39:44.588 | INFO     | myoconverter.optimization.utils.UtilsForceOpt:fmOptPSO_cust:189 -         PSO iteration: 24 ; 8 percentage similarities; Best obj: 0.03861
2026-10-06 10:39:44.725 | INFO     | myoconverter.optimization.utils.UtilsForceOpt:fmOptPSO_cust:189 -         PSO iteration: 25 ; 9 percentage similarities; Best obj: 0.03853
2026-10-06 10:39:44.860 | INFO     | myoconverter.optimization.utils.UtilsForceOpt:fmOptPSO_cust:189 -         PSO iteration: 26 ; 12 percentage similarities; Best obj: 0.03852
2026-10-06 10:39:44.993 | INFO     | myoconverter.optimization.utils.UtilsForceOpt:fmOptPSO_cust:189 -         PSO iteration: 27 ; 21 percentage similarities; Best obj: 0.03852
2026-10-06 10:39:45.129 | INFO     | myoconverter.optimization.utils.UtilsForceOpt:fmOptPSO_cust:189 -         PSO iteration: 28 ; 25 percentage similarities; Best obj: 0.03851
2026-10-06 10:39:45.265 | INFO     | myoconverter.optimization.utils.UtilsForceOpt:fmOptPSO_cust:189 -         PSO iteration: 29 ; 35 percentage similarities; Best obj: 0.03851
2026-10-06 10:39:45.403 | INFO     | myoconverter.optimization.utils.UtilsForceOpt:fmOptPSO_cust:189 -         PSO iteration: 30 ; 44 percentage similarities; Best obj: 0.0385
2026-10-06 10:39:45.534 | INFO     | myoconverter.optimization.utils.UtilsForceOpt:fmOptPSO_cust:189 -         PSO iteration: 31 ; 50 percentage similarities; Best obj: 0.0385
2026-10-06 10:39:45.534 | INFO     | myoconverter.optimization.utils.UtilsForceOpt:fmOptPSO_cust:197 -         Break the optimization, since certain number of similar particles reached
2026-10-06 10:39:45.554 | INFO     | myoconverter.conversion_steps.O2MStep3:optMuscleForce:273 - Muscle : soleus_r 
2026-10-06 10:39:45.749 | INFO     | myoconverter.optimization.utils.UtilsForceOpt:fmOptPSO_cust:189 -         PSO iteration: 0 ; 0 percentage similarities; Best obj: 0.17547
2026-10-06 10:39:45.835 | INFO     | myoconverter.optimization.utils.UtilsForceOpt:fmOptPSO_cust:189 -         PSO iteration: 1 ; 1 percentage similarities; Best obj: 0.11004
2026-10-06 10:39:45.920 | INFO     | myoconverter.optimization.utils.UtilsForceOpt:fmOptPSO_cust:189 -         PSO iteration: 2 ; 1 percentage similarities; Best obj: 0.11004
2026-10-06 10:39:46.007 | INFO     | myoconverter.optimization.utils.UtilsForceOpt:fmOptPSO_cust:189 -         PSO iteration: 3 ; 1 percentage similarities; Best obj: 0.11004
2026-10-06 10:39:46.094 | INFO     | myoconverter.optimization.utils.UtilsForceOpt:fmOptPSO_cust:189 -         PSO iteration: 4 ; 1 percentage similarities; Best obj: 0.11004
2026-10-06 10:39:46.181 | INFO     | myoconverter.optimization.utils.UtilsForceOpt:fmOptPSO_cust:189 -         PSO iteration: 5 ; 1 percentage similarities; Best obj: 0.11004
2026-10-06 10:39:46.268 | INFO     | myoconverter.optimization.utils.UtilsForceOpt:fmOptPSO_cust:189 -         PSO iteration: 6 ; 1 percentage similarities; Best obj: 0.11004
2026-10-06 10:39:46.357 | INFO     | myoconverter.optimization.utils.UtilsForceOpt:fmOptPSO_cust:189 -         PSO iteration: 7 ; 1 percentage similarities; Best obj: 0.11004
2026-10-06 10:39:46.445 | INFO     | myoconverter.optimization.utils.UtilsForceOpt:fmOptPSO_cust:189 -         PSO iteration: 8 ; 1 percentage similarities; Best obj: 0.11001
2026-10-06 10:39:46.534 | INFO     | myoconverter.optimization.utils.UtilsForceOpt:fmOptPSO_cust:189 -         PSO iteration: 9 ; 2 percentage similarities; Best obj: 0.10331
2026-10-06 10:39:46.625 | INFO     | myoconverter.optimization.utils.UtilsForceOpt:fmOptPSO_cust:189 -         PSO iteration: 10 ; 1 percentage similarities; Best obj: 0.1016
2026-10-06 10:39:46.713 | INFO     | myoconverter.optimization.utils.UtilsForceOpt:fmOptPSO_cust:189 -         PSO iteration: 11 ; 2 percentage similarities; Best obj: 0.09593
2026-10-06 10:39:46.801 | INFO     | myoconverter.optimization.utils.UtilsForceOpt:fmOptPSO_cust:189 -         PSO iteration: 12 ; 1 percentage similarities; Best obj: 0.09479
2026-10-06 10:39:46.891 | INFO     | myoconverter.optimization.utils.UtilsForceOpt:fmOptPSO_cust:189 -         PSO iteration: 13 ; 2 percentage similarities; Best obj: 0.09125
2026-10-06 10:39:46.979 | INFO     | myoconverter.optimization.utils.UtilsForceOpt:fmOptPSO_cust:189 -         PSO iteration: 14 ; 2 percentage similarities; Best obj: 0.0905
2026-10-06 10:39:47.067 | INFO     | myoconverter.optimization.utils.UtilsForceOpt:fmOptPSO_cust:189 -         PSO iteration: 15 ; 2 percentage similarities; Best obj: 0.09004
2026-10-06 10:39:47.155 | INFO     | myoconverter.optimization.utils.UtilsForceOpt:fmOptPSO_cust:189 -         PSO iteration: 16 ; 4 percentage similarities; Best obj: 0.08979
2026-10-06 10:39:47.241 | INFO     | myoconverter.optimization.utils.UtilsForceOpt:fmOptPSO_cust:189 -         PSO iteration: 17 ; 4 percentage similarities; Best obj: 0.08973
2026-10-06 10:39:47.331 | INFO     | myoconverter.optimization.utils.UtilsForceOpt:fmOptPSO_cust:189 -         PSO iteration: 18 ; 4 percentage similarities; Best obj: 0.08961
2026-10-06 10:39:47.417 | INFO     | myoconverter.optimization.utils.UtilsForceOpt:fmOptPSO_cust:189 -         PSO iteration: 19 ; 5 percentage similarities; Best obj: 0.08956
2026-10-06 10:39:47.512 | INFO     | myoconverter.optimization.utils.UtilsForceOpt:fmOptPSO_cust:189 -         PSO iteration: 20 ; 5 percentage similarities; Best obj: 0.08952
2026-10-06 10:39:47.634 | INFO     | myoconverter.optimization.utils.UtilsForceOpt:fmOptPSO_cust:189 -         PSO iteration: 21 ; 6 percentage similarities; Best obj: 0.08948
2026-10-06 10:39:47.743 | INFO     | myoconverter.optimization.utils.UtilsForceOpt:fmOptPSO_cust:189 -         PSO iteration: 22 ; 8 percentage similarities; Best obj: 0.08946
2026-10-06 10:39:47.839 | INFO     | myoconverter.optimization.utils.UtilsForceOpt:fmOptPSO_cust:189 -         PSO iteration: 23 ; 10 percentage similarities; Best obj: 0.08945
2026-10-06 10:39:47.932 | INFO     | myoconverter.optimization.utils.UtilsForceOpt:fmOptPSO_cust:189 -         PSO iteration: 24 ; 12 percentage similarities; Best obj: 0.08945
2026-10-06 10:39:48.020 | INFO     | myoconverter.optimization.utils.UtilsForceOpt:fmOptPSO_cust:189 -         PSO iteration: 25 ; 12 percentage similarities; Best obj: 0.08943
2026-10-06 10:39:48.110 | INFO     | myoconverter.optimization.utils.UtilsForceOpt:fmOptPSO_cust:189 -         PSO iteration: 26 ; 18 percentage similarities; Best obj: 0.08943
2026-10-06 10:39:48.198 | INFO     | myoconverter.optimization.utils.UtilsForceOpt:fmOptPSO_cust:189 -         PSO iteration: 27 ; 19 percentage similarities; Best obj: 0.08943
2026-10-06 10:39:48.286 | INFO     | myoconverter.optimization.utils.UtilsForceOpt:fmOptPSO_cust:189 -         PSO iteration: 28 ; 30 percentage similarities; Best obj: 0.08942
2026-10-06 10:39:48.373 | INFO     | myoconverter.optimization.utils.UtilsForceOpt:fmOptPSO_cust:189 -         PSO iteration: 29 ; 41 percentage similarities; Best obj: 0.08942
2026-10-06 10:39:48.373 | INFO     | myoconverter.optimization.utils.UtilsForceOpt:fmOptPSO_cust:197 -         Break the optimization, since certain number of similar particles reached
2026-10-06 10:39:48.389 | INFO     | myoconverter.conversion_steps.O2MStep3:optMuscleForce:273 - Muscle : tib_post_r 
2026-10-06 10:39:48.575 | INFO     | myoconverter.optimization.utils.UtilsForceOpt:fmOptPSO_cust:189 -         PSO iteration: 0 ; 0 percentage similarities; Best obj: 0.05782
2026-10-06 10:39:48.659 | INFO     | myoconverter.optimization.utils.UtilsForceOpt:fmOptPSO_cust:189 -         PSO iteration: 1 ; 1 percentage similarities; Best obj: 0.05782
2026-10-06 10:39:48.744 | INFO     | myoconverter.optimization.utils.UtilsForceOpt:fmOptPSO_cust:189 -         PSO iteration: 2 ; 1 percentage similarities; Best obj: 0.05782
2026-10-06 10:39:48.829 | INFO     | myoconverter.optimization.utils.UtilsForceOpt:fmOptPSO_cust:189 -         PSO iteration: 3 ; 1 percentage similarities; Best obj: 0.05782
2026-10-06 10:39:48.916 | INFO     | myoconverter.optimization.utils.UtilsForceOpt:fmOptPSO_cust:189 -         PSO iteration: 4 ; 1 percentage similarities; Best obj: 0.05782
2026-10-06 10:39:49.005 | INFO     | myoconverter.optimization.utils.UtilsForceOpt:fmOptPSO_cust:189 -         PSO iteration: 5 ; 1 percentage similarities; Best obj: 0.05782
2026-10-06 10:39:49.092 | INFO     | myoconverter.optimization.utils.UtilsForceOpt:fmOptPSO_cust:189 -         PSO iteration: 6 ; 1 percentage similarities; Best obj: 0.05676
2026-10-06 10:39:49.182 | INFO     | myoconverter.optimization.utils.UtilsForceOpt:fmOptPSO_cust:189 -         PSO iteration: 7 ; 1 percentage similarities; Best obj: 0.05676
2026-10-06 10:39:49.270 | INFO     | myoconverter.optimization.utils.UtilsForceOpt:fmOptPSO_cust:189 -         PSO iteration: 8 ; 1 percentage similarities; Best obj: 0.05676
2026-10-06 10:39:49.383 | INFO     | myoconverter.optimization.utils.UtilsForceOpt:fmOptPSO_cust:189 -         PSO iteration: 9 ; 1 percentage similarities; Best obj: 0.05676
2026-10-06 10:39:49.532 | INFO     | myoconverter.optimization.utils.UtilsForceOpt:fmOptPSO_cust:189 -         PSO iteration: 10 ; 1 percentage similarities; Best obj: 0.05676
2026-10-06 10:39:49.619 | INFO     | myoconverter.optimization.utils.UtilsForceOpt:fmOptPSO_cust:189 -         PSO iteration: 11 ; 1 percentage similarities; Best obj: 0.05676
2026-10-06 10:39:49.713 | INFO     | myoconverter.optimization.utils.UtilsForceOpt:fmOptPSO_cust:189 -         PSO iteration: 12 ; 1 percentage similarities; Best obj: 0.05676
2026-10-06 10:39:49.801 | INFO     | myoconverter.optimization.utils.UtilsForceOpt:fmOptPSO_cust:189 -         PSO iteration: 13 ; 1 percentage similarities; Best obj: 0.05676
2026-10-06 10:39:49.891 | INFO     | myoconverter.optimization.utils.UtilsForceOpt:fmOptPSO_cust:189 -         PSO iteration: 14 ; 1 percentage similarities; Best obj: 0.05662
2026-10-06 10:39:49.979 | INFO     | myoconverter.optimization.utils.UtilsForceOpt:fmOptPSO_cust:189 -         PSO iteration: 15 ; 2 percentage similarities; Best obj: 0.05504
2026-10-06 10:39:50.067 | INFO     | myoconverter.optimization.utils.UtilsForceOpt:fmOptPSO_cust:189 -         PSO iteration: 16 ; 1 percentage similarities; Best obj: 0.05479
2026-10-06 10:39:50.156 | INFO     | myoconverter.optimization.utils.UtilsForceOpt:fmOptPSO_cust:189 -         PSO iteration: 17 ; 2 percentage similarities; Best obj: 0.05474
2026-10-06 10:39:50.244 | INFO     | myoconverter.optimization.utils.UtilsForceOpt:fmOptPSO_cust:189 -         PSO iteration: 18 ; 2 percentage similarities; Best obj: 0.05472
2026-10-06 10:39:50.330 | INFO     | myoconverter.optimization.utils.UtilsForceOpt:fmOptPSO_cust:189 -         PSO iteration: 19 ; 9 percentage similarities; Best obj: 0.05457
2026-10-06 10:39:50.418 | INFO     | myoconverter.optimization.utils.UtilsForceOpt:fmOptPSO_cust:189 -         PSO iteration: 20 ; 9 percentage similarities; Best obj: 0.05454
2026-10-06 10:39:50.507 | INFO     | myoconverter.optimization.utils.UtilsForceOpt:fmOptPSO_cust:189 -         PSO iteration: 21 ; 9 percentage similarities; Best obj: 0.05453
2026-10-06 10:39:50.594 | INFO     | myoconverter.optimization.utils.UtilsForceOpt:fmOptPSO_cust:189 -         PSO iteration: 22 ; 18 percentage similarities; Best obj: 0.05446
2026-10-06 10:39:50.684 | INFO     | myoconverter.optimization.utils.UtilsForceOpt:fmOptPSO_cust:189 -         PSO iteration: 23 ; 28 percentage similarities; Best obj: 0.05444
2026-10-06 10:39:50.770 | INFO     | myoconverter.optimization.utils.UtilsForceOpt:fmOptPSO_cust:189 -         PSO iteration: 24 ; 31 percentage similarities; Best obj: 0.05444
2026-10-06 10:39:50.857 | INFO     | myoconverter.optimization.utils.UtilsForceOpt:fmOptPSO_cust:189 -         PSO iteration: 25 ; 46 percentage similarities; Best obj: 0.05443
2026-10-06 10:39:50.858 | INFO     | myoconverter.optimization.utils.UtilsForceOpt:fmOptPSO_cust:197 -         Break the optimization, since certain number of similar particles reached
2026-10-06 10:39:50.873 | INFO     | myoconverter.conversion_steps.O2MStep3:optMuscleForce:273 - Muscle : tib_ant_r 
2026-10-06 10:39:51.062 | INFO     | myoconverter.optimization.utils.UtilsForceOpt:fmOptPSO_cust:189 -         PSO iteration: 0 ; 0 percentage similarities; Best obj: 0.09379
2026-10-06 10:39:51.145 | INFO     | myoconverter.optimization.utils.UtilsForceOpt:fmOptPSO_cust:189 -         PSO iteration: 1 ; 1 percentage similarities; Best obj: 0.09379
2026-10-06 10:39:51.231 | INFO     | myoconverter.optimization.utils.UtilsForceOpt:fmOptPSO_cust:189 -         PSO iteration: 2 ; 1 percentage similarities; Best obj: 0.09379
2026-10-06 10:39:51.316 | INFO     | myoconverter.optimization.utils.UtilsForceOpt:fmOptPSO_cust:189 -         PSO iteration: 3 ; 1 percentage similarities; Best obj: 0.09379
2026-10-06 10:39:51.404 | INFO     | myoconverter.optimization.utils.UtilsForceOpt:fmOptPSO_cust:189 -         PSO iteration: 4 ; 1 percentage similarities; Best obj: 0.09379
2026-10-06 10:39:51.492 | INFO     | myoconverter.optimization.utils.UtilsForceOpt:fmOptPSO_cust:189 -         PSO iteration: 5 ; 1 percentage similarities; Best obj: 0.09379
2026-10-06 10:39:51.578 | INFO     | myoconverter.optimization.utils.UtilsForceOpt:fmOptPSO_cust:189 -         PSO iteration: 6 ; 1 percentage similarities; Best obj: 0.09379
2026-10-06 10:39:51.668 | INFO     | myoconverter.optimization.utils.UtilsForceOpt:fmOptPSO_cust:189 -         PSO iteration: 7 ; 1 percentage similarities; Best obj: 0.08888
2026-10-06 10:39:51.756 | INFO     | myoconverter.optimization.utils.UtilsForceOpt:fmOptPSO_cust:189 -         PSO iteration: 8 ; 1 percentage similarities; Best obj: 0.08436
2026-10-06 10:39:51.843 | INFO     | myoconverter.optimization.utils.UtilsForceOpt:fmOptPSO_cust:189 -         PSO iteration: 9 ; 2 percentage similarities; Best obj: 0.07877
2026-10-06 10:39:51.931 | INFO     | myoconverter.optimization.utils.UtilsForceOpt:fmOptPSO_cust:189 -         PSO iteration: 10 ; 2 percentage similarities; Best obj: 0.073
2026-10-06 10:39:52.023 | INFO     | myoconverter.optimization.utils.UtilsForceOpt:fmOptPSO_cust:189 -         PSO iteration: 11 ; 1 percentage similarities; Best obj: 0.06811
2026-10-06 10:39:52.112 | INFO     | myoconverter.optimization.utils.UtilsForceOpt:fmOptPSO_cust:189 -         PSO iteration: 12 ; 1 percentage similarities; Best obj: 0.06487
2026-10-06 10:39:52.202 | INFO     | myoconverter.optimization.utils.UtilsForceOpt:fmOptPSO_cust:189 -         PSO iteration: 13 ; 1 percentage similarities; Best obj: 0.06346
2026-10-06 10:39:52.291 | INFO     | myoconverter.optimization.utils.UtilsForceOpt:fmOptPSO_cust:189 -         PSO iteration: 14 ; 1 percentage similarities; Best obj: 0.06202
2026-10-06 10:39:52.381 | INFO     | myoconverter.optimization.utils.UtilsForceOpt:fmOptPSO_cust:189 -         PSO iteration: 15 ; 1 percentage similarities; Best obj: 0.06126
2026-10-06 10:39:52.469 | INFO     | myoconverter.optimization.utils.UtilsForceOpt:fmOptPSO_cust:189 -         PSO iteration: 16 ; 4 percentage similarities; Best obj: 0.05981
2026-10-06 10:39:52.559 | INFO     | myoconverter.optimization.utils.UtilsForceOpt:fmOptPSO_cust:189 -         PSO iteration: 17 ; 2 percentage similarities; Best obj: 0.0593
2026-10-06 10:39:52.656 | INFO     | myoconverter.optimization.utils.UtilsForceOpt:fmOptPSO_cust:189 -         PSO iteration: 18 ; 5 percentage similarities; Best obj: 0.05903
2026-10-06 10:39:52.752 | INFO     | myoconverter.optimization.utils.UtilsForceOpt:fmOptPSO_cust:189 -         PSO iteration: 19 ; 5 percentage similarities; Best obj: 0.05858
2026-10-06 10:39:52.843 | INFO     | myoconverter.optimization.utils.UtilsForceOpt:fmOptPSO_cust:189 -         PSO iteration: 20 ; 8 percentage similarities; Best obj: 0.05848
2026-10-06 10:39:52.941 | INFO     | myoconverter.optimization.utils.UtilsForceOpt:fmOptPSO_cust:189 -         PSO iteration: 21 ; 8 percentage similarities; Best obj: 0.05846
2026-10-06 10:39:53.030 | INFO     | myoconverter.optimization.utils.UtilsForceOpt:fmOptPSO_cust:189 -         PSO iteration: 22 ; 8 percentage similarities; Best obj: 0.05839
2026-10-06 10:39:53.115 | INFO     | myoconverter.optimization.utils.UtilsForceOpt:fmOptPSO_cust:189 -         PSO iteration: 23 ; 10 percentage similarities; Best obj: 0.05836
2026-10-06 10:39:53.204 | INFO     | myoconverter.optimization.utils.UtilsForceOpt:fmOptPSO_cust:189 -         PSO iteration: 24 ; 14 percentage similarities; Best obj: 0.05836
2026-10-06 10:39:53.291 | INFO     | myoconverter.optimization.utils.UtilsForceOpt:fmOptPSO_cust:189 -         PSO iteration: 25 ; 14 percentage similarities; Best obj: 0.05828
2026-10-06 10:39:53.378 | INFO     | myoconverter.optimization.utils.UtilsForceOpt:fmOptPSO_cust:189 -         PSO iteration: 26 ; 18 percentage similarities; Best obj: 0.05826
2026-10-06 10:39:53.469 | INFO     | myoconverter.optimization.utils.UtilsForceOpt:fmOptPSO_cust:189 -         PSO iteration: 27 ; 31 percentage similarities; Best obj: 0.05824
2026-10-06 10:39:53.557 | INFO     | myoconverter.optimization.utils.UtilsForceOpt:fmOptPSO_cust:189 -         PSO iteration: 28 ; 40 percentage similarities; Best obj: 0.05821
2026-10-06 10:39:53.557 | INFO     | myoconverter.optimization.utils.UtilsForceOpt:fmOptPSO_cust:197 -         Break the optimization, since certain number of similar particles reached
2026-10-06 10:39:53.584 | INFO     | myoconverter.conversion_steps.O2MStep3:optMuscleForce:273 - Muscle : glut_med1_l 
2026-10-06 10:39:53.791 | INFO     | myoconverter.optimization.utils.UtilsForceOpt:fmOptPSO_cust:189 -         PSO iteration: 0 ; 0 percentage similarities; Best obj: 0.16053
2026-10-06 10:39:53.906 | INFO     | myoconverter.optimization.utils.UtilsForceOpt:fmOptPSO_cust:189 -         PSO iteration: 1 ; 1 percentage similarities; Best obj: 0.16053
2026-10-06 10:39:54.022 | INFO     | myoconverter.optimization.utils.UtilsForceOpt:fmOptPSO_cust:189 -         PSO iteration: 2 ; 1 percentage similarities; Best obj: 0.16053
2026-10-06 10:39:54.134 | INFO     | myoconverter.optimization.utils.UtilsForceOpt:fmOptPSO_cust:189 -         PSO iteration: 3 ; 1 percentage similarities; Best obj: 0.16053
2026-10-06 10:39:54.251 | INFO     | myoconverter.optimization.utils.UtilsForceOpt:fmOptPSO_cust:189 -         PSO iteration: 4 ; 1 percentage similarities; Best obj: 0.16053
2026-10-06 10:39:54.368 | INFO     | myoconverter.optimization.utils.UtilsForceOpt:fmOptPSO_cust:189 -         PSO iteration: 5 ; 1 percentage similarities; Best obj: 0.14717
2026-10-06 10:39:54.485 | INFO     | myoconverter.optimization.utils.UtilsForceOpt:fmOptPSO_cust:189 -         PSO iteration: 6 ; 1 percentage similarities; Best obj: 0.14087
2026-10-06 10:39:54.601 | INFO     | myoconverter.optimization.utils.UtilsForceOpt:fmOptPSO_cust:189 -         PSO iteration: 7 ; 1 percentage similarities; Best obj: 0.13938
2026-10-06 10:39:54.717 | INFO     | myoconverter.optimization.utils.UtilsForceOpt:fmOptPSO_cust:189 -         PSO iteration: 8 ; 1 percentage similarities; Best obj: 0.13902
2026-10-06 10:39:54.834 | INFO     | myoconverter.optimization.utils.UtilsForceOpt:fmOptPSO_cust:189 -         PSO iteration: 9 ; 1 percentage similarities; Best obj: 0.12976
2026-10-06 10:39:54.949 | INFO     | myoconverter.optimization.utils.UtilsForceOpt:fmOptPSO_cust:189 -         PSO iteration: 10 ; 1 percentage similarities; Best obj: 0.12758
2026-10-06 10:39:55.066 | INFO     | myoconverter.optimization.utils.UtilsForceOpt:fmOptPSO_cust:189 -         PSO iteration: 11 ; 1 percentage similarities; Best obj: 0.1271
2026-10-06 10:39:55.186 | INFO     | myoconverter.optimization.utils.UtilsForceOpt:fmOptPSO_cust:189 -         PSO iteration: 12 ; 1 percentage similarities; Best obj: 0.12698
2026-10-06 10:39:55.300 | INFO     | myoconverter.optimization.utils.UtilsForceOpt:fmOptPSO_cust:189 -         PSO iteration: 13 ; 1 percentage similarities; Best obj: 0.12695
2026-10-06 10:39:55.414 | INFO     | myoconverter.optimization.utils.UtilsForceOpt:fmOptPSO_cust:189 -         PSO iteration: 14 ; 1 percentage similarities; Best obj: 0.12695
2026-10-06 10:39:55.529 | INFO     | myoconverter.optimization.utils.UtilsForceOpt:fmOptPSO_cust:189 -         PSO iteration: 15 ; 1 percentage similarities; Best obj: 0.12651
2026-10-06 10:39:55.650 | INFO     | myoconverter.optimization.utils.UtilsForceOpt:fmOptPSO_cust:189 -         PSO iteration: 16 ; 5 percentage similarities; Best obj: 0.12513
2026-10-06 10:39:55.767 | INFO     | myoconverter.optimization.utils.UtilsForceOpt:fmOptPSO_cust:189 -         PSO iteration: 17 ; 4 percentage similarities; Best obj: 0.12468
2026-10-06 10:39:55.882 | INFO     | myoconverter.optimization.utils.UtilsForceOpt:fmOptPSO_cust:189 -         PSO iteration: 18 ; 4 percentage similarities; Best obj: 0.12419
2026-10-06 10:39:56.000 | INFO     | myoconverter.optimization.utils.UtilsForceOpt:fmOptPSO_cust:189 -         PSO iteration: 19 ; 5 percentage similarities; Best obj: 0.12388
2026-10-06 10:39:56.115 | INFO     | myoconverter.optimization.utils.UtilsForceOpt:fmOptPSO_cust:189 -         PSO iteration: 20 ; 5 percentage similarities; Best obj: 0.12324
2026-10-06 10:39:56.230 | INFO     | myoconverter.optimization.utils.UtilsForceOpt:fmOptPSO_cust:189 -         PSO iteration: 21 ; 5 percentage similarities; Best obj: 0.12307
2026-10-06 10:39:56.344 | INFO     | myoconverter.optimization.utils.UtilsForceOpt:fmOptPSO_cust:189 -         PSO iteration: 22 ; 5 percentage similarities; Best obj: 0.12278
2026-10-06 10:39:56.460 | INFO     | myoconverter.optimization.utils.UtilsForceOpt:fmOptPSO_cust:189 -         PSO iteration: 23 ; 6 percentage similarities; Best obj: 0.12273
2026-10-06 10:39:56.576 | INFO     | myoconverter.optimization.utils.UtilsForceOpt:fmOptPSO_cust:189 -         PSO iteration: 24 ; 9 percentage similarities; Best obj: 0.12272
2026-10-06 10:39:56.693 | INFO     | myoconverter.optimization.utils.UtilsForceOpt:fmOptPSO_cust:189 -         PSO iteration: 25 ; 10 percentage similarities; Best obj: 0.1227
2026-10-06 10:39:56.814 | INFO     | myoconverter.optimization.utils.UtilsForceOpt:fmOptPSO_cust:189 -         PSO iteration: 26 ; 12 percentage similarities; Best obj: 0.12269
2026-10-06 10:39:56.931 | INFO     | myoconverter.optimization.utils.UtilsForceOpt:fmOptPSO_cust:189 -         PSO iteration: 27 ; 14 percentage similarities; Best obj: 0.12268
2026-10-06 10:39:57.047 | INFO     | myoconverter.optimization.utils.UtilsForceOpt:fmOptPSO_cust:189 -         PSO iteration: 28 ; 14 percentage similarities; Best obj: 0.12266
2026-10-06 10:39:57.163 | INFO     | myoconverter.optimization.utils.UtilsForceOpt:fmOptPSO_cust:189 -         PSO iteration: 29 ; 19 percentage similarities; Best obj: 0.12265
2026-10-06 10:39:57.280 | INFO     | myoconverter.optimization.utils.UtilsForceOpt:fmOptPSO_cust:189 -         PSO iteration: 30 ; 24 percentage similarities; Best obj: 0.12262
2026-10-06 10:39:57.393 | INFO     | myoconverter.optimization.utils.UtilsForceOpt:fmOptPSO_cust:189 -         PSO iteration: 31 ; 28 percentage similarities; Best obj: 0.12261
2026-10-06 10:39:57.508 | INFO     | myoconverter.optimization.utils.UtilsForceOpt:fmOptPSO_cust:189 -         PSO iteration: 32 ; 40 percentage similarities; Best obj: 0.12258
2026-10-06 10:39:57.508 | INFO     | myoconverter.optimization.utils.UtilsForceOpt:fmOptPSO_cust:197 -         Break the optimization, since certain number of similar particles reached
2026-10-06 10:39:57.527 | INFO     | myoconverter.conversion_steps.O2MStep3:optMuscleForce:273 - Muscle : glut_med2_l 
2026-10-06 10:39:57.771 | INFO     | myoconverter.optimization.utils.UtilsForceOpt:fmOptPSO_cust:189 -         PSO iteration: 0 ; 0 percentage similarities; Best obj: 0.08208
2026-10-06 10:39:57.885 | INFO     | myoconverter.optimization.utils.UtilsForceOpt:fmOptPSO_cust:189 -         PSO iteration: 1 ; 1 percentage similarities; Best obj: 0.08208
2026-10-06 10:39:57.999 | INFO     | myoconverter.optimization.utils.UtilsForceOpt:fmOptPSO_cust:189 -         PSO iteration: 2 ; 1 percentage similarities; Best obj: 0.08208
2026-10-06 10:39:58.114 | INFO     | myoconverter.optimization.utils.UtilsForceOpt:fmOptPSO_cust:189 -         PSO iteration: 3 ; 1 percentage similarities; Best obj: 0.08208
2026-10-06 10:39:58.231 | INFO     | myoconverter.optimization.utils.UtilsForceOpt:fmOptPSO_cust:189 -         PSO iteration: 4 ; 1 percentage similarities; Best obj: 0.08208
2026-10-06 10:39:58.346 | INFO     | myoconverter.optimization.utils.UtilsForceOpt:fmOptPSO_cust:189 -         PSO iteration: 5 ; 1 percentage similarities; Best obj: 0.08208
2026-10-06 10:39:58.465 | INFO     | myoconverter.optimization.utils.UtilsForceOpt:fmOptPSO_cust:189 -         PSO iteration: 6 ; 1 percentage similarities; Best obj: 0.08208
2026-10-06 10:39:58.585 | INFO     | myoconverter.optimization.utils.UtilsForceOpt:fmOptPSO_cust:189 -         PSO iteration: 7 ; 1 percentage similarities; Best obj: 0.06754
2026-10-06 10:39:58.701 | INFO     | myoconverter.optimization.utils.UtilsForceOpt:fmOptPSO_cust:189 -         PSO iteration: 8 ; 1 percentage similarities; Best obj: 0.05967
2026-10-06 10:39:58.820 | INFO     | myoconverter.optimization.utils.UtilsForceOpt:fmOptPSO_cust:189 -         PSO iteration: 9 ; 1 percentage similarities; Best obj: 0.05287
2026-10-06 10:39:58.936 | INFO     | myoconverter.optimization.utils.UtilsForceOpt:fmOptPSO_cust:189 -         PSO iteration: 10 ; 1 percentage similarities; Best obj: 0.04783
2026-10-06 10:39:59.052 | INFO     | myoconverter.optimization.utils.UtilsForceOpt:fmOptPSO_cust:189 -         PSO iteration: 11 ; 1 percentage similarities; Best obj: 0.04537
2026-10-06 10:39:59.167 | INFO     | myoconverter.optimization.utils.UtilsForceOpt:fmOptPSO_cust:189 -         PSO iteration: 12 ; 2 percentage similarities; Best obj: 0.04045
2026-10-06 10:39:59.283 | INFO     | myoconverter.optimization.utils.UtilsForceOpt:fmOptPSO_cust:189 -         PSO iteration: 13 ; 1 percentage similarities; Best obj: 0.03957
2026-10-06 10:39:59.399 | INFO     | myoconverter.optimization.utils.UtilsForceOpt:fmOptPSO_cust:189 -         PSO iteration: 14 ; 1 percentage similarities; Best obj: 0.03939
2026-10-06 10:39:59.521 | INFO     | myoconverter.optimization.utils.UtilsForceOpt:fmOptPSO_cust:189 -         PSO iteration: 15 ; 1 percentage similarities; Best obj: 0.03934
2026-10-06 10:39:59.713 | INFO     | myoconverter.optimization.utils.UtilsForceOpt:fmOptPSO_cust:189 -         PSO iteration: 16 ; 1 percentage similarities; Best obj: 0.03898
2026-10-06 10:39:59.832 | INFO     | myoconverter.optimization.utils.UtilsForceOpt:fmOptPSO_cust:189 -         PSO iteration: 17 ; 2 percentage similarities; Best obj: 0.03864
2026-10-06 10:39:59.958 | INFO     | myoconverter.optimization.utils.UtilsForceOpt:fmOptPSO_cust:189 -         PSO iteration: 18 ; 2 percentage similarities; Best obj: 0.03809
2026-10-06 10:40:00.084 | INFO     | myoconverter.optimization.utils.UtilsForceOpt:fmOptPSO_cust:189 -         PSO iteration: 19 ; 2 percentage similarities; Best obj: 0.03735
2026-10-06 10:40:00.200 | INFO     | myoconverter.optimization.utils.UtilsForceOpt:fmOptPSO_cust:189 -         PSO iteration: 20 ; 1 percentage similarities; Best obj: 0.03677
2026-10-06 10:40:00.318 | INFO     | myoconverter.optimization.utils.UtilsForceOpt:fmOptPSO_cust:189 -         PSO iteration: 21 ; 1 percentage similarities; Best obj: 0.03659
2026-10-06 10:40:00.434 | INFO     | myoconverter.optimization.utils.UtilsForceOpt:fmOptPSO_cust:189 -         PSO iteration: 22 ; 2 percentage similarities; Best obj: 0.03634
2026-10-06 10:40:00.551 | INFO     | myoconverter.optimization.utils.UtilsForceOpt:fmOptPSO_cust:189 -         PSO iteration: 23 ; 2 percentage similarities; Best obj: 0.03628
2026-10-06 10:40:00.668 | INFO     | myoconverter.optimization.utils.UtilsForceOpt:fmOptPSO_cust:189 -         PSO iteration: 24 ; 4 percentage similarities; Best obj: 0.03622
2026-10-06 10:40:00.785 | INFO     | myoconverter.optimization.utils.UtilsForceOpt:fmOptPSO_cust:189 -         PSO iteration: 25 ; 5 percentage similarities; Best obj: 0.03617
2026-10-06 10:40:00.902 | INFO     | myoconverter.optimization.utils.UtilsForceOpt:fmOptPSO_cust:189 -         PSO iteration: 26 ; 9 percentage similarities; Best obj: 0.03615
2026-10-06 10:40:01.020 | INFO     | myoconverter.optimization.utils.UtilsForceOpt:fmOptPSO_cust:189 -         PSO iteration: 27 ; 12 percentage similarities; Best obj: 0.03614
2026-10-06 10:40:01.137 | INFO     | myoconverter.optimization.utils.UtilsForceOpt:fmOptPSO_cust:189 -         PSO iteration: 28 ; 28 percentage similarities; Best obj: 0.03613
2026-10-06 10:40:01.137 | INFO     | myoconverter.optimization.utils.UtilsForceOpt:fmOptPSO_cust:197 -         Break the optimization, since certain number of similar particles reached
2026-10-06 10:40:01.156 | INFO     | myoconverter.conversion_steps.O2MStep3:optMuscleForce:273 - Muscle : glut_med3_l 
2026-10-06 10:40:01.365 | INFO     | myoconverter.optimization.utils.UtilsForceOpt:fmOptPSO_cust:189 -         PSO iteration: 0 ; 0 percentage similarities; Best obj: 0.09176
2026-10-06 10:40:01.474 | INFO     | myoconverter.optimization.utils.UtilsForceOpt:fmOptPSO_cust:189 -         PSO iteration: 1 ; 1 percentage similarities; Best obj: 0.05675
2026-10-06 10:40:01.584 | INFO     | myoconverter.optimization.utils.UtilsForceOpt:fmOptPSO_cust:189 -         PSO iteration: 2 ; 1 percentage similarities; Best obj: 0.05675
2026-10-06 10:40:01.697 | INFO     | myoconverter.optimization.utils.UtilsForceOpt:fmOptPSO_cust:189 -         PSO iteration: 3 ; 1 percentage similarities; Best obj: 0.05675
2026-10-06 10:40:01.811 | INFO     | myoconverter.optimization.utils.UtilsForceOpt:fmOptPSO_cust:189 -         PSO iteration: 4 ; 1 percentage similarities; Best obj: 0.05675
2026-10-06 10:40:01.923 | INFO     | myoconverter.optimization.utils.UtilsForceOpt:fmOptPSO_cust:189 -         PSO iteration: 5 ; 1 percentage similarities; Best obj: 0.05675
2026-10-06 10:40:02.039 | INFO     | myoconverter.optimization.utils.UtilsForceOpt:fmOptPSO_cust:189 -         PSO iteration: 6 ; 1 percentage similarities; Best obj: 0.05675
2026-10-06 10:40:02.152 | INFO     | myoconverter.optimization.utils.UtilsForceOpt:fmOptPSO_cust:189 -         PSO iteration: 7 ; 1 percentage similarities; Best obj: 0.05378
2026-10-06 10:40:02.265 | INFO     | myoconverter.optimization.utils.UtilsForceOpt:fmOptPSO_cust:189 -         PSO iteration: 8 ; 1 percentage similarities; Best obj: 0.05075
2026-10-06 10:40:02.379 | INFO     | myoconverter.optimization.utils.UtilsForceOpt:fmOptPSO_cust:189 -         PSO iteration: 9 ; 1 percentage similarities; Best obj: 0.04906
2026-10-06 10:40:02.495 | INFO     | myoconverter.optimization.utils.UtilsForceOpt:fmOptPSO_cust:189 -         PSO iteration: 10 ; 1 percentage similarities; Best obj: 0.04837
2026-10-06 10:40:02.645 | INFO     | myoconverter.optimization.utils.UtilsForceOpt:fmOptPSO_cust:189 -         PSO iteration: 11 ; 4 percentage similarities; Best obj: 0.04752
2026-10-06 10:40:02.808 | INFO     | myoconverter.optimization.utils.UtilsForceOpt:fmOptPSO_cust:189 -         PSO iteration: 12 ; 2 percentage similarities; Best obj: 0.0468
2026-10-06 10:40:02.938 | INFO     | myoconverter.optimization.utils.UtilsForceOpt:fmOptPSO_cust:189 -         PSO iteration: 13 ; 4 percentage similarities; Best obj: 0.04646
2026-10-06 10:40:03.068 | INFO     | myoconverter.optimization.utils.UtilsForceOpt:fmOptPSO_cust:189 -         PSO iteration: 14 ; 4 percentage similarities; Best obj: 0.04612
2026-10-06 10:40:03.186 | INFO     | myoconverter.optimization.utils.UtilsForceOpt:fmOptPSO_cust:189 -         PSO iteration: 15 ; 4 percentage similarities; Best obj: 0.04563
2026-10-06 10:40:03.304 | INFO     | myoconverter.optimization.utils.UtilsForceOpt:fmOptPSO_cust:189 -         PSO iteration: 16 ; 4 percentage similarities; Best obj: 0.04556
2026-10-06 10:40:03.443 | INFO     | myoconverter.optimization.utils.UtilsForceOpt:fmOptPSO_cust:189 -         PSO iteration: 17 ; 8 percentage similarities; Best obj: 0.04555
2026-10-06 10:40:03.561 | INFO     | myoconverter.optimization.utils.UtilsForceOpt:fmOptPSO_cust:189 -         PSO iteration: 18 ; 11 percentage similarities; Best obj: 0.04555
2026-10-06 10:40:03.679 | INFO     | myoconverter.optimization.utils.UtilsForceOpt:fmOptPSO_cust:189 -         PSO iteration: 19 ; 14 percentage similarities; Best obj: 0.04544
2026-10-06 10:40:03.798 | INFO     | myoconverter.optimization.utils.UtilsForceOpt:fmOptPSO_cust:189 -         PSO iteration: 20 ; 16 percentage similarities; Best obj: 0.04542
2026-10-06 10:40:03.912 | INFO     | myoconverter.optimization.utils.UtilsForceOpt:fmOptPSO_cust:189 -         PSO iteration: 21 ; 21 percentage similarities; Best obj: 0.04541
2026-10-06 10:40:04.028 | INFO     | myoconverter.optimization.utils.UtilsForceOpt:fmOptPSO_cust:189 -         PSO iteration: 22 ; 26 percentage similarities; Best obj: 0.04541
2026-10-06 10:40:04.145 | INFO     | myoconverter.optimization.utils.UtilsForceOpt:fmOptPSO_cust:189 -         PSO iteration: 23 ; 36 percentage similarities; Best obj: 0.0454
2026-10-06 10:40:04.260 | INFO     | myoconverter.optimization.utils.UtilsForceOpt:fmOptPSO_cust:189 -         PSO iteration: 24 ; 48 percentage similarities; Best obj: 0.04539
2026-10-06 10:40:04.260 | INFO     | myoconverter.optimization.utils.UtilsForceOpt:fmOptPSO_cust:197 -         Break the optimization, since certain number of similar particles reached
2026-10-06 10:40:04.289 | INFO     | myoconverter.conversion_steps.O2MStep3:optMuscleForce:273 - Muscle : bifemlh_l 
2026-10-06 10:40:04.540 | INFO     | myoconverter.optimization.utils.UtilsForceOpt:fmOptPSO_cust:189 -         PSO iteration: 0 ; 0 percentage similarities; Best obj: 0.18612
2026-10-06 10:40:04.674 | INFO     | myoconverter.optimization.utils.UtilsForceOpt:fmOptPSO_cust:189 -         PSO iteration: 1 ; 1 percentage similarities; Best obj: 0.13564
2026-10-06 10:40:04.812 | INFO     | myoconverter.optimization.utils.UtilsForceOpt:fmOptPSO_cust:189 -         PSO iteration: 2 ; 1 percentage similarities; Best obj: 0.13564
2026-10-06 10:40:04.952 | INFO     | myoconverter.optimization.utils.UtilsForceOpt:fmOptPSO_cust:189 -         PSO iteration: 3 ; 1 percentage similarities; Best obj: 0.13564
2026-10-06 10:40:05.093 | INFO     | myoconverter.optimization.utils.UtilsForceOpt:fmOptPSO_cust:189 -         PSO iteration: 4 ; 1 percentage similarities; Best obj: 0.13564
2026-10-06 10:40:05.236 | INFO     | myoconverter.optimization.utils.UtilsForceOpt:fmOptPSO_cust:189 -         PSO iteration: 5 ; 2 percentage similarities; Best obj: 0.12587
2026-10-06 10:40:05.376 | INFO     | myoconverter.optimization.utils.UtilsForceOpt:fmOptPSO_cust:189 -         PSO iteration: 6 ; 1 percentage similarities; Best obj: 0.1172
2026-10-06 10:40:05.516 | INFO     | myoconverter.optimization.utils.UtilsForceOpt:fmOptPSO_cust:189 -         PSO iteration: 7 ; 2 percentage similarities; Best obj: 0.11367
2026-10-06 10:40:05.656 | INFO     | myoconverter.optimization.utils.UtilsForceOpt:fmOptPSO_cust:189 -         PSO iteration: 8 ; 1 percentage similarities; Best obj: 0.11282
2026-10-06 10:40:05.797 | INFO     | myoconverter.optimization.utils.UtilsForceOpt:fmOptPSO_cust:189 -         PSO iteration: 9 ; 4 percentage similarities; Best obj: 0.1073
2026-10-06 10:40:05.933 | INFO     | myoconverter.optimization.utils.UtilsForceOpt:fmOptPSO_cust:189 -         PSO iteration: 10 ; 1 percentage similarities; Best obj: 0.1063
2026-10-06 10:40:06.073 | INFO     | myoconverter.optimization.utils.UtilsForceOpt:fmOptPSO_cust:189 -         PSO iteration: 11 ; 1 percentage similarities; Best obj: 0.10609
2026-10-06 10:40:06.213 | INFO     | myoconverter.optimization.utils.UtilsForceOpt:fmOptPSO_cust:189 -         PSO iteration: 12 ; 2 percentage similarities; Best obj: 0.1043
2026-10-06 10:40:06.353 | INFO     | myoconverter.optimization.utils.UtilsForceOpt:fmOptPSO_cust:189 -         PSO iteration: 13 ; 2 percentage similarities; Best obj: 0.10382
2026-10-06 10:40:06.493 | INFO     | myoconverter.optimization.utils.UtilsForceOpt:fmOptPSO_cust:189 -         PSO iteration: 14 ; 2 percentage similarities; Best obj: 0.1027
2026-10-06 10:40:06.635 | INFO     | myoconverter.optimization.utils.UtilsForceOpt:fmOptPSO_cust:189 -         PSO iteration: 15 ; 5 percentage similarities; Best obj: 0.10203
2026-10-06 10:40:06.774 | INFO     | myoconverter.optimization.utils.UtilsForceOpt:fmOptPSO_cust:189 -         PSO iteration: 16 ; 6 percentage similarities; Best obj: 0.10166
2026-10-06 10:40:06.913 | INFO     | myoconverter.optimization.utils.UtilsForceOpt:fmOptPSO_cust:189 -         PSO iteration: 17 ; 8 percentage similarities; Best obj: 0.10154
2026-10-06 10:40:07.053 | INFO     | myoconverter.optimization.utils.UtilsForceOpt:fmOptPSO_cust:189 -         PSO iteration: 18 ; 11 percentage similarities; Best obj: 0.10141
2026-10-06 10:40:07.193 | INFO     | myoconverter.optimization.utils.UtilsForceOpt:fmOptPSO_cust:189 -         PSO iteration: 19 ; 14 percentage similarities; Best obj: 0.10136
2026-10-06 10:40:07.339 | INFO     | myoconverter.optimization.utils.UtilsForceOpt:fmOptPSO_cust:189 -         PSO iteration: 20 ; 18 percentage similarities; Best obj: 0.10121
2026-10-06 10:40:07.475 | INFO     | myoconverter.optimization.utils.UtilsForceOpt:fmOptPSO_cust:189 -         PSO iteration: 21 ; 29 percentage similarities; Best obj: 0.10118
2026-10-06 10:40:07.618 | INFO     | myoconverter.optimization.utils.UtilsForceOpt:fmOptPSO_cust:189 -         PSO iteration: 22 ; 42 percentage similarities; Best obj: 0.1011
2026-10-06 10:40:07.618 | INFO     | myoconverter.optimization.utils.UtilsForceOpt:fmOptPSO_cust:197 -         Break the optimization, since certain number of similar particles reached
2026-10-06 10:40:07.639 | INFO     | myoconverter.conversion_steps.O2MStep3:optMuscleForce:273 - Muscle : bifemsh_l 
2026-10-06 10:40:07.891 | INFO     | myoconverter.optimization.utils.UtilsForceOpt:fmOptPSO_cust:189 -         PSO iteration: 0 ; 0 percentage similarities; Best obj: 0.04854
2026-10-06 10:40:07.993 | INFO     | myoconverter.optimization.utils.UtilsForceOpt:fmOptPSO_cust:189 -         PSO iteration: 1 ; 1 percentage similarities; Best obj: 0.03585
2026-10-06 10:40:08.102 | INFO     | myoconverter.optimization.utils.UtilsForceOpt:fmOptPSO_cust:189 -         PSO iteration: 2 ; 1 percentage similarities; Best obj: 0.03585
2026-10-06 10:40:08.205 | INFO     | myoconverter.optimization.utils.UtilsForceOpt:fmOptPSO_cust:189 -         PSO iteration: 3 ; 1 percentage similarities; Best obj: 0.03585
2026-10-06 10:40:08.310 | INFO     | myoconverter.optimization.utils.UtilsForceOpt:fmOptPSO_cust:189 -         PSO iteration: 4 ; 1 percentage similarities; Best obj: 0.03585
2026-10-06 10:40:08.417 | INFO     | myoconverter.optimization.utils.UtilsForceOpt:fmOptPSO_cust:189 -         PSO iteration: 5 ; 1 percentage similarities; Best obj: 0.03585
2026-10-06 10:40:08.521 | INFO     | myoconverter.optimization.utils.UtilsForceOpt:fmOptPSO_cust:189 -         PSO iteration: 6 ; 1 percentage similarities; Best obj: 0.03585
2026-10-06 10:40:08.634 | INFO     | myoconverter.optimization.utils.UtilsForceOpt:fmOptPSO_cust:189 -         PSO iteration: 7 ; 1 percentage similarities; Best obj: 0.03578
2026-10-06 10:40:08.745 | INFO     | myoconverter.optimization.utils.UtilsForceOpt:fmOptPSO_cust:189 -         PSO iteration: 8 ; 2 percentage similarities; Best obj: 0.03471
2026-10-06 10:40:08.853 | INFO     | myoconverter.optimization.utils.UtilsForceOpt:fmOptPSO_cust:189 -         PSO iteration: 9 ; 1 percentage similarities; Best obj: 0.03446
2026-10-06 10:40:08.960 | INFO     | myoconverter.optimization.utils.UtilsForceOpt:fmOptPSO_cust:189 -         PSO iteration: 10 ; 1 percentage similarities; Best obj: 0.03439
2026-10-06 10:40:09.068 | INFO     | myoconverter.optimization.utils.UtilsForceOpt:fmOptPSO_cust:189 -         PSO iteration: 11 ; 1 percentage similarities; Best obj: 0.03438
2026-10-06 10:40:09.178 | INFO     | myoconverter.optimization.utils.UtilsForceOpt:fmOptPSO_cust:189 -         PSO iteration: 12 ; 1 percentage similarities; Best obj: 0.03437
2026-10-06 10:40:09.285 | INFO     | myoconverter.optimization.utils.UtilsForceOpt:fmOptPSO_cust:189 -         PSO iteration: 13 ; 1 percentage similarities; Best obj: 0.0326
2026-10-06 10:40:09.392 | INFO     | myoconverter.optimization.utils.UtilsForceOpt:fmOptPSO_cust:189 -         PSO iteration: 14 ; 1 percentage similarities; Best obj: 0.02609
2026-10-06 10:40:09.495 | INFO     | myoconverter.optimization.utils.UtilsForceOpt:fmOptPSO_cust:189 -         PSO iteration: 15 ; 1 percentage similarities; Best obj: 0.02459
2026-10-06 10:40:09.602 | INFO     | myoconverter.optimization.utils.UtilsForceOpt:fmOptPSO_cust:189 -         PSO iteration: 16 ; 1 percentage similarities; Best obj: 0.02427
2026-10-06 10:40:09.716 | INFO     | myoconverter.optimization.utils.UtilsForceOpt:fmOptPSO_cust:189 -         PSO iteration: 17 ; 1 percentage similarities; Best obj: 0.02402
2026-10-06 10:40:09.893 | INFO     | myoconverter.optimization.utils.UtilsForceOpt:fmOptPSO_cust:189 -         PSO iteration: 18 ; 5 percentage similarities; Best obj: 0.02351
2026-10-06 10:40:10.003 | INFO     | myoconverter.optimization.utils.UtilsForceOpt:fmOptPSO_cust:189 -         PSO iteration: 19 ; 5 percentage similarities; Best obj: 0.02274
2026-10-06 10:40:10.109 | INFO     | myoconverter.optimization.utils.UtilsForceOpt:fmOptPSO_cust:189 -         PSO iteration: 20 ; 1 percentage similarities; Best obj: 0.02257
2026-10-06 10:40:10.222 | INFO     | myoconverter.optimization.utils.UtilsForceOpt:fmOptPSO_cust:189 -         PSO iteration: 21 ; 2 percentage similarities; Best obj: 0.02189
2026-10-06 10:40:10.328 | INFO     | myoconverter.optimization.utils.UtilsForceOpt:fmOptPSO_cust:189 -         PSO iteration: 22 ; 2 percentage similarities; Best obj: 0.02162
2026-10-06 10:40:10.438 | INFO     | myoconverter.optimization.utils.UtilsForceOpt:fmOptPSO_cust:189 -         PSO iteration: 23 ; 5 percentage similarities; Best obj: 0.02156
2026-10-06 10:40:10.547 | INFO     | myoconverter.optimization.utils.UtilsForceOpt:fmOptPSO_cust:189 -         PSO iteration: 24 ; 8 percentage similarities; Best obj: 0.02151
2026-10-06 10:40:10.655 | INFO     | myoconverter.optimization.utils.UtilsForceOpt:fmOptPSO_cust:189 -         PSO iteration: 25 ; 9 percentage similarities; Best obj: 0.0215
2026-10-06 10:40:10.766 | INFO     | myoconverter.optimization.utils.UtilsForceOpt:fmOptPSO_cust:189 -         PSO iteration: 26 ; 9 percentage similarities; Best obj: 0.02139
2026-10-06 10:40:10.874 | INFO     | myoconverter.optimization.utils.UtilsForceOpt:fmOptPSO_cust:189 -         PSO iteration: 27 ; 14 percentage similarities; Best obj: 0.02133
2026-10-06 10:40:10.982 | INFO     | myoconverter.optimization.utils.UtilsForceOpt:fmOptPSO_cust:189 -         PSO iteration: 28 ; 19 percentage similarities; Best obj: 0.02131
2026-10-06 10:40:11.087 | INFO     | myoconverter.optimization.utils.UtilsForceOpt:fmOptPSO_cust:189 -         PSO iteration: 29 ; 24 percentage similarities; Best obj: 0.0213
2026-10-06 10:40:11.194 | INFO     | myoconverter.optimization.utils.UtilsForceOpt:fmOptPSO_cust:189 -         PSO iteration: 30 ; 30 percentage similarities; Best obj: 0.02129
2026-10-06 10:40:11.299 | INFO     | myoconverter.optimization.utils.UtilsForceOpt:fmOptPSO_cust:189 -         PSO iteration: 31 ; 32 percentage similarities; Best obj: 0.02125
2026-10-06 10:40:11.408 | INFO     | myoconverter.optimization.utils.UtilsForceOpt:fmOptPSO_cust:189 -         PSO iteration: 32 ; 48 percentage similarities; Best obj: 0.02124
2026-10-06 10:40:11.408 | INFO     | myoconverter.optimization.utils.UtilsForceOpt:fmOptPSO_cust:197 -         Break the optimization, since certain number of similar particles reached
2026-10-06 10:40:11.426 | INFO     | myoconverter.conversion_steps.O2MStep3:optMuscleForce:273 - Muscle : sar_l 
2026-10-06 10:40:11.659 | INFO     | myoconverter.optimization.utils.UtilsForceOpt:fmOptPSO_cust:189 -         PSO iteration: 0 ; 0 percentage similarities; Best obj: 0.07242
2026-10-06 10:40:11.786 | INFO     | myoconverter.optimization.utils.UtilsForceOpt:fmOptPSO_cust:189 -         PSO iteration: 1 ; 1 percentage similarities; Best obj: 0.06664
2026-10-06 10:40:11.916 | INFO     | myoconverter.optimization.utils.UtilsForceOpt:fmOptPSO_cust:189 -         PSO iteration: 2 ; 1 percentage similarities; Best obj: 0.06664
2026-10-06 10:40:12.049 | INFO     | myoconverter.optimization.utils.UtilsForceOpt:fmOptPSO_cust:189 -         PSO iteration: 3 ; 1 percentage similarities; Best obj: 0.06664
2026-10-06 10:40:12.180 | INFO     | myoconverter.optimization.utils.UtilsForceOpt:fmOptPSO_cust:189 -         PSO iteration: 4 ; 1 percentage similarities; Best obj: 0.06664
2026-10-06 10:40:12.311 | INFO     | myoconverter.optimization.utils.UtilsForceOpt:fmOptPSO_cust:189 -         PSO iteration: 5 ; 1 percentage similarities; Best obj: 0.06664
2026-10-06 10:40:12.440 | INFO     | myoconverter.optimization.utils.UtilsForceOpt:fmOptPSO_cust:189 -         PSO iteration: 6 ; 1 percentage similarities; Best obj: 0.06664
2026-10-06 10:40:12.572 | INFO     | myoconverter.optimization.utils.UtilsForceOpt:fmOptPSO_cust:189 -         PSO iteration: 7 ; 1 percentage similarities; Best obj: 0.06153
2026-10-06 10:40:12.705 | INFO     | myoconverter.optimization.utils.UtilsForceOpt:fmOptPSO_cust:189 -         PSO iteration: 8 ; 1 percentage similarities; Best obj: 0.04481
2026-10-06 10:40:12.835 | INFO     | myoconverter.optimization.utils.UtilsForceOpt:fmOptPSO_cust:189 -         PSO iteration: 9 ; 1 percentage similarities; Best obj: 0.03835
2026-10-06 10:40:12.980 | INFO     | myoconverter.optimization.utils.UtilsForceOpt:fmOptPSO_cust:189 -         PSO iteration: 10 ; 1 percentage similarities; Best obj: 0.03287
2026-10-06 10:40:13.122 | INFO     | myoconverter.optimization.utils.UtilsForceOpt:fmOptPSO_cust:189 -         PSO iteration: 11 ; 1 percentage similarities; Best obj: 0.03113
2026-10-06 10:40:13.260 | INFO     | myoconverter.optimization.utils.UtilsForceOpt:fmOptPSO_cust:189 -         PSO iteration: 12 ; 1 percentage similarities; Best obj: 0.0306
2026-10-06 10:40:13.394 | INFO     | myoconverter.optimization.utils.UtilsForceOpt:fmOptPSO_cust:189 -         PSO iteration: 13 ; 4 percentage similarities; Best obj: 0.03033
2026-10-06 10:40:13.530 | INFO     | myoconverter.optimization.utils.UtilsForceOpt:fmOptPSO_cust:189 -         PSO iteration: 14 ; 4 percentage similarities; Best obj: 0.02809
2026-10-06 10:40:13.661 | INFO     | myoconverter.optimization.utils.UtilsForceOpt:fmOptPSO_cust:189 -         PSO iteration: 15 ; 1 percentage similarities; Best obj: 0.02769
2026-10-06 10:40:13.796 | INFO     | myoconverter.optimization.utils.UtilsForceOpt:fmOptPSO_cust:189 -         PSO iteration: 16 ; 2 percentage similarities; Best obj: 0.02666
2026-10-06 10:40:13.931 | INFO     | myoconverter.optimization.utils.UtilsForceOpt:fmOptPSO_cust:189 -         PSO iteration: 17 ; 1 percentage similarities; Best obj: 0.02649
2026-10-06 10:40:14.071 | INFO     | myoconverter.optimization.utils.UtilsForceOpt:fmOptPSO_cust:189 -         PSO iteration: 18 ; 1 percentage similarities; Best obj: 0.02646
2026-10-06 10:40:14.203 | INFO     | myoconverter.optimization.utils.UtilsForceOpt:fmOptPSO_cust:189 -         PSO iteration: 19 ; 6 percentage similarities; Best obj: 0.02637
2026-10-06 10:40:14.339 | INFO     | myoconverter.optimization.utils.UtilsForceOpt:fmOptPSO_cust:189 -         PSO iteration: 20 ; 15 percentage similarities; Best obj: 0.02616
2026-10-06 10:40:14.470 | INFO     | myoconverter.optimization.utils.UtilsForceOpt:fmOptPSO_cust:189 -         PSO iteration: 21 ; 14 percentage similarities; Best obj: 0.02602
2026-10-06 10:40:14.606 | INFO     | myoconverter.optimization.utils.UtilsForceOpt:fmOptPSO_cust:189 -         PSO iteration: 22 ; 16 percentage similarities; Best obj: 0.02595
2026-10-06 10:40:14.740 | INFO     | myoconverter.optimization.utils.UtilsForceOpt:fmOptPSO_cust:189 -         PSO iteration: 23 ; 21 percentage similarities; Best obj: 0.02592
2026-10-06 10:40:14.872 | INFO     | myoconverter.optimization.utils.UtilsForceOpt:fmOptPSO_cust:189 -         PSO iteration: 24 ; 22 percentage similarities; Best obj: 0.02591
2026-10-06 10:40:15.004 | INFO     | myoconverter.optimization.utils.UtilsForceOpt:fmOptPSO_cust:189 -         PSO iteration: 25 ; 30 percentage similarities; Best obj: 0.0259
2026-10-06 10:40:15.136 | INFO     | myoconverter.optimization.utils.UtilsForceOpt:fmOptPSO_cust:189 -         PSO iteration: 26 ; 38 percentage similarities; Best obj: 0.02589
2026-10-06 10:40:15.136 | INFO     | myoconverter.optimization.utils.UtilsForceOpt:fmOptPSO_cust:197 -         Break the optimization, since certain number of similar particles reached
2026-10-06 10:40:15.161 | INFO     | myoconverter.conversion_steps.O2MStep3:optMuscleForce:273 - Muscle : add_mag2_l 
2026-10-06 10:40:15.394 | INFO     | myoconverter.optimization.utils.UtilsForceOpt:fmOptPSO_cust:189 -         PSO iteration: 0 ; 0 percentage similarities; Best obj: 0.10406
2026-10-06 10:40:15.504 | INFO     | myoconverter.optimization.utils.UtilsForceOpt:fmOptPSO_cust:189 -         PSO iteration: 1 ; 1 percentage similarities; Best obj: 0.08663
2026-10-06 10:40:15.614 | INFO     | myoconverter.optimization.utils.UtilsForceOpt:fmOptPSO_cust:189 -         PSO iteration: 2 ; 1 percentage similarities; Best obj: 0.06761
2026-10-06 10:40:15.725 | INFO     | myoconverter.optimization.utils.UtilsForceOpt:fmOptPSO_cust:189 -         PSO iteration: 3 ; 1 percentage similarities; Best obj: 0.047
2026-10-06 10:40:15.839 | INFO     | myoconverter.optimization.utils.UtilsForceOpt:fmOptPSO_cust:189 -         PSO iteration: 4 ; 1 percentage similarities; Best obj: 0.04497
2026-10-06 10:40:15.950 | INFO     | myoconverter.optimization.utils.UtilsForceOpt:fmOptPSO_cust:189 -         PSO iteration: 5 ; 1 percentage similarities; Best obj: 0.04471
2026-10-06 10:40:16.064 | INFO     | myoconverter.optimization.utils.UtilsForceOpt:fmOptPSO_cust:189 -         PSO iteration: 6 ; 2 percentage similarities; Best obj: 0.04204
2026-10-06 10:40:16.176 | INFO     | myoconverter.optimization.utils.UtilsForceOpt:fmOptPSO_cust:189 -         PSO iteration: 7 ; 1 percentage similarities; Best obj: 0.04169
2026-10-06 10:40:16.290 | INFO     | myoconverter.optimization.utils.UtilsForceOpt:fmOptPSO_cust:189 -         PSO iteration: 8 ; 1 percentage similarities; Best obj: 0.04162
2026-10-06 10:40:16.404 | INFO     | myoconverter.optimization.utils.UtilsForceOpt:fmOptPSO_cust:189 -         PSO iteration: 9 ; 1 percentage similarities; Best obj: 0.04161
2026-10-06 10:40:16.516 | INFO     | myoconverter.optimization.utils.UtilsForceOpt:fmOptPSO_cust:189 -         PSO iteration: 10 ; 1 percentage similarities; Best obj: 0.04104
2026-10-06 10:40:16.630 | INFO     | myoconverter.optimization.utils.UtilsForceOpt:fmOptPSO_cust:189 -         PSO iteration: 11 ; 1 percentage similarities; Best obj: 0.04038
2026-10-06 10:40:16.744 | INFO     | myoconverter.optimization.utils.UtilsForceOpt:fmOptPSO_cust:189 -         PSO iteration: 12 ; 4 percentage similarities; Best obj: 0.0391
2026-10-06 10:40:16.860 | INFO     | myoconverter.optimization.utils.UtilsForceOpt:fmOptPSO_cust:189 -         PSO iteration: 13 ; 2 percentage similarities; Best obj: 0.0388
2026-10-06 10:40:16.972 | INFO     | myoconverter.optimization.utils.UtilsForceOpt:fmOptPSO_cust:189 -         PSO iteration: 14 ; 5 percentage similarities; Best obj: 0.03857
2026-10-06 10:40:17.087 | INFO     | myoconverter.optimization.utils.UtilsForceOpt:fmOptPSO_cust:189 -         PSO iteration: 15 ; 6 percentage similarities; Best obj: 0.0385
2026-10-06 10:40:17.199 | INFO     | myoconverter.optimization.utils.UtilsForceOpt:fmOptPSO_cust:189 -         PSO iteration: 16 ; 6 percentage similarities; Best obj: 0.0383
2026-10-06 10:40:17.311 | INFO     | myoconverter.optimization.utils.UtilsForceOpt:fmOptPSO_cust:189 -         PSO iteration: 17 ; 6 percentage similarities; Best obj: 0.03825
2026-10-06 10:40:17.425 | INFO     | myoconverter.optimization.utils.UtilsForceOpt:fmOptPSO_cust:189 -         PSO iteration: 18 ; 9 percentage similarities; Best obj: 0.03824
2026-10-06 10:40:17.537 | INFO     | myoconverter.optimization.utils.UtilsForceOpt:fmOptPSO_cust:189 -         PSO iteration: 19 ; 10 percentage similarities; Best obj: 0.03822
2026-10-06 10:40:17.652 | INFO     | myoconverter.optimization.utils.UtilsForceOpt:fmOptPSO_cust:189 -         PSO iteration: 20 ; 10 percentage similarities; Best obj: 0.03815
2026-10-06 10:40:17.765 | INFO     | myoconverter.optimization.utils.UtilsForceOpt:fmOptPSO_cust:189 -         PSO iteration: 21 ; 11 percentage similarities; Best obj: 0.03813
2026-10-06 10:40:17.878 | INFO     | myoconverter.optimization.utils.UtilsForceOpt:fmOptPSO_cust:189 -         PSO iteration: 22 ; 11 percentage similarities; Best obj: 0.03808
2026-10-06 10:40:18.036 | INFO     | myoconverter.optimization.utils.UtilsForceOpt:fmOptPSO_cust:189 -         PSO iteration: 23 ; 24 percentage similarities; Best obj: 0.03806
2026-10-06 10:40:18.155 | INFO     | myoconverter.optimization.utils.UtilsForceOpt:fmOptPSO_cust:189 -         PSO iteration: 24 ; 35 percentage similarities; Best obj: 0.03803
2026-10-06 10:40:18.155 | INFO     | myoconverter.optimization.utils.UtilsForceOpt:fmOptPSO_cust:197 -         Break the optimization, since certain number of similar particles reached
2026-10-06 10:40:18.180 | INFO     | myoconverter.conversion_steps.O2MStep3:optMuscleForce:273 - Muscle : tfl_l 
2026-10-06 10:40:18.411 | INFO     | myoconverter.optimization.utils.UtilsForceOpt:fmOptPSO_cust:189 -         PSO iteration: 0 ; 0 percentage similarities; Best obj: 0.14255
2026-10-06 10:40:18.543 | INFO     | myoconverter.optimization.utils.UtilsForceOpt:fmOptPSO_cust:189 -         PSO iteration: 1 ; 1 percentage similarities; Best obj: 0.14255
2026-10-06 10:40:18.679 | INFO     | myoconverter.optimization.utils.UtilsForceOpt:fmOptPSO_cust:189 -         PSO iteration: 2 ; 1 percentage similarities; Best obj: 0.13991
2026-10-06 10:40:18.813 | INFO     | myoconverter.optimization.utils.UtilsForceOpt:fmOptPSO_cust:189 -         PSO iteration: 3 ; 1 percentage similarities; Best obj: 0.13073
2026-10-06 10:40:18.949 | INFO     | myoconverter.optimization.utils.UtilsForceOpt:fmOptPSO_cust:189 -         PSO iteration: 4 ; 1 percentage similarities; Best obj: 0.12244
2026-10-06 10:40:19.083 | INFO     | myoconverter.optimization.utils.UtilsForceOpt:fmOptPSO_cust:189 -         PSO iteration: 5 ; 1 percentage similarities; Best obj: 0.12086
2026-10-06 10:40:19.214 | INFO     | myoconverter.optimization.utils.UtilsForceOpt:fmOptPSO_cust:189 -         PSO iteration: 6 ; 2 percentage similarities; Best obj: 0.11909
2026-10-06 10:40:19.357 | INFO     | myoconverter.optimization.utils.UtilsForceOpt:fmOptPSO_cust:189 -         PSO iteration: 7 ; 2 percentage similarities; Best obj: 0.11318
2026-10-06 10:40:19.492 | INFO     | myoconverter.optimization.utils.UtilsForceOpt:fmOptPSO_cust:189 -         PSO iteration: 8 ; 1 percentage similarities; Best obj: 0.11081
2026-10-06 10:40:19.626 | INFO     | myoconverter.optimization.utils.UtilsForceOpt:fmOptPSO_cust:189 -         PSO iteration: 9 ; 1 percentage similarities; Best obj: 0.11028
2026-10-06 10:40:19.765 | INFO     | myoconverter.optimization.utils.UtilsForceOpt:fmOptPSO_cust:189 -         PSO iteration: 10 ; 1 percentage similarities; Best obj: 0.10557
2026-10-06 10:40:19.905 | INFO     | myoconverter.optimization.utils.UtilsForceOpt:fmOptPSO_cust:189 -         PSO iteration: 11 ; 1 percentage similarities; Best obj: 0.10446
2026-10-06 10:40:20.110 | INFO     | myoconverter.optimization.utils.UtilsForceOpt:fmOptPSO_cust:189 -         PSO iteration: 12 ; 1 percentage similarities; Best obj: 0.10421
2026-10-06 10:40:20.254 | INFO     | myoconverter.optimization.utils.UtilsForceOpt:fmOptPSO_cust:189 -         PSO iteration: 13 ; 1 percentage similarities; Best obj: 0.09993
2026-10-06 10:40:20.397 | INFO     | myoconverter.optimization.utils.UtilsForceOpt:fmOptPSO_cust:189 -         PSO iteration: 14 ; 1 percentage similarities; Best obj: 0.09877
2026-10-06 10:40:20.532 | INFO     | myoconverter.optimization.utils.UtilsForceOpt:fmOptPSO_cust:189 -         PSO iteration: 15 ; 1 percentage similarities; Best obj: 0.09851
2026-10-06 10:40:20.670 | INFO     | myoconverter.optimization.utils.UtilsForceOpt:fmOptPSO_cust:189 -         PSO iteration: 16 ; 1 percentage similarities; Best obj: 0.09832
2026-10-06 10:40:20.808 | INFO     | myoconverter.optimization.utils.UtilsForceOpt:fmOptPSO_cust:189 -         PSO iteration: 17 ; 2 percentage similarities; Best obj: 0.09781
2026-10-06 10:40:20.946 | INFO     | myoconverter.optimization.utils.UtilsForceOpt:fmOptPSO_cust:189 -         PSO iteration: 18 ; 2 percentage similarities; Best obj: 0.09662
2026-10-06 10:40:21.085 | INFO     | myoconverter.optimization.utils.UtilsForceOpt:fmOptPSO_cust:189 -         PSO iteration: 19 ; 1 percentage similarities; Best obj: 0.0964
2026-10-06 10:40:21.219 | INFO     | myoconverter.optimization.utils.UtilsForceOpt:fmOptPSO_cust:189 -         PSO iteration: 20 ; 2 percentage similarities; Best obj: 0.09635
2026-10-06 10:40:21.359 | INFO     | myoconverter.optimization.utils.UtilsForceOpt:fmOptPSO_cust:189 -         PSO iteration: 21 ; 2 percentage similarities; Best obj: 0.0962
2026-10-06 10:40:21.493 | INFO     | myoconverter.optimization.utils.UtilsForceOpt:fmOptPSO_cust:189 -         PSO iteration: 22 ; 2 percentage similarities; Best obj: 0.09597
2026-10-06 10:40:21.633 | INFO     | myoconverter.optimization.utils.UtilsForceOpt:fmOptPSO_cust:189 -         PSO iteration: 23 ; 2 percentage similarities; Best obj: 0.09591
2026-10-06 10:40:21.771 | INFO     | myoconverter.optimization.utils.UtilsForceOpt:fmOptPSO_cust:189 -         PSO iteration: 24 ; 2 percentage similarities; Best obj: 0.09589
2026-10-06 10:40:21.908 | INFO     | myoconverter.optimization.utils.UtilsForceOpt:fmOptPSO_cust:189 -         PSO iteration: 25 ; 2 percentage similarities; Best obj: 0.09589
2026-10-06 10:40:22.046 | INFO     | myoconverter.optimization.utils.UtilsForceOpt:fmOptPSO_cust:189 -         PSO iteration: 26 ; 5 percentage similarities; Best obj: 0.09589
2026-10-06 10:40:22.185 | INFO     | myoconverter.optimization.utils.UtilsForceOpt:fmOptPSO_cust:189 -         PSO iteration: 27 ; 6 percentage similarities; Best obj: 0.09585
2026-10-06 10:40:22.322 | INFO     | myoconverter.optimization.utils.UtilsForceOpt:fmOptPSO_cust:189 -         PSO iteration: 28 ; 10 percentage similarities; Best obj: 0.09583
2026-10-06 10:40:22.462 | INFO     | myoconverter.optimization.utils.UtilsForceOpt:fmOptPSO_cust:189 -         PSO iteration: 29 ; 16 percentage similarities; Best obj: 0.09582
2026-10-06 10:40:22.607 | INFO     | myoconverter.optimization.utils.UtilsForceOpt:fmOptPSO_cust:189 -         PSO iteration: 30 ; 20 percentage similarities; Best obj: 0.09581
2026-10-06 10:40:22.738 | INFO     | myoconverter.optimization.utils.UtilsForceOpt:fmOptPSO_cust:189 -         PSO iteration: 31 ; 25 percentage similarities; Best obj: 0.0958
2026-10-06 10:40:22.880 | INFO     | myoconverter.optimization.utils.UtilsForceOpt:fmOptPSO_cust:189 -         PSO iteration: 32 ; 35 percentage similarities; Best obj: 0.0958
2026-10-06 10:40:22.880 | INFO     | myoconverter.optimization.utils.UtilsForceOpt:fmOptPSO_cust:197 -         Break the optimization, since certain number of similar particles reached
2026-10-06 10:40:22.896 | INFO     | myoconverter.conversion_steps.O2MStep3:optMuscleForce:273 - Muscle : pect_l 
2026-10-06 10:40:23.109 | INFO     | myoconverter.optimization.utils.UtilsForceOpt:fmOptPSO_cust:189 -         PSO iteration: 0 ; 0 percentage similarities; Best obj: 0.04162
2026-10-06 10:40:23.223 | INFO     | myoconverter.optimization.utils.UtilsForceOpt:fmOptPSO_cust:189 -         PSO iteration: 1 ; 1 percentage similarities; Best obj: 0.04162
2026-10-06 10:40:23.342 | INFO     | myoconverter.optimization.utils.UtilsForceOpt:fmOptPSO_cust:189 -         PSO iteration: 2 ; 1 percentage similarities; Best obj: 0.04162
2026-10-06 10:40:23.454 | INFO     | myoconverter.optimization.utils.UtilsForceOpt:fmOptPSO_cust:189 -         PSO iteration: 3 ; 1 percentage similarities; Best obj: 0.04162
2026-10-06 10:40:23.567 | INFO     | myoconverter.optimization.utils.UtilsForceOpt:fmOptPSO_cust:189 -         PSO iteration: 4 ; 1 percentage similarities; Best obj: 0.04162
2026-10-06 10:40:23.680 | INFO     | myoconverter.optimization.utils.UtilsForceOpt:fmOptPSO_cust:189 -         PSO iteration: 5 ; 1 percentage similarities; Best obj: 0.04162
2026-10-06 10:40:23.794 | INFO     | myoconverter.optimization.utils.UtilsForceOpt:fmOptPSO_cust:189 -         PSO iteration: 6 ; 1 percentage similarities; Best obj: 0.04162
2026-10-06 10:40:23.906 | INFO     | myoconverter.optimization.utils.UtilsForceOpt:fmOptPSO_cust:189 -         PSO iteration: 7 ; 1 percentage similarities; Best obj: 0.04162
2026-10-06 10:40:24.019 | INFO     | myoconverter.optimization.utils.UtilsForceOpt:fmOptPSO_cust:189 -         PSO iteration: 8 ; 1 percentage similarities; Best obj: 0.04162
2026-10-06 10:40:24.132 | INFO     | myoconverter.optimization.utils.UtilsForceOpt:fmOptPSO_cust:189 -         PSO iteration: 9 ; 1 percentage similarities; Best obj: 0.03809
2026-10-06 10:40:24.245 | INFO     | myoconverter.optimization.utils.UtilsForceOpt:fmOptPSO_cust:189 -         PSO iteration: 10 ; 1 percentage similarities; Best obj: 0.03809
2026-10-06 10:40:24.353 | INFO     | myoconverter.optimization.utils.UtilsForceOpt:fmOptPSO_cust:189 -         PSO iteration: 11 ; 2 percentage similarities; Best obj: 0.03757
2026-10-06 10:40:24.463 | INFO     | myoconverter.optimization.utils.UtilsForceOpt:fmOptPSO_cust:189 -         PSO iteration: 12 ; 1 percentage similarities; Best obj: 0.03741
2026-10-06 10:40:24.577 | INFO     | myoconverter.optimization.utils.UtilsForceOpt:fmOptPSO_cust:189 -         PSO iteration: 13 ; 2 percentage similarities; Best obj: 0.03673
2026-10-06 10:40:24.690 | INFO     | myoconverter.optimization.utils.UtilsForceOpt:fmOptPSO_cust:189 -         PSO iteration: 14 ; 2 percentage similarities; Best obj: 0.0362
2026-10-06 10:40:24.802 | INFO     | myoconverter.optimization.utils.UtilsForceOpt:fmOptPSO_cust:189 -         PSO iteration: 15 ; 4 percentage similarities; Best obj: 0.03608
2026-10-06 10:40:24.915 | INFO     | myoconverter.optimization.utils.UtilsForceOpt:fmOptPSO_cust:189 -         PSO iteration: 16 ; 4 percentage similarities; Best obj: 0.03605
2026-10-06 10:40:25.028 | INFO     | myoconverter.optimization.utils.UtilsForceOpt:fmOptPSO_cust:189 -         PSO iteration: 17 ; 8 percentage similarities; Best obj: 0.03594
2026-10-06 10:40:25.139 | INFO     | myoconverter.optimization.utils.UtilsForceOpt:fmOptPSO_cust:189 -         PSO iteration: 18 ; 8 percentage similarities; Best obj: 0.03591
2026-10-06 10:40:25.253 | INFO     | myoconverter.optimization.utils.UtilsForceOpt:fmOptPSO_cust:189 -         PSO iteration: 19 ; 8 percentage similarities; Best obj: 0.03574
2026-10-06 10:40:25.366 | INFO     | myoconverter.optimization.utils.UtilsForceOpt:fmOptPSO_cust:189 -         PSO iteration: 20 ; 8 percentage similarities; Best obj: 0.03569
2026-10-06 10:40:25.478 | INFO     | myoconverter.optimization.utils.UtilsForceOpt:fmOptPSO_cust:189 -         PSO iteration: 21 ; 9 percentage similarities; Best obj: 0.03566
2026-10-06 10:40:25.593 | INFO     | myoconverter.optimization.utils.UtilsForceOpt:fmOptPSO_cust:189 -         PSO iteration: 22 ; 11 percentage similarities; Best obj: 0.03564
2026-10-06 10:40:25.707 | INFO     | myoconverter.optimization.utils.UtilsForceOpt:fmOptPSO_cust:189 -         PSO iteration: 23 ; 11 percentage similarities; Best obj: 0.03563
2026-10-06 10:40:25.820 | INFO     | myoconverter.optimization.utils.UtilsForceOpt:fmOptPSO_cust:189 -         PSO iteration: 24 ; 11 percentage similarities; Best obj: 0.03563
2026-10-06 10:40:25.933 | INFO     | myoconverter.optimization.utils.UtilsForceOpt:fmOptPSO_cust:189 -         PSO iteration: 25 ; 11 percentage similarities; Best obj: 0.03562
2026-10-06 10:40:26.045 | INFO     | myoconverter.optimization.utils.UtilsForceOpt:fmOptPSO_cust:189 -         PSO iteration: 26 ; 12 percentage similarities; Best obj: 0.03561
2026-10-06 10:40:26.159 | INFO     | myoconverter.optimization.utils.UtilsForceOpt:fmOptPSO_cust:189 -         PSO iteration: 27 ; 14 percentage similarities; Best obj: 0.0356
2026-10-06 10:40:26.270 | INFO     | myoconverter.optimization.utils.UtilsForceOpt:fmOptPSO_cust:189 -         PSO iteration: 28 ; 18 percentage similarities; Best obj: 0.0356
2026-10-06 10:40:26.382 | INFO     | myoconverter.optimization.utils.UtilsForceOpt:fmOptPSO_cust:189 -         PSO iteration: 29 ; 21 percentage similarities; Best obj: 0.0356
2026-10-06 10:40:26.492 | INFO     | myoconverter.optimization.utils.UtilsForceOpt:fmOptPSO_cust:189 -         PSO iteration: 30 ; 35 percentage similarities; Best obj: 0.0356
2026-10-06 10:40:26.605 | INFO     | myoconverter.optimization.utils.UtilsForceOpt:fmOptPSO_cust:189 -         PSO iteration: 31 ; 48 percentage similarities; Best obj: 0.0356
2026-10-06 10:40:26.605 | INFO     | myoconverter.optimization.utils.UtilsForceOpt:fmOptPSO_cust:197 -         Break the optimization, since certain number of similar particles reached
2026-10-06 10:40:26.625 | INFO     | myoconverter.conversion_steps.O2MStep3:optMuscleForce:273 - Muscle : grac_l 
2026-10-06 10:40:26.865 | INFO     | myoconverter.optimization.utils.UtilsForceOpt:fmOptPSO_cust:189 -         PSO iteration: 0 ; 0 percentage similarities; Best obj: 0.06774
2026-10-06 10:40:27.004 | INFO     | myoconverter.optimization.utils.UtilsForceOpt:fmOptPSO_cust:189 -         PSO iteration: 1 ; 1 percentage similarities; Best obj: 0.06744
2026-10-06 10:40:27.147 | INFO     | myoconverter.optimization.utils.UtilsForceOpt:fmOptPSO_cust:189 -         PSO iteration: 2 ; 2 percentage similarities; Best obj: 0.06638
2026-10-06 10:40:27.321 | INFO     | myoconverter.optimization.utils.UtilsForceOpt:fmOptPSO_cust:189 -         PSO iteration: 3 ; 1 percentage similarities; Best obj: 0.03917
2026-10-06 10:40:27.465 | INFO     | myoconverter.optimization.utils.UtilsForceOpt:fmOptPSO_cust:189 -         PSO iteration: 4 ; 1 percentage similarities; Best obj: 0.03054
2026-10-06 10:40:27.609 | INFO     | myoconverter.optimization.utils.UtilsForceOpt:fmOptPSO_cust:189 -         PSO iteration: 5 ; 1 percentage similarities; Best obj: 0.0288
2026-10-06 10:40:27.753 | INFO     | myoconverter.optimization.utils.UtilsForceOpt:fmOptPSO_cust:189 -         PSO iteration: 6 ; 1 percentage similarities; Best obj: 0.0284
2026-10-06 10:40:27.897 | INFO     | myoconverter.optimization.utils.UtilsForceOpt:fmOptPSO_cust:189 -         PSO iteration: 7 ; 1 percentage similarities; Best obj: 0.02831
2026-10-06 10:40:28.034 | INFO     | myoconverter.optimization.utils.UtilsForceOpt:fmOptPSO_cust:189 -         PSO iteration: 8 ; 1 percentage similarities; Best obj: 0.02828
2026-10-06 10:40:28.214 | INFO     | myoconverter.optimization.utils.UtilsForceOpt:fmOptPSO_cust:189 -         PSO iteration: 9 ; 1 percentage similarities; Best obj: 0.02828
2026-10-06 10:40:28.369 | INFO     | myoconverter.optimization.utils.UtilsForceOpt:fmOptPSO_cust:189 -         PSO iteration: 10 ; 1 percentage similarities; Best obj: 0.02827
2026-10-06 10:40:28.512 | INFO     | myoconverter.optimization.utils.UtilsForceOpt:fmOptPSO_cust:189 -         PSO iteration: 11 ; 1 percentage similarities; Best obj: 0.02827
2026-10-06 10:40:28.657 | INFO     | myoconverter.optimization.utils.UtilsForceOpt:fmOptPSO_cust:189 -         PSO iteration: 12 ; 1 percentage similarities; Best obj: 0.02763
2026-10-06 10:40:28.798 | INFO     | myoconverter.optimization.utils.UtilsForceOpt:fmOptPSO_cust:189 -         PSO iteration: 13 ; 1 percentage similarities; Best obj: 0.02711
2026-10-06 10:40:28.942 | INFO     | myoconverter.optimization.utils.UtilsForceOpt:fmOptPSO_cust:189 -         PSO iteration: 14 ; 1 percentage similarities; Best obj: 0.027
2026-10-06 10:40:29.087 | INFO     | myoconverter.optimization.utils.UtilsForceOpt:fmOptPSO_cust:189 -         PSO iteration: 15 ; 1 percentage similarities; Best obj: 0.02697
2026-10-06 10:40:29.233 | INFO     | myoconverter.optimization.utils.UtilsForceOpt:fmOptPSO_cust:189 -         PSO iteration: 16 ; 4 percentage similarities; Best obj: 0.02535
2026-10-06 10:40:29.376 | INFO     | myoconverter.optimization.utils.UtilsForceOpt:fmOptPSO_cust:189 -         PSO iteration: 17 ; 2 percentage similarities; Best obj: 0.025
2026-10-06 10:40:29.515 | INFO     | myoconverter.optimization.utils.UtilsForceOpt:fmOptPSO_cust:189 -         PSO iteration: 18 ; 5 percentage similarities; Best obj: 0.02462
2026-10-06 10:40:29.660 | INFO     | myoconverter.optimization.utils.UtilsForceOpt:fmOptPSO_cust:189 -         PSO iteration: 19 ; 5 percentage similarities; Best obj: 0.02453
2026-10-06 10:40:29.803 | INFO     | myoconverter.optimization.utils.UtilsForceOpt:fmOptPSO_cust:189 -         PSO iteration: 20 ; 5 percentage similarities; Best obj: 0.0245
2026-10-06 10:40:29.944 | INFO     | myoconverter.optimization.utils.UtilsForceOpt:fmOptPSO_cust:189 -         PSO iteration: 21 ; 6 percentage similarities; Best obj: 0.02448
2026-10-06 10:40:30.088 | INFO     | myoconverter.optimization.utils.UtilsForceOpt:fmOptPSO_cust:189 -         PSO iteration: 22 ; 9 percentage similarities; Best obj: 0.02447
2026-10-06 10:40:30.264 | INFO     | myoconverter.optimization.utils.UtilsForceOpt:fmOptPSO_cust:189 -         PSO iteration: 23 ; 10 percentage similarities; Best obj: 0.02445
2026-10-06 10:40:30.439 | INFO     | myoconverter.optimization.utils.UtilsForceOpt:fmOptPSO_cust:189 -         PSO iteration: 24 ; 10 percentage similarities; Best obj: 0.02437
2026-10-06 10:40:30.588 | INFO     | myoconverter.optimization.utils.UtilsForceOpt:fmOptPSO_cust:189 -         PSO iteration: 25 ; 11 percentage similarities; Best obj: 0.02436
2026-10-06 10:40:30.733 | INFO     | myoconverter.optimization.utils.UtilsForceOpt:fmOptPSO_cust:189 -         PSO iteration: 26 ; 15 percentage similarities; Best obj: 0.02435
2026-10-06 10:40:30.883 | INFO     | myoconverter.optimization.utils.UtilsForceOpt:fmOptPSO_cust:189 -         PSO iteration: 27 ; 19 percentage similarities; Best obj: 0.02434
2026-10-06 10:40:31.032 | INFO     | myoconverter.optimization.utils.UtilsForceOpt:fmOptPSO_cust:189 -         PSO iteration: 28 ; 21 percentage similarities; Best obj: 0.02433
2026-10-06 10:40:31.176 | INFO     | myoconverter.optimization.utils.UtilsForceOpt:fmOptPSO_cust:189 -         PSO iteration: 29 ; 32 percentage similarities; Best obj: 0.02432
2026-10-06 10:40:31.318 | INFO     | myoconverter.optimization.utils.UtilsForceOpt:fmOptPSO_cust:189 -         PSO iteration: 30 ; 41 percentage similarities; Best obj: 0.02431
2026-10-06 10:40:31.318 | INFO     | myoconverter.optimization.utils.UtilsForceOpt:fmOptPSO_cust:197 -         Break the optimization, since certain number of similar particles reached
2026-10-06 10:40:31.347 | INFO     | myoconverter.conversion_steps.O2MStep3:optMuscleForce:273 - Muscle : glut_max1_l 
2026-10-06 10:40:31.562 | INFO     | myoconverter.optimization.utils.UtilsForceOpt:fmOptPSO_cust:189 -         PSO iteration: 0 ; 0 percentage similarities; Best obj: 0.10544
2026-10-06 10:40:31.679 | INFO     | myoconverter.optimization.utils.UtilsForceOpt:fmOptPSO_cust:189 -         PSO iteration: 1 ; 1 percentage similarities; Best obj: 0.06463
2026-10-06 10:40:31.791 | INFO     | myoconverter.optimization.utils.UtilsForceOpt:fmOptPSO_cust:189 -         PSO iteration: 2 ; 1 percentage similarities; Best obj: 0.06463
2026-10-06 10:40:31.906 | INFO     | myoconverter.optimization.utils.UtilsForceOpt:fmOptPSO_cust:189 -         PSO iteration: 3 ; 1 percentage similarities; Best obj: 0.06463
2026-10-06 10:40:32.026 | INFO     | myoconverter.optimization.utils.UtilsForceOpt:fmOptPSO_cust:189 -         PSO iteration: 4 ; 1 percentage similarities; Best obj: 0.06463
2026-10-06 10:40:32.145 | INFO     | myoconverter.optimization.utils.UtilsForceOpt:fmOptPSO_cust:189 -         PSO iteration: 5 ; 1 percentage similarities; Best obj: 0.06463
2026-10-06 10:40:32.266 | INFO     | myoconverter.optimization.utils.UtilsForceOpt:fmOptPSO_cust:189 -         PSO iteration: 6 ; 1 percentage similarities; Best obj: 0.06435
2026-10-06 10:40:32.381 | INFO     | myoconverter.optimization.utils.UtilsForceOpt:fmOptPSO_cust:189 -         PSO iteration: 7 ; 1 percentage similarities; Best obj: 0.06428
2026-10-06 10:40:32.500 | INFO     | myoconverter.optimization.utils.UtilsForceOpt:fmOptPSO_cust:189 -         PSO iteration: 8 ; 1 percentage similarities; Best obj: 0.06427
2026-10-06 10:40:32.617 | INFO     | myoconverter.optimization.utils.UtilsForceOpt:fmOptPSO_cust:189 -         PSO iteration: 9 ; 1 percentage similarities; Best obj: 0.06204
2026-10-06 10:40:32.734 | INFO     | myoconverter.optimization.utils.UtilsForceOpt:fmOptPSO_cust:189 -         PSO iteration: 10 ; 1 percentage similarities; Best obj: 0.06134
2026-10-06 10:40:32.856 | INFO     | myoconverter.optimization.utils.UtilsForceOpt:fmOptPSO_cust:189 -         PSO iteration: 11 ; 1 percentage similarities; Best obj: 0.06119
2026-10-06 10:40:32.974 | INFO     | myoconverter.optimization.utils.UtilsForceOpt:fmOptPSO_cust:189 -         PSO iteration: 12 ; 2 percentage similarities; Best obj: 0.06006
2026-10-06 10:40:33.092 | INFO     | myoconverter.optimization.utils.UtilsForceOpt:fmOptPSO_cust:189 -         PSO iteration: 13 ; 1 percentage similarities; Best obj: 0.05989
2026-10-06 10:40:33.219 | INFO     | myoconverter.optimization.utils.UtilsForceOpt:fmOptPSO_cust:189 -         PSO iteration: 14 ; 2 percentage similarities; Best obj: 0.05985
2026-10-06 10:40:33.344 | INFO     | myoconverter.optimization.utils.UtilsForceOpt:fmOptPSO_cust:189 -         PSO iteration: 15 ; 6 percentage similarities; Best obj: 0.05969
2026-10-06 10:40:33.476 | INFO     | myoconverter.optimization.utils.UtilsForceOpt:fmOptPSO_cust:189 -         PSO iteration: 16 ; 8 percentage similarities; Best obj: 0.05964
2026-10-06 10:40:33.593 | INFO     | myoconverter.optimization.utils.UtilsForceOpt:fmOptPSO_cust:189 -         PSO iteration: 17 ; 9 percentage similarities; Best obj: 0.05956
2026-10-06 10:40:33.716 | INFO     | myoconverter.optimization.utils.UtilsForceOpt:fmOptPSO_cust:189 -         PSO iteration: 18 ; 11 percentage similarities; Best obj: 0.05951
2026-10-06 10:40:33.835 | INFO     | myoconverter.optimization.utils.UtilsForceOpt:fmOptPSO_cust:189 -         PSO iteration: 19 ; 12 percentage similarities; Best obj: 0.05937
2026-10-06 10:40:33.956 | INFO     | myoconverter.optimization.utils.UtilsForceOpt:fmOptPSO_cust:189 -         PSO iteration: 20 ; 15 percentage similarities; Best obj: 0.05934
2026-10-06 10:40:34.074 | INFO     | myoconverter.optimization.utils.UtilsForceOpt:fmOptPSO_cust:189 -         PSO iteration: 21 ; 15 percentage similarities; Best obj: 0.05933
2026-10-06 10:40:34.194 | INFO     | myoconverter.optimization.utils.UtilsForceOpt:fmOptPSO_cust:189 -         PSO iteration: 22 ; 16 percentage similarities; Best obj: 0.05932
2026-10-06 10:40:34.314 | INFO     | myoconverter.optimization.utils.UtilsForceOpt:fmOptPSO_cust:189 -         PSO iteration: 23 ; 19 percentage similarities; Best obj: 0.05929
2026-10-06 10:40:34.430 | INFO     | myoconverter.optimization.utils.UtilsForceOpt:fmOptPSO_cust:189 -         PSO iteration: 24 ; 26 percentage similarities; Best obj: 0.05928
2026-10-06 10:40:34.549 | INFO     | myoconverter.optimization.utils.UtilsForceOpt:fmOptPSO_cust:189 -         PSO iteration: 25 ; 31 percentage similarities; Best obj: 0.05928
2026-10-06 10:40:34.666 | INFO     | myoconverter.optimization.utils.UtilsForceOpt:fmOptPSO_cust:189 -         PSO iteration: 26 ; 39 percentage similarities; Best obj: 0.05927
2026-10-06 10:40:34.788 | INFO     | myoconverter.optimization.utils.UtilsForceOpt:fmOptPSO_cust:189 -         PSO iteration: 27 ; 49 percentage similarities; Best obj: 0.05927
2026-10-06 10:40:34.788 | INFO     | myoconverter.optimization.utils.UtilsForceOpt:fmOptPSO_cust:197 -         Break the optimization, since certain number of similar particles reached
2026-10-06 10:40:34.810 | INFO     | myoconverter.conversion_steps.O2MStep3:optMuscleForce:273 - Muscle : glut_max2_l 
2026-10-06 10:40:35.032 | INFO     | myoconverter.optimization.utils.UtilsForceOpt:fmOptPSO_cust:189 -         PSO iteration: 0 ; 0 percentage similarities; Best obj: 0.08248
2026-10-06 10:40:35.142 | INFO     | myoconverter.optimization.utils.UtilsForceOpt:fmOptPSO_cust:189 -         PSO iteration: 1 ; 1 percentage similarities; Best obj: 0.08248
2026-10-06 10:40:35.255 | INFO     | myoconverter.optimization.utils.UtilsForceOpt:fmOptPSO_cust:189 -         PSO iteration: 2 ; 1 percentage similarities; Best obj: 0.0794
2026-10-06 10:40:35.371 | INFO     | myoconverter.optimization.utils.UtilsForceOpt:fmOptPSO_cust:189 -         PSO iteration: 3 ; 1 percentage similarities; Best obj: 0.0794
2026-10-06 10:40:35.487 | INFO     | myoconverter.optimization.utils.UtilsForceOpt:fmOptPSO_cust:189 -         PSO iteration: 4 ; 1 percentage similarities; Best obj: 0.0794
2026-10-06 10:40:35.604 | INFO     | myoconverter.optimization.utils.UtilsForceOpt:fmOptPSO_cust:189 -         PSO iteration: 5 ; 1 percentage similarities; Best obj: 0.0794
2026-10-06 10:40:35.721 | INFO     | myoconverter.optimization.utils.UtilsForceOpt:fmOptPSO_cust:189 -         PSO iteration: 6 ; 1 percentage similarities; Best obj: 0.0782
2026-10-06 10:40:35.837 | INFO     | myoconverter.optimization.utils.UtilsForceOpt:fmOptPSO_cust:189 -         PSO iteration: 7 ; 1 percentage similarities; Best obj: 0.07553
2026-10-06 10:40:35.953 | INFO     | myoconverter.optimization.utils.UtilsForceOpt:fmOptPSO_cust:189 -         PSO iteration: 8 ; 1 percentage similarities; Best obj: 0.07487
2026-10-06 10:40:36.069 | INFO     | myoconverter.optimization.utils.UtilsForceOpt:fmOptPSO_cust:189 -         PSO iteration: 9 ; 2 percentage similarities; Best obj: 0.06871
2026-10-06 10:40:36.185 | INFO     | myoconverter.optimization.utils.UtilsForceOpt:fmOptPSO_cust:189 -         PSO iteration: 10 ; 1 percentage similarities; Best obj: 0.06561
2026-10-06 10:40:36.302 | INFO     | myoconverter.optimization.utils.UtilsForceOpt:fmOptPSO_cust:189 -         PSO iteration: 11 ; 1 percentage similarities; Best obj: 0.06465
2026-10-06 10:40:36.419 | INFO     | myoconverter.optimization.utils.UtilsForceOpt:fmOptPSO_cust:189 -         PSO iteration: 12 ; 1 percentage similarities; Best obj: 0.06444
2026-10-06 10:40:36.535 | INFO     | myoconverter.optimization.utils.UtilsForceOpt:fmOptPSO_cust:189 -         PSO iteration: 13 ; 1 percentage similarities; Best obj: 0.06439
2026-10-06 10:40:36.651 | INFO     | myoconverter.optimization.utils.UtilsForceOpt:fmOptPSO_cust:189 -         PSO iteration: 14 ; 2 percentage similarities; Best obj: 0.06354
2026-10-06 10:40:36.767 | INFO     | myoconverter.optimization.utils.UtilsForceOpt:fmOptPSO_cust:189 -         PSO iteration: 15 ; 4 percentage similarities; Best obj: 0.06328
2026-10-06 10:40:36.884 | INFO     | myoconverter.optimization.utils.UtilsForceOpt:fmOptPSO_cust:189 -         PSO iteration: 16 ; 5 percentage similarities; Best obj: 0.06311
2026-10-06 10:40:37.001 | INFO     | myoconverter.optimization.utils.UtilsForceOpt:fmOptPSO_cust:189 -         PSO iteration: 17 ; 8 percentage similarities; Best obj: 0.06241
2026-10-06 10:40:37.117 | INFO     | myoconverter.optimization.utils.UtilsForceOpt:fmOptPSO_cust:189 -         PSO iteration: 18 ; 6 percentage similarities; Best obj: 0.06226
2026-10-06 10:40:37.234 | INFO     | myoconverter.optimization.utils.UtilsForceOpt:fmOptPSO_cust:189 -         PSO iteration: 19 ; 8 percentage similarities; Best obj: 0.06216
2026-10-06 10:40:37.351 | INFO     | myoconverter.optimization.utils.UtilsForceOpt:fmOptPSO_cust:189 -         PSO iteration: 20 ; 9 percentage similarities; Best obj: 0.06201
2026-10-06 10:40:37.468 | INFO     | myoconverter.optimization.utils.UtilsForceOpt:fmOptPSO_cust:189 -         PSO iteration: 21 ; 11 percentage similarities; Best obj: 0.06193
2026-10-06 10:40:37.583 | INFO     | myoconverter.optimization.utils.UtilsForceOpt:fmOptPSO_cust:189 -         PSO iteration: 22 ; 12 percentage similarities; Best obj: 0.06156
2026-10-06 10:40:37.700 | INFO     | myoconverter.optimization.utils.UtilsForceOpt:fmOptPSO_cust:189 -         PSO iteration: 23 ; 16 percentage similarities; Best obj: 0.06149
2026-10-06 10:40:37.818 | INFO     | myoconverter.optimization.utils.UtilsForceOpt:fmOptPSO_cust:189 -         PSO iteration: 24 ; 21 percentage similarities; Best obj: 0.06145
2026-10-06 10:40:37.936 | INFO     | myoconverter.optimization.utils.UtilsForceOpt:fmOptPSO_cust:189 -         PSO iteration: 25 ; 30 percentage similarities; Best obj: 0.06138
2026-10-06 10:40:38.049 | INFO     | myoconverter.optimization.utils.UtilsForceOpt:fmOptPSO_cust:189 -         PSO iteration: 26 ; 45 percentage similarities; Best obj: 0.06137
2026-10-06 10:40:38.049 | INFO     | myoconverter.optimization.utils.UtilsForceOpt:fmOptPSO_cust:197 -         Break the optimization, since certain number of similar particles reached
2026-10-06 10:40:38.066 | INFO     | myoconverter.conversion_steps.O2MStep3:optMuscleForce:273 - Muscle : glut_max3_l 
2026-10-06 10:40:38.315 | INFO     | myoconverter.optimization.utils.UtilsForceOpt:fmOptPSO_cust:189 -         PSO iteration: 0 ; 0 percentage similarities; Best obj: 0.08634
2026-10-06 10:40:38.432 | INFO     | myoconverter.optimization.utils.UtilsForceOpt:fmOptPSO_cust:189 -         PSO iteration: 1 ; 1 percentage similarities; Best obj: 0.08052
2026-10-06 10:40:38.551 | INFO     | myoconverter.optimization.utils.UtilsForceOpt:fmOptPSO_cust:189 -         PSO iteration: 2 ; 1 percentage similarities; Best obj: 0.06003
2026-10-06 10:40:38.669 | INFO     | myoconverter.optimization.utils.UtilsForceOpt:fmOptPSO_cust:189 -         PSO iteration: 3 ; 1 percentage similarities; Best obj: 0.05636
2026-10-06 10:40:38.786 | INFO     | myoconverter.optimization.utils.UtilsForceOpt:fmOptPSO_cust:189 -         PSO iteration: 4 ; 1 percentage similarities; Best obj: 0.05557
2026-10-06 10:40:38.903 | INFO     | myoconverter.optimization.utils.UtilsForceOpt:fmOptPSO_cust:189 -         PSO iteration: 5 ; 1 percentage similarities; Best obj: 0.05046
2026-10-06 10:40:39.016 | INFO     | myoconverter.optimization.utils.UtilsForceOpt:fmOptPSO_cust:189 -         PSO iteration: 6 ; 1 percentage similarities; Best obj: 0.04785
2026-10-06 10:40:39.133 | INFO     | myoconverter.optimization.utils.UtilsForceOpt:fmOptPSO_cust:189 -         PSO iteration: 7 ; 1 percentage similarities; Best obj: 0.04726
2026-10-06 10:40:39.252 | INFO     | myoconverter.optimization.utils.UtilsForceOpt:fmOptPSO_cust:189 -         PSO iteration: 8 ; 1 percentage similarities; Best obj: 0.04592
2026-10-06 10:40:39.368 | INFO     | myoconverter.optimization.utils.UtilsForceOpt:fmOptPSO_cust:189 -         PSO iteration: 9 ; 1 percentage similarities; Best obj: 0.04448
2026-10-06 10:40:39.485 | INFO     | myoconverter.optimization.utils.UtilsForceOpt:fmOptPSO_cust:189 -         PSO iteration: 10 ; 1 percentage similarities; Best obj: 0.04416
2026-10-06 10:40:39.601 | INFO     | myoconverter.optimization.utils.UtilsForceOpt:fmOptPSO_cust:189 -         PSO iteration: 11 ; 1 percentage similarities; Best obj: 0.04408
2026-10-06 10:40:39.719 | INFO     | myoconverter.optimization.utils.UtilsForceOpt:fmOptPSO_cust:189 -         PSO iteration: 12 ; 1 percentage similarities; Best obj: 0.04406
2026-10-06 10:40:39.837 | INFO     | myoconverter.optimization.utils.UtilsForceOpt:fmOptPSO_cust:189 -         PSO iteration: 13 ; 2 percentage similarities; Best obj: 0.04301
2026-10-06 10:40:39.959 | INFO     | myoconverter.optimization.utils.UtilsForceOpt:fmOptPSO_cust:189 -         PSO iteration: 14 ; 1 percentage similarities; Best obj: 0.04276
2026-10-06 10:40:40.079 | INFO     | myoconverter.optimization.utils.UtilsForceOpt:fmOptPSO_cust:189 -         PSO iteration: 15 ; 1 percentage similarities; Best obj: 0.0427
2026-10-06 10:40:40.194 | INFO     | myoconverter.optimization.utils.UtilsForceOpt:fmOptPSO_cust:189 -         PSO iteration: 16 ; 1 percentage similarities; Best obj: 0.04268
2026-10-06 10:40:40.310 | INFO     | myoconverter.optimization.utils.UtilsForceOpt:fmOptPSO_cust:189 -         PSO iteration: 17 ; 1 percentage similarities; Best obj: 0.04268
2026-10-06 10:40:40.483 | INFO     | myoconverter.optimization.utils.UtilsForceOpt:fmOptPSO_cust:189 -         PSO iteration: 18 ; 2 percentage similarities; Best obj: 0.04202
2026-10-06 10:40:40.630 | INFO     | myoconverter.optimization.utils.UtilsForceOpt:fmOptPSO_cust:189 -         PSO iteration: 19 ; 2 percentage similarities; Best obj: 0.04186
2026-10-06 10:40:40.759 | INFO     | myoconverter.optimization.utils.UtilsForceOpt:fmOptPSO_cust:189 -         PSO iteration: 20 ; 4 percentage similarities; Best obj: 0.04179
2026-10-06 10:40:40.877 | INFO     | myoconverter.optimization.utils.UtilsForceOpt:fmOptPSO_cust:189 -         PSO iteration: 21 ; 5 percentage similarities; Best obj: 0.04161
2026-10-06 10:40:40.997 | INFO     | myoconverter.optimization.utils.UtilsForceOpt:fmOptPSO_cust:189 -         PSO iteration: 22 ; 6 percentage similarities; Best obj: 0.04129
2026-10-06 10:40:41.114 | INFO     | myoconverter.optimization.utils.UtilsForceOpt:fmOptPSO_cust:189 -         PSO iteration: 23 ; 6 percentage similarities; Best obj: 0.04014
2026-10-06 10:40:41.233 | INFO     | myoconverter.optimization.utils.UtilsForceOpt:fmOptPSO_cust:189 -         PSO iteration: 24 ; 4 percentage similarities; Best obj: 0.03991
2026-10-06 10:40:41.352 | INFO     | myoconverter.optimization.utils.UtilsForceOpt:fmOptPSO_cust:189 -         PSO iteration: 25 ; 2 percentage similarities; Best obj: 0.03987
2026-10-06 10:40:41.468 | INFO     | myoconverter.optimization.utils.UtilsForceOpt:fmOptPSO_cust:189 -         PSO iteration: 26 ; 6 percentage similarities; Best obj: 0.03986
2026-10-06 10:40:41.585 | INFO     | myoconverter.optimization.utils.UtilsForceOpt:fmOptPSO_cust:189 -         PSO iteration: 27 ; 18 percentage similarities; Best obj: 0.03982
2026-10-06 10:40:41.704 | INFO     | myoconverter.optimization.utils.UtilsForceOpt:fmOptPSO_cust:189 -         PSO iteration: 28 ; 30 percentage similarities; Best obj: 0.03972
2026-10-06 10:40:41.824 | INFO     | myoconverter.optimization.utils.UtilsForceOpt:fmOptPSO_cust:189 -         PSO iteration: 29 ; 39 percentage similarities; Best obj: 0.0397
2026-10-06 10:40:41.824 | INFO     | myoconverter.optimization.utils.UtilsForceOpt:fmOptPSO_cust:197 -         Break the optimization, since certain number of similar particles reached
2026-10-06 10:40:41.865 | INFO     | myoconverter.conversion_steps.O2MStep3:optMuscleForce:273 - Muscle : iliacus_l 
2026-10-06 10:40:42.111 | INFO     | myoconverter.optimization.utils.UtilsForceOpt:fmOptPSO_cust:189 -         PSO iteration: 0 ; 0 percentage similarities; Best obj: 0.16567
2026-10-06 10:40:42.257 | INFO     | myoconverter.optimization.utils.UtilsForceOpt:fmOptPSO_cust:189 -         PSO iteration: 1 ; 1 percentage similarities; Best obj: 0.09829
2026-10-06 10:40:42.371 | INFO     | myoconverter.optimization.utils.UtilsForceOpt:fmOptPSO_cust:189 -         PSO iteration: 2 ; 1 percentage similarities; Best obj: 0.08145
2026-10-06 10:40:42.488 | INFO     | myoconverter.optimization.utils.UtilsForceOpt:fmOptPSO_cust:189 -         PSO iteration: 3 ; 1 percentage similarities; Best obj: 0.07384
2026-10-06 10:40:42.604 | INFO     | myoconverter.optimization.utils.UtilsForceOpt:fmOptPSO_cust:189 -         PSO iteration: 4 ; 1 percentage similarities; Best obj: 0.07218
2026-10-06 10:40:42.722 | INFO     | myoconverter.optimization.utils.UtilsForceOpt:fmOptPSO_cust:189 -         PSO iteration: 5 ; 1 percentage similarities; Best obj: 0.07178
2026-10-06 10:40:42.840 | INFO     | myoconverter.optimization.utils.UtilsForceOpt:fmOptPSO_cust:189 -         PSO iteration: 6 ; 1 percentage similarities; Best obj: 0.07169
2026-10-06 10:40:42.956 | INFO     | myoconverter.optimization.utils.UtilsForceOpt:fmOptPSO_cust:189 -         PSO iteration: 7 ; 1 percentage similarities; Best obj: 0.07166
2026-10-06 10:40:43.075 | INFO     | myoconverter.optimization.utils.UtilsForceOpt:fmOptPSO_cust:189 -         PSO iteration: 8 ; 1 percentage similarities; Best obj: 0.07166
2026-10-06 10:40:43.193 | INFO     | myoconverter.optimization.utils.UtilsForceOpt:fmOptPSO_cust:189 -         PSO iteration: 9 ; 1 percentage similarities; Best obj: 0.07165
2026-10-06 10:40:43.322 | INFO     | myoconverter.optimization.utils.UtilsForceOpt:fmOptPSO_cust:189 -         PSO iteration: 10 ; 2 percentage similarities; Best obj: 0.07008
2026-10-06 10:40:43.446 | INFO     | myoconverter.optimization.utils.UtilsForceOpt:fmOptPSO_cust:189 -         PSO iteration: 11 ; 4 percentage similarities; Best obj: 0.06784
2026-10-06 10:40:43.573 | INFO     | myoconverter.optimization.utils.UtilsForceOpt:fmOptPSO_cust:189 -         PSO iteration: 12 ; 1 percentage similarities; Best obj: 0.06665
2026-10-06 10:40:43.711 | INFO     | myoconverter.optimization.utils.UtilsForceOpt:fmOptPSO_cust:189 -         PSO iteration: 13 ; 2 percentage similarities; Best obj: 0.06441
2026-10-06 10:40:43.829 | INFO     | myoconverter.optimization.utils.UtilsForceOpt:fmOptPSO_cust:189 -         PSO iteration: 14 ; 4 percentage similarities; Best obj: 0.06359
2026-10-06 10:40:43.943 | INFO     | myoconverter.optimization.utils.UtilsForceOpt:fmOptPSO_cust:189 -         PSO iteration: 15 ; 5 percentage similarities; Best obj: 0.06198
2026-10-06 10:40:44.060 | INFO     | myoconverter.optimization.utils.UtilsForceOpt:fmOptPSO_cust:189 -         PSO iteration: 16 ; 2 percentage similarities; Best obj: 0.05905
2026-10-06 10:40:44.179 | INFO     | myoconverter.optimization.utils.UtilsForceOpt:fmOptPSO_cust:189 -         PSO iteration: 17 ; 1 percentage similarities; Best obj: 0.05847
2026-10-06 10:40:44.295 | INFO     | myoconverter.optimization.utils.UtilsForceOpt:fmOptPSO_cust:189 -         PSO iteration: 18 ; 1 percentage similarities; Best obj: 0.05834
2026-10-06 10:40:44.412 | INFO     | myoconverter.optimization.utils.UtilsForceOpt:fmOptPSO_cust:189 -         PSO iteration: 19 ; 2 percentage similarities; Best obj: 0.05801
2026-10-06 10:40:44.530 | INFO     | myoconverter.optimization.utils.UtilsForceOpt:fmOptPSO_cust:189 -         PSO iteration: 20 ; 10 percentage similarities; Best obj: 0.05761
2026-10-06 10:40:44.649 | INFO     | myoconverter.optimization.utils.UtilsForceOpt:fmOptPSO_cust:189 -         PSO iteration: 21 ; 6 percentage similarities; Best obj: 0.05726
2026-10-06 10:40:44.766 | INFO     | myoconverter.optimization.utils.UtilsForceOpt:fmOptPSO_cust:189 -         PSO iteration: 22 ; 14 percentage similarities; Best obj: 0.05702
2026-10-06 10:40:44.883 | INFO     | myoconverter.optimization.utils.UtilsForceOpt:fmOptPSO_cust:189 -         PSO iteration: 23 ; 15 percentage similarities; Best obj: 0.05691
2026-10-06 10:40:44.995 | INFO     | myoconverter.optimization.utils.UtilsForceOpt:fmOptPSO_cust:189 -         PSO iteration: 24 ; 22 percentage similarities; Best obj: 0.05661
2026-10-06 10:40:45.110 | INFO     | myoconverter.optimization.utils.UtilsForceOpt:fmOptPSO_cust:189 -         PSO iteration: 25 ; 20 percentage similarities; Best obj: 0.0565
2026-10-06 10:40:45.223 | INFO     | myoconverter.optimization.utils.UtilsForceOpt:fmOptPSO_cust:189 -         PSO iteration: 26 ; 32 percentage similarities; Best obj: 0.05635
2026-10-06 10:40:45.336 | INFO     | myoconverter.optimization.utils.UtilsForceOpt:fmOptPSO_cust:189 -         PSO iteration: 27 ; 40 percentage similarities; Best obj: 0.05624
2026-10-06 10:40:45.337 | INFO     | myoconverter.optimization.utils.UtilsForceOpt:fmOptPSO_cust:197 -         Break the optimization, since certain number of similar particles reached
2026-10-06 10:40:45.357 | INFO     | myoconverter.conversion_steps.O2MStep3:optMuscleForce:273 - Muscle : psoas_l 
2026-10-06 10:40:45.589 | INFO     | myoconverter.optimization.utils.UtilsForceOpt:fmOptPSO_cust:189 -         PSO iteration: 0 ; 0 percentage similarities; Best obj: 0.15086
2026-10-06 10:40:45.699 | INFO     | myoconverter.optimization.utils.UtilsForceOpt:fmOptPSO_cust:189 -         PSO iteration: 1 ; 2 percentage similarities; Best obj: 0.06245
2026-10-06 10:40:45.814 | INFO     | myoconverter.optimization.utils.UtilsForceOpt:fmOptPSO_cust:189 -         PSO iteration: 2 ; 1 percentage similarities; Best obj: 0.06245
2026-10-06 10:40:45.932 | INFO     | myoconverter.optimization.utils.UtilsForceOpt:fmOptPSO_cust:189 -         PSO iteration: 3 ; 1 percentage similarities; Best obj: 0.06245
2026-10-06 10:40:46.047 | INFO     | myoconverter.optimization.utils.UtilsForceOpt:fmOptPSO_cust:189 -         PSO iteration: 4 ; 1 percentage similarities; Best obj: 0.06245
2026-10-06 10:40:46.165 | INFO     | myoconverter.optimization.utils.UtilsForceOpt:fmOptPSO_cust:189 -         PSO iteration: 5 ; 1 percentage similarities; Best obj: 0.06245
2026-10-06 10:40:46.283 | INFO     | myoconverter.optimization.utils.UtilsForceOpt:fmOptPSO_cust:189 -         PSO iteration: 6 ; 1 percentage similarities; Best obj: 0.06245
2026-10-06 10:40:46.401 | INFO     | myoconverter.optimization.utils.UtilsForceOpt:fmOptPSO_cust:189 -         PSO iteration: 7 ; 1 percentage similarities; Best obj: 0.06245
2026-10-06 10:40:46.517 | INFO     | myoconverter.optimization.utils.UtilsForceOpt:fmOptPSO_cust:189 -         PSO iteration: 8 ; 4 percentage similarities; Best obj: 0.0605
2026-10-06 10:40:46.633 | INFO     | myoconverter.optimization.utils.UtilsForceOpt:fmOptPSO_cust:189 -         PSO iteration: 9 ; 1 percentage similarities; Best obj: 0.06008
2026-10-06 10:40:46.750 | INFO     | myoconverter.optimization.utils.UtilsForceOpt:fmOptPSO_cust:189 -         PSO iteration: 10 ; 1 percentage similarities; Best obj: 0.05983
2026-10-06 10:40:46.871 | INFO     | myoconverter.optimization.utils.UtilsForceOpt:fmOptPSO_cust:189 -         PSO iteration: 11 ; 5 percentage similarities; Best obj: 0.0587
2026-10-06 10:40:46.986 | INFO     | myoconverter.optimization.utils.UtilsForceOpt:fmOptPSO_cust:189 -         PSO iteration: 12 ; 2 percentage similarities; Best obj: 0.05847
2026-10-06 10:40:47.099 | INFO     | myoconverter.optimization.utils.UtilsForceOpt:fmOptPSO_cust:189 -         PSO iteration: 13 ; 5 percentage similarities; Best obj: 0.05842
2026-10-06 10:40:47.215 | INFO     | myoconverter.optimization.utils.UtilsForceOpt:fmOptPSO_cust:189 -         PSO iteration: 14 ; 9 percentage similarities; Best obj: 0.05832
2026-10-06 10:40:47.335 | INFO     | myoconverter.optimization.utils.UtilsForceOpt:fmOptPSO_cust:189 -         PSO iteration: 15 ; 14 percentage similarities; Best obj: 0.05809
2026-10-06 10:40:47.447 | INFO     | myoconverter.optimization.utils.UtilsForceOpt:fmOptPSO_cust:189 -         PSO iteration: 16 ; 20 percentage similarities; Best obj: 0.05805
2026-10-06 10:40:47.558 | INFO     | myoconverter.optimization.utils.UtilsForceOpt:fmOptPSO_cust:189 -         PSO iteration: 17 ; 22 percentage similarities; Best obj: 0.05804
2026-10-06 10:40:47.677 | INFO     | myoconverter.optimization.utils.UtilsForceOpt:fmOptPSO_cust:189 -         PSO iteration: 18 ; 40 percentage similarities; Best obj: 0.05804
2026-10-06 10:40:47.677 | INFO     | myoconverter.optimization.utils.UtilsForceOpt:fmOptPSO_cust:197 -         Break the optimization, since certain number of similar particles reached
2026-10-06 10:40:47.696 | INFO     | myoconverter.conversion_steps.O2MStep3:optMuscleForce:273 - Muscle : quad_fem_l 
2026-10-06 10:40:47.909 | INFO     | myoconverter.optimization.utils.UtilsForceOpt:fmOptPSO_cust:189 -         PSO iteration: 0 ; 0 percentage similarities; Best obj: 1.84394
2026-10-06 10:40:48.023 | INFO     | myoconverter.optimization.utils.UtilsForceOpt:fmOptPSO_cust:189 -         PSO iteration: 1 ; 2 percentage similarities; Best obj: 1.84394
2026-10-06 10:40:48.138 | INFO     | myoconverter.optimization.utils.UtilsForceOpt:fmOptPSO_cust:189 -         PSO iteration: 2 ; 2 percentage similarities; Best obj: 1.83934
2026-10-06 10:40:48.251 | INFO     | myoconverter.optimization.utils.UtilsForceOpt:fmOptPSO_cust:189 -         PSO iteration: 3 ; 4 percentage similarities; Best obj: 1.81837
2026-10-06 10:40:48.403 | INFO     | myoconverter.optimization.utils.UtilsForceOpt:fmOptPSO_cust:189 -         PSO iteration: 4 ; 1 percentage similarities; Best obj: 1.81315
2026-10-06 10:40:48.527 | INFO     | myoconverter.optimization.utils.UtilsForceOpt:fmOptPSO_cust:189 -         PSO iteration: 5 ; 1 percentage similarities; Best obj: 1.81185
2026-10-06 10:40:48.652 | INFO     | myoconverter.optimization.utils.UtilsForceOpt:fmOptPSO_cust:189 -         PSO iteration: 6 ; 2 percentage similarities; Best obj: 1.79592
2026-10-06 10:40:48.774 | INFO     | myoconverter.optimization.utils.UtilsForceOpt:fmOptPSO_cust:189 -         PSO iteration: 7 ; 2 percentage similarities; Best obj: 1.78267
2026-10-06 10:40:48.893 | INFO     | myoconverter.optimization.utils.UtilsForceOpt:fmOptPSO_cust:189 -         PSO iteration: 8 ; 6 percentage similarities; Best obj: 1.76224
2026-10-06 10:40:49.013 | INFO     | myoconverter.optimization.utils.UtilsForceOpt:fmOptPSO_cust:189 -         PSO iteration: 9 ; 5 percentage similarities; Best obj: 1.74419
2026-10-06 10:40:49.128 | INFO     | myoconverter.optimization.utils.UtilsForceOpt:fmOptPSO_cust:189 -         PSO iteration: 10 ; 5 percentage similarities; Best obj: 1.73896
2026-10-06 10:40:49.249 | INFO     | myoconverter.optimization.utils.UtilsForceOpt:fmOptPSO_cust:189 -         PSO iteration: 11 ; 10 percentage similarities; Best obj: 1.73602
2026-10-06 10:40:49.368 | INFO     | myoconverter.optimization.utils.UtilsForceOpt:fmOptPSO_cust:189 -         PSO iteration: 12 ; 10 percentage similarities; Best obj: 1.73513
2026-10-06 10:40:49.487 | INFO     | myoconverter.optimization.utils.UtilsForceOpt:fmOptPSO_cust:189 -         PSO iteration: 13 ; 10 percentage similarities; Best obj: 1.73492
2026-10-06 10:40:49.604 | INFO     | myoconverter.optimization.utils.UtilsForceOpt:fmOptPSO_cust:189 -         PSO iteration: 14 ; 12 percentage similarities; Best obj: 1.73259
2026-10-06 10:40:49.726 | INFO     | myoconverter.optimization.utils.UtilsForceOpt:fmOptPSO_cust:189 -         PSO iteration: 15 ; 15 percentage similarities; Best obj: 1.73207
2026-10-06 10:40:49.844 | INFO     | myoconverter.optimization.utils.UtilsForceOpt:fmOptPSO_cust:189 -         PSO iteration: 16 ; 18 percentage similarities; Best obj: 1.73195
2026-10-06 10:40:49.963 | INFO     | myoconverter.optimization.utils.UtilsForceOpt:fmOptPSO_cust:189 -         PSO iteration: 17 ; 32 percentage similarities; Best obj: 1.73192
2026-10-06 10:40:50.080 | INFO     | myoconverter.optimization.utils.UtilsForceOpt:fmOptPSO_cust:189 -         PSO iteration: 18 ; 39 percentage similarities; Best obj: 1.73147
2026-10-06 10:40:50.200 | INFO     | myoconverter.optimization.utils.UtilsForceOpt:fmOptPSO_cust:189 -         PSO iteration: 19 ; 49 percentage similarities; Best obj: 1.73133
2026-10-06 10:40:50.201 | INFO     | myoconverter.optimization.utils.UtilsForceOpt:fmOptPSO_cust:197 -         Break the optimization, since certain number of similar particles reached
2026-10-06 10:40:50.220 | INFO     | myoconverter.conversion_steps.O2MStep3:optMuscleForce:273 - Muscle : gem_l 
2026-10-06 10:40:50.427 | INFO     | myoconverter.optimization.utils.UtilsForceOpt:fmOptPSO_cust:189 -         PSO iteration: 0 ; 0 percentage similarities; Best obj: 1.33326
2026-10-06 10:40:50.547 | INFO     | myoconverter.optimization.utils.UtilsForceOpt:fmOptPSO_cust:189 -         PSO iteration: 1 ; 1 percentage similarities; Best obj: 1.33326
2026-10-06 10:40:50.732 | INFO     | myoconverter.optimization.utils.UtilsForceOpt:fmOptPSO_cust:189 -         PSO iteration: 2 ; 1 percentage similarities; Best obj: 1.33326
2026-10-06 10:40:50.858 | INFO     | myoconverter.optimization.utils.UtilsForceOpt:fmOptPSO_cust:189 -         PSO iteration: 3 ; 1 percentage similarities; Best obj: 1.33326
2026-10-06 10:40:50.983 | INFO     | myoconverter.optimization.utils.UtilsForceOpt:fmOptPSO_cust:189 -         PSO iteration: 4 ; 1 percentage similarities; Best obj: 1.29359
2026-10-06 10:40:51.098 | INFO     | myoconverter.optimization.utils.UtilsForceOpt:fmOptPSO_cust:189 -         PSO iteration: 5 ; 1 percentage similarities; Best obj: 1.28734
2026-10-06 10:40:51.218 | INFO     | myoconverter.optimization.utils.UtilsForceOpt:fmOptPSO_cust:189 -         PSO iteration: 6 ; 1 percentage similarities; Best obj: 1.28629
2026-10-06 10:40:51.339 | INFO     | myoconverter.optimization.utils.UtilsForceOpt:fmOptPSO_cust:189 -         PSO iteration: 7 ; 1 percentage similarities; Best obj: 1.28605
2026-10-06 10:40:51.463 | INFO     | myoconverter.optimization.utils.UtilsForceOpt:fmOptPSO_cust:189 -         PSO iteration: 8 ; 1 percentage similarities; Best obj: 1.286
2026-10-06 10:40:51.584 | INFO     | myoconverter.optimization.utils.UtilsForceOpt:fmOptPSO_cust:189 -         PSO iteration: 9 ; 4 percentage similarities; Best obj: 1.28598
2026-10-06 10:40:51.709 | INFO     | myoconverter.optimization.utils.UtilsForceOpt:fmOptPSO_cust:189 -         PSO iteration: 10 ; 4 percentage similarities; Best obj: 1.28598
2026-10-06 10:40:51.829 | INFO     | myoconverter.optimization.utils.UtilsForceOpt:fmOptPSO_cust:189 -         PSO iteration: 11 ; 4 percentage similarities; Best obj: 1.28598
2026-10-06 10:40:51.951 | INFO     | myoconverter.optimization.utils.UtilsForceOpt:fmOptPSO_cust:189 -         PSO iteration: 12 ; 4 percentage similarities; Best obj: 1.28598
2026-10-06 10:40:52.071 | INFO     | myoconverter.optimization.utils.UtilsForceOpt:fmOptPSO_cust:189 -         PSO iteration: 13 ; 5 percentage similarities; Best obj: 1.28598
2026-10-06 10:40:52.190 | INFO     | myoconverter.optimization.utils.UtilsForceOpt:fmOptPSO_cust:189 -         PSO iteration: 14 ; 5 percentage similarities; Best obj: 1.28591
2026-10-06 10:40:52.320 | INFO     | myoconverter.optimization.utils.UtilsForceOpt:fmOptPSO_cust:189 -         PSO iteration: 15 ; 5 percentage similarities; Best obj: 1.28561
2026-10-06 10:40:52.442 | INFO     | myoconverter.optimization.utils.UtilsForceOpt:fmOptPSO_cust:189 -         PSO iteration: 16 ; 9 percentage similarities; Best obj: 1.28555
2026-10-06 10:40:52.561 | INFO     | myoconverter.optimization.utils.UtilsForceOpt:fmOptPSO_cust:189 -         PSO iteration: 17 ; 20 percentage similarities; Best obj: 1.28551
2026-10-06 10:40:52.684 | INFO     | myoconverter.optimization.utils.UtilsForceOpt:fmOptPSO_cust:189 -         PSO iteration: 18 ; 35 percentage similarities; Best obj: 1.2855
2026-10-06 10:40:52.685 | INFO     | myoconverter.optimization.utils.UtilsForceOpt:fmOptPSO_cust:197 -         Break the optimization, since certain number of similar particles reached
2026-10-06 10:40:52.704 | INFO     | myoconverter.conversion_steps.O2MStep3:optMuscleForce:273 - Muscle : peri_l 
2026-10-06 10:40:52.917 | INFO     | myoconverter.optimization.utils.UtilsForceOpt:fmOptPSO_cust:189 -         PSO iteration: 0 ; 0 percentage similarities; Best obj: 0.35291
2026-10-06 10:40:53.032 | INFO     | myoconverter.optimization.utils.UtilsForceOpt:fmOptPSO_cust:189 -         PSO iteration: 1 ; 1 percentage similarities; Best obj: 0.31101
2026-10-06 10:40:53.146 | INFO     | myoconverter.optimization.utils.UtilsForceOpt:fmOptPSO_cust:189 -         PSO iteration: 2 ; 1 percentage similarities; Best obj: 0.28697
2026-10-06 10:40:53.260 | INFO     | myoconverter.optimization.utils.UtilsForceOpt:fmOptPSO_cust:189 -         PSO iteration: 3 ; 1 percentage similarities; Best obj: 0.28375
2026-10-06 10:40:53.377 | INFO     | myoconverter.optimization.utils.UtilsForceOpt:fmOptPSO_cust:189 -         PSO iteration: 4 ; 1 percentage similarities; Best obj: 0.27998
2026-10-06 10:40:53.504 | INFO     | myoconverter.optimization.utils.UtilsForceOpt:fmOptPSO_cust:189 -         PSO iteration: 5 ; 1 percentage similarities; Best obj: 0.27906
2026-10-06 10:40:53.633 | INFO     | myoconverter.optimization.utils.UtilsForceOpt:fmOptPSO_cust:189 -         PSO iteration: 6 ; 2 percentage similarities; Best obj: 0.2789
2026-10-06 10:40:53.760 | INFO     | myoconverter.optimization.utils.UtilsForceOpt:fmOptPSO_cust:189 -         PSO iteration: 7 ; 2 percentage similarities; Best obj: 0.27807
2026-10-06 10:40:53.875 | INFO     | myoconverter.optimization.utils.UtilsForceOpt:fmOptPSO_cust:189 -         PSO iteration: 8 ; 2 percentage similarities; Best obj: 0.27558
2026-10-06 10:40:53.992 | INFO     | myoconverter.optimization.utils.UtilsForceOpt:fmOptPSO_cust:189 -         PSO iteration: 9 ; 4 percentage similarities; Best obj: 0.2733
2026-10-06 10:40:54.109 | INFO     | myoconverter.optimization.utils.UtilsForceOpt:fmOptPSO_cust:189 -         PSO iteration: 10 ; 2 percentage similarities; Best obj: 0.2726
2026-10-06 10:40:54.226 | INFO     | myoconverter.optimization.utils.UtilsForceOpt:fmOptPSO_cust:189 -         PSO iteration: 11 ; 2 percentage similarities; Best obj: 0.27244
2026-10-06 10:40:54.345 | INFO     | myoconverter.optimization.utils.UtilsForceOpt:fmOptPSO_cust:189 -         PSO iteration: 12 ; 4 percentage similarities; Best obj: 0.27068
2026-10-06 10:40:54.489 | INFO     | myoconverter.optimization.utils.UtilsForceOpt:fmOptPSO_cust:189 -         PSO iteration: 13 ; 4 percentage similarities; Best obj: 0.27022
2026-10-06 10:40:54.607 | INFO     | myoconverter.optimization.utils.UtilsForceOpt:fmOptPSO_cust:189 -         PSO iteration: 14 ; 4 percentage similarities; Best obj: 0.26853
2026-10-06 10:40:54.726 | INFO     | myoconverter.optimization.utils.UtilsForceOpt:fmOptPSO_cust:189 -         PSO iteration: 15 ; 4 percentage similarities; Best obj: 0.26802
2026-10-06 10:40:54.840 | INFO     | myoconverter.optimization.utils.UtilsForceOpt:fmOptPSO_cust:189 -         PSO iteration: 16 ; 5 percentage similarities; Best obj: 0.26747
2026-10-06 10:40:54.954 | INFO     | myoconverter.optimization.utils.UtilsForceOpt:fmOptPSO_cust:189 -         PSO iteration: 17 ; 6 percentage similarities; Best obj: 0.26732
2026-10-06 10:40:55.074 | INFO     | myoconverter.optimization.utils.UtilsForceOpt:fmOptPSO_cust:189 -         PSO iteration: 18 ; 8 percentage similarities; Best obj: 0.26729
2026-10-06 10:40:55.190 | INFO     | myoconverter.optimization.utils.UtilsForceOpt:fmOptPSO_cust:189 -         PSO iteration: 19 ; 9 percentage similarities; Best obj: 0.26729
2026-10-06 10:40:55.308 | INFO     | myoconverter.optimization.utils.UtilsForceOpt:fmOptPSO_cust:189 -         PSO iteration: 20 ; 9 percentage similarities; Best obj: 0.26728
2026-10-06 10:40:55.430 | INFO     | myoconverter.optimization.utils.UtilsForceOpt:fmOptPSO_cust:189 -         PSO iteration: 21 ; 9 percentage similarities; Best obj: 0.26728
2026-10-06 10:40:55.550 | INFO     | myoconverter.optimization.utils.UtilsForceOpt:fmOptPSO_cust:189 -         PSO iteration: 22 ; 10 percentage similarities; Best obj: 0.2672
2026-10-06 10:40:55.672 | INFO     | myoconverter.optimization.utils.UtilsForceOpt:fmOptPSO_cust:189 -         PSO iteration: 23 ; 11 percentage similarities; Best obj: 0.26717
2026-10-06 10:40:55.790 | INFO     | myoconverter.optimization.utils.UtilsForceOpt:fmOptPSO_cust:189 -         PSO iteration: 24 ; 12 percentage similarities; Best obj: 0.26716
2026-10-06 10:40:55.907 | INFO     | myoconverter.optimization.utils.UtilsForceOpt:fmOptPSO_cust:189 -         PSO iteration: 25 ; 16 percentage similarities; Best obj: 0.26714
2026-10-06 10:40:56.024 | INFO     | myoconverter.optimization.utils.UtilsForceOpt:fmOptPSO_cust:189 -         PSO iteration: 26 ; 19 percentage similarities; Best obj: 0.26709
2026-10-06 10:40:56.141 | INFO     | myoconverter.optimization.utils.UtilsForceOpt:fmOptPSO_cust:189 -         PSO iteration: 27 ; 24 percentage similarities; Best obj: 0.26708
2026-10-06 10:40:56.257 | INFO     | myoconverter.optimization.utils.UtilsForceOpt:fmOptPSO_cust:189 -         PSO iteration: 28 ; 40 percentage similarities; Best obj: 0.26705
2026-10-06 10:40:56.257 | INFO     | myoconverter.optimization.utils.UtilsForceOpt:fmOptPSO_cust:197 -         Break the optimization, since certain number of similar particles reached
2026-10-06 10:40:56.284 | INFO     | myoconverter.conversion_steps.O2MStep3:optMuscleForce:273 - Muscle : rect_fem_l 
2026-10-06 10:40:56.535 | INFO     | myoconverter.optimization.utils.UtilsForceOpt:fmOptPSO_cust:189 -         PSO iteration: 0 ; 0 percentage similarities; Best obj: 0.21809
2026-10-06 10:40:56.677 | INFO     | myoconverter.optimization.utils.UtilsForceOpt:fmOptPSO_cust:189 -         PSO iteration: 1 ; 1 percentage similarities; Best obj: 0.21396
2026-10-06 10:40:56.821 | INFO     | myoconverter.optimization.utils.UtilsForceOpt:fmOptPSO_cust:189 -         PSO iteration: 2 ; 1 percentage similarities; Best obj: 0.205
2026-10-06 10:40:56.964 | INFO     | myoconverter.optimization.utils.UtilsForceOpt:fmOptPSO_cust:189 -         PSO iteration: 3 ; 1 percentage similarities; Best obj: 0.205
2026-10-06 10:40:57.116 | INFO     | myoconverter.optimization.utils.UtilsForceOpt:fmOptPSO_cust:189 -         PSO iteration: 4 ; 1 percentage similarities; Best obj: 0.205
2026-10-06 10:40:57.262 | INFO     | myoconverter.optimization.utils.UtilsForceOpt:fmOptPSO_cust:189 -         PSO iteration: 5 ; 1 percentage similarities; Best obj: 0.205
2026-10-06 10:40:57.409 | INFO     | myoconverter.optimization.utils.UtilsForceOpt:fmOptPSO_cust:189 -         PSO iteration: 6 ; 1 percentage similarities; Best obj: 0.205
2026-10-06 10:40:57.554 | INFO     | myoconverter.optimization.utils.UtilsForceOpt:fmOptPSO_cust:189 -         PSO iteration: 7 ; 4 percentage similarities; Best obj: 0.20477
2026-10-06 10:40:57.698 | INFO     | myoconverter.optimization.utils.UtilsForceOpt:fmOptPSO_cust:189 -         PSO iteration: 8 ; 4 percentage similarities; Best obj: 0.20461
2026-10-06 10:40:57.863 | INFO     | myoconverter.optimization.utils.UtilsForceOpt:fmOptPSO_cust:189 -         PSO iteration: 9 ; 6 percentage similarities; Best obj: 0.20434
2026-10-06 10:40:58.013 | INFO     | myoconverter.optimization.utils.UtilsForceOpt:fmOptPSO_cust:189 -         PSO iteration: 10 ; 15 percentage similarities; Best obj: 0.2039
2026-10-06 10:40:58.159 | INFO     | myoconverter.optimization.utils.UtilsForceOpt:fmOptPSO_cust:189 -         PSO iteration: 11 ; 21 percentage similarities; Best obj: 0.20374
2026-10-06 10:40:58.301 | INFO     | myoconverter.optimization.utils.UtilsForceOpt:fmOptPSO_cust:189 -         PSO iteration: 12 ; 22 percentage similarities; Best obj: 0.20349
2026-10-06 10:40:58.445 | INFO     | myoconverter.optimization.utils.UtilsForceOpt:fmOptPSO_cust:189 -         PSO iteration: 13 ; 26 percentage similarities; Best obj: 0.20338
2026-10-06 10:40:58.639 | INFO     | myoconverter.optimization.utils.UtilsForceOpt:fmOptPSO_cust:189 -         PSO iteration: 14 ; 28 percentage similarities; Best obj: 0.20335
2026-10-06 10:40:58.807 | INFO     | myoconverter.optimization.utils.UtilsForceOpt:fmOptPSO_cust:189 -         PSO iteration: 15 ; 30 percentage similarities; Best obj: 0.20302
2026-10-06 10:40:58.956 | INFO     | myoconverter.optimization.utils.UtilsForceOpt:fmOptPSO_cust:189 -         PSO iteration: 16 ; 35 percentage similarities; Best obj: 0.20292
2026-10-06 10:40:59.103 | INFO     | myoconverter.optimization.utils.UtilsForceOpt:fmOptPSO_cust:189 -         PSO iteration: 17 ; 39 percentage similarities; Best obj: 0.20283
2026-10-06 10:40:59.251 | INFO     | myoconverter.optimization.utils.UtilsForceOpt:fmOptPSO_cust:189 -         PSO iteration: 18 ; 46 percentage similarities; Best obj: 0.20271
2026-10-06 10:40:59.251 | INFO     | myoconverter.optimization.utils.UtilsForceOpt:fmOptPSO_cust:197 -         Break the optimization, since certain number of similar particles reached
2026-10-06 10:40:59.274 | INFO     | myoconverter.conversion_steps.O2MStep3:optMuscleForce:273 - Muscle : vas_int_l 
2026-10-06 10:40:59.490 | INFO     | myoconverter.optimization.utils.UtilsForceOpt:fmOptPSO_cust:189 -         PSO iteration: 0 ; 0 percentage similarities; Best obj: 0.09051
2026-10-06 10:40:59.593 | INFO     | myoconverter.optimization.utils.UtilsForceOpt:fmOptPSO_cust:189 -         PSO iteration: 1 ; 1 percentage similarities; Best obj: 0.04023
2026-10-06 10:40:59.701 | INFO     | myoconverter.optimization.utils.UtilsForceOpt:fmOptPSO_cust:189 -         PSO iteration: 2 ; 1 percentage similarities; Best obj: 0.04023
2026-10-06 10:40:59.807 | INFO     | myoconverter.optimization.utils.UtilsForceOpt:fmOptPSO_cust:189 -         PSO iteration: 3 ; 1 percentage similarities; Best obj: 0.04023
2026-10-06 10:40:59.917 | INFO     | myoconverter.optimization.utils.UtilsForceOpt:fmOptPSO_cust:189 -         PSO iteration: 4 ; 1 percentage similarities; Best obj: 0.04023
2026-10-06 10:41:00.026 | INFO     | myoconverter.optimization.utils.UtilsForceOpt:fmOptPSO_cust:189 -         PSO iteration: 5 ; 1 percentage similarities; Best obj: 0.03678
2026-10-06 10:41:00.137 | INFO     | myoconverter.optimization.utils.UtilsForceOpt:fmOptPSO_cust:189 -         PSO iteration: 6 ; 1 percentage similarities; Best obj: 0.03671
2026-10-06 10:41:00.248 | INFO     | myoconverter.optimization.utils.UtilsForceOpt:fmOptPSO_cust:189 -         PSO iteration: 7 ; 1 percentage similarities; Best obj: 0.03671
2026-10-06 10:41:00.358 | INFO     | myoconverter.optimization.utils.UtilsForceOpt:fmOptPSO_cust:189 -         PSO iteration: 8 ; 1 percentage similarities; Best obj: 0.03271
2026-10-06 10:41:00.468 | INFO     | myoconverter.optimization.utils.UtilsForceOpt:fmOptPSO_cust:189 -         PSO iteration: 9 ; 1 percentage similarities; Best obj: 0.03172
2026-10-06 10:41:00.577 | INFO     | myoconverter.optimization.utils.UtilsForceOpt:fmOptPSO_cust:189 -         PSO iteration: 10 ; 2 percentage similarities; Best obj: 0.0313
2026-10-06 10:41:00.686 | INFO     | myoconverter.optimization.utils.UtilsForceOpt:fmOptPSO_cust:189 -         PSO iteration: 11 ; 2 percentage similarities; Best obj: 0.03007
2026-10-06 10:41:00.814 | INFO     | myoconverter.optimization.utils.UtilsForceOpt:fmOptPSO_cust:189 -         PSO iteration: 12 ; 1 percentage similarities; Best obj: 0.02971
2026-10-06 10:41:00.997 | INFO     | myoconverter.optimization.utils.UtilsForceOpt:fmOptPSO_cust:189 -         PSO iteration: 13 ; 1 percentage similarities; Best obj: 0.02894
2026-10-06 10:41:01.109 | INFO     | myoconverter.optimization.utils.UtilsForceOpt:fmOptPSO_cust:189 -         PSO iteration: 14 ; 4 percentage similarities; Best obj: 0.02861
2026-10-06 10:41:01.229 | INFO     | myoconverter.optimization.utils.UtilsForceOpt:fmOptPSO_cust:189 -         PSO iteration: 15 ; 2 percentage similarities; Best obj: 0.02854
2026-10-06 10:41:01.340 | INFO     | myoconverter.optimization.utils.UtilsForceOpt:fmOptPSO_cust:189 -         PSO iteration: 16 ; 4 percentage similarities; Best obj: 0.02852
2026-10-06 10:41:01.449 | INFO     | myoconverter.optimization.utils.UtilsForceOpt:fmOptPSO_cust:189 -         PSO iteration: 17 ; 6 percentage similarities; Best obj: 0.02849
2026-10-06 10:41:01.560 | INFO     | myoconverter.optimization.utils.UtilsForceOpt:fmOptPSO_cust:189 -         PSO iteration: 18 ; 10 percentage similarities; Best obj: 0.02847
2026-10-06 10:41:01.675 | INFO     | myoconverter.optimization.utils.UtilsForceOpt:fmOptPSO_cust:189 -         PSO iteration: 19 ; 10 percentage similarities; Best obj: 0.02827
2026-10-06 10:41:01.785 | INFO     | myoconverter.optimization.utils.UtilsForceOpt:fmOptPSO_cust:189 -         PSO iteration: 20 ; 10 percentage similarities; Best obj: 0.02823
2026-10-06 10:41:01.895 | INFO     | myoconverter.optimization.utils.UtilsForceOpt:fmOptPSO_cust:189 -         PSO iteration: 21 ; 11 percentage similarities; Best obj: 0.02823
2026-10-06 10:41:02.011 | INFO     | myoconverter.optimization.utils.UtilsForceOpt:fmOptPSO_cust:189 -         PSO iteration: 22 ; 12 percentage similarities; Best obj: 0.02812
2026-10-06 10:41:02.126 | INFO     | myoconverter.optimization.utils.UtilsForceOpt:fmOptPSO_cust:189 -         PSO iteration: 23 ; 12 percentage similarities; Best obj: 0.02809
2026-10-06 10:41:02.235 | INFO     | myoconverter.optimization.utils.UtilsForceOpt:fmOptPSO_cust:189 -         PSO iteration: 24 ; 14 percentage similarities; Best obj: 0.02808
2026-10-06 10:41:02.345 | INFO     | myoconverter.optimization.utils.UtilsForceOpt:fmOptPSO_cust:189 -         PSO iteration: 25 ; 18 percentage similarities; Best obj: 0.02806
2026-10-06 10:41:02.457 | INFO     | myoconverter.optimization.utils.UtilsForceOpt:fmOptPSO_cust:189 -         PSO iteration: 26 ; 36 percentage similarities; Best obj: 0.02805
2026-10-06 10:41:02.583 | INFO     | myoconverter.optimization.utils.UtilsForceOpt:fmOptPSO_cust:189 -         PSO iteration: 27 ; 42 percentage similarities; Best obj: 0.02804
2026-10-06 10:41:02.583 | INFO     | myoconverter.optimization.utils.UtilsForceOpt:fmOptPSO_cust:197 -         Break the optimization, since certain number of similar particles reached
2026-10-06 10:41:02.619 | INFO     | myoconverter.conversion_steps.O2MStep3:optMuscleForce:273 - Muscle : med_gas_l 
2026-10-06 10:41:02.943 | INFO     | myoconverter.optimization.utils.UtilsForceOpt:fmOptPSO_cust:189 -         PSO iteration: 0 ; 0 percentage similarities; Best obj: 0.05024
2026-10-06 10:41:03.072 | INFO     | myoconverter.optimization.utils.UtilsForceOpt:fmOptPSO_cust:189 -         PSO iteration: 1 ; 1 percentage similarities; Best obj: 0.05024
2026-10-06 10:41:03.201 | INFO     | myoconverter.optimization.utils.UtilsForceOpt:fmOptPSO_cust:189 -         PSO iteration: 2 ; 1 percentage similarities; Best obj: 0.05024
2026-10-06 10:41:03.333 | INFO     | myoconverter.optimization.utils.UtilsForceOpt:fmOptPSO_cust:189 -         PSO iteration: 3 ; 1 percentage similarities; Best obj: 0.05024
2026-10-06 10:41:03.468 | INFO     | myoconverter.optimization.utils.UtilsForceOpt:fmOptPSO_cust:189 -         PSO iteration: 4 ; 1 percentage similarities; Best obj: 0.05024
2026-10-06 10:41:03.613 | INFO     | myoconverter.optimization.utils.UtilsForceOpt:fmOptPSO_cust:189 -         PSO iteration: 5 ; 1 percentage similarities; Best obj: 0.04767
2026-10-06 10:41:03.755 | INFO     | myoconverter.optimization.utils.UtilsForceOpt:fmOptPSO_cust:189 -         PSO iteration: 6 ; 1 percentage similarities; Best obj: 0.04694
2026-10-06 10:41:03.891 | INFO     | myoconverter.optimization.utils.UtilsForceOpt:fmOptPSO_cust:189 -         PSO iteration: 7 ; 1 percentage similarities; Best obj: 0.04676
2026-10-06 10:41:04.023 | INFO     | myoconverter.optimization.utils.UtilsForceOpt:fmOptPSO_cust:189 -         PSO iteration: 8 ; 1 percentage similarities; Best obj: 0.04625
2026-10-06 10:41:04.158 | INFO     | myoconverter.optimization.utils.UtilsForceOpt:fmOptPSO_cust:189 -         PSO iteration: 9 ; 1 percentage similarities; Best obj: 0.04513
2026-10-06 10:41:04.294 | INFO     | myoconverter.optimization.utils.UtilsForceOpt:fmOptPSO_cust:189 -         PSO iteration: 10 ; 2 percentage similarities; Best obj: 0.04482
2026-10-06 10:41:04.425 | INFO     | myoconverter.optimization.utils.UtilsForceOpt:fmOptPSO_cust:189 -         PSO iteration: 11 ; 4 percentage similarities; Best obj: 0.04401
2026-10-06 10:41:04.560 | INFO     | myoconverter.optimization.utils.UtilsForceOpt:fmOptPSO_cust:189 -         PSO iteration: 12 ; 2 percentage similarities; Best obj: 0.04263
2026-10-06 10:41:04.694 | INFO     | myoconverter.optimization.utils.UtilsForceOpt:fmOptPSO_cust:189 -         PSO iteration: 13 ; 2 percentage similarities; Best obj: 0.04178
2026-10-06 10:41:04.829 | INFO     | myoconverter.optimization.utils.UtilsForceOpt:fmOptPSO_cust:189 -         PSO iteration: 14 ; 2 percentage similarities; Best obj: 0.0416
2026-10-06 10:41:04.960 | INFO     | myoconverter.optimization.utils.UtilsForceOpt:fmOptPSO_cust:189 -         PSO iteration: 15 ; 4 percentage similarities; Best obj: 0.04139
2026-10-06 10:41:05.092 | INFO     | myoconverter.optimization.utils.UtilsForceOpt:fmOptPSO_cust:189 -         PSO iteration: 16 ; 6 percentage similarities; Best obj: 0.04112
2026-10-06 10:41:05.223 | INFO     | myoconverter.optimization.utils.UtilsForceOpt:fmOptPSO_cust:189 -         PSO iteration: 17 ; 6 percentage similarities; Best obj: 0.041
2026-10-06 10:41:05.358 | INFO     | myoconverter.optimization.utils.UtilsForceOpt:fmOptPSO_cust:189 -         PSO iteration: 18 ; 11 percentage similarities; Best obj: 0.04093
2026-10-06 10:41:05.491 | INFO     | myoconverter.optimization.utils.UtilsForceOpt:fmOptPSO_cust:189 -         PSO iteration: 19 ; 18 percentage similarities; Best obj: 0.0409
2026-10-06 10:41:05.625 | INFO     | myoconverter.optimization.utils.UtilsForceOpt:fmOptPSO_cust:189 -         PSO iteration: 20 ; 21 percentage similarities; Best obj: 0.04088
2026-10-06 10:41:05.759 | INFO     | myoconverter.optimization.utils.UtilsForceOpt:fmOptPSO_cust:189 -         PSO iteration: 21 ; 24 percentage similarities; Best obj: 0.04085
2026-10-06 10:41:05.891 | INFO     | myoconverter.optimization.utils.UtilsForceOpt:fmOptPSO_cust:189 -         PSO iteration: 22 ; 26 percentage similarities; Best obj: 0.04083
2026-10-06 10:41:06.022 | INFO     | myoconverter.optimization.utils.UtilsForceOpt:fmOptPSO_cust:189 -         PSO iteration: 23 ; 30 percentage similarities; Best obj: 0.04081
2026-10-06 10:41:06.154 | INFO     | myoconverter.optimization.utils.UtilsForceOpt:fmOptPSO_cust:189 -         PSO iteration: 24 ; 39 percentage similarities; Best obj: 0.04081
2026-10-06 10:41:06.285 | INFO     | myoconverter.optimization.utils.UtilsForceOpt:fmOptPSO_cust:189 -         PSO iteration: 25 ; 49 percentage similarities; Best obj: 0.04079
2026-10-06 10:41:06.286 | INFO     | myoconverter.optimization.utils.UtilsForceOpt:fmOptPSO_cust:197 -         Break the optimization, since certain number of similar particles reached
2026-10-06 10:41:06.311 | INFO     | myoconverter.conversion_steps.O2MStep3:optMuscleForce:273 - Muscle : soleus_l 
2026-10-06 10:41:06.502 | INFO     | myoconverter.optimization.utils.UtilsForceOpt:fmOptPSO_cust:189 -         PSO iteration: 0 ; 0 percentage similarities; Best obj: 0.14346
2026-10-06 10:41:06.584 | INFO     | myoconverter.optimization.utils.UtilsForceOpt:fmOptPSO_cust:189 -         PSO iteration: 1 ; 1 percentage similarities; Best obj: 0.07972
2026-10-06 10:41:06.669 | INFO     | myoconverter.optimization.utils.UtilsForceOpt:fmOptPSO_cust:189 -         PSO iteration: 2 ; 1 percentage similarities; Best obj: 0.05645
2026-10-06 10:41:06.757 | INFO     | myoconverter.optimization.utils.UtilsForceOpt:fmOptPSO_cust:189 -         PSO iteration: 3 ; 1 percentage similarities; Best obj: 0.05236
2026-10-06 10:41:06.846 | INFO     | myoconverter.optimization.utils.UtilsForceOpt:fmOptPSO_cust:189 -         PSO iteration: 4 ; 1 percentage similarities; Best obj: 0.0515
2026-10-06 10:41:06.937 | INFO     | myoconverter.optimization.utils.UtilsForceOpt:fmOptPSO_cust:189 -         PSO iteration: 5 ; 1 percentage similarities; Best obj: 0.05129
2026-10-06 10:41:07.048 | INFO     | myoconverter.optimization.utils.UtilsForceOpt:fmOptPSO_cust:189 -         PSO iteration: 6 ; 1 percentage similarities; Best obj: 0.05105
2026-10-06 10:41:07.139 | INFO     | myoconverter.optimization.utils.UtilsForceOpt:fmOptPSO_cust:189 -         PSO iteration: 7 ; 2 percentage similarities; Best obj: 0.05033
2026-10-06 10:41:07.227 | INFO     | myoconverter.optimization.utils.UtilsForceOpt:fmOptPSO_cust:189 -         PSO iteration: 8 ; 2 percentage similarities; Best obj: 0.04935
2026-10-06 10:41:07.315 | INFO     | myoconverter.optimization.utils.UtilsForceOpt:fmOptPSO_cust:189 -         PSO iteration: 9 ; 1 percentage similarities; Best obj: 0.04918
2026-10-06 10:41:07.404 | INFO     | myoconverter.optimization.utils.UtilsForceOpt:fmOptPSO_cust:189 -         PSO iteration: 10 ; 1 percentage similarities; Best obj: 0.04915
2026-10-06 10:41:07.492 | INFO     | myoconverter.optimization.utils.UtilsForceOpt:fmOptPSO_cust:189 -         PSO iteration: 11 ; 1 percentage similarities; Best obj: 0.04678
2026-10-06 10:41:07.581 | INFO     | myoconverter.optimization.utils.UtilsForceOpt:fmOptPSO_cust:189 -         PSO iteration: 12 ; 1 percentage similarities; Best obj: 0.04597
2026-10-06 10:41:07.669 | INFO     | myoconverter.optimization.utils.UtilsForceOpt:fmOptPSO_cust:189 -         PSO iteration: 13 ; 1 percentage similarities; Best obj: 0.04578
2026-10-06 10:41:07.761 | INFO     | myoconverter.optimization.utils.UtilsForceOpt:fmOptPSO_cust:189 -         PSO iteration: 14 ; 4 percentage similarities; Best obj: 0.04551
2026-10-06 10:41:07.849 | INFO     | myoconverter.optimization.utils.UtilsForceOpt:fmOptPSO_cust:189 -         PSO iteration: 15 ; 4 percentage similarities; Best obj: 0.04544
2026-10-06 10:41:07.936 | INFO     | myoconverter.optimization.utils.UtilsForceOpt:fmOptPSO_cust:189 -         PSO iteration: 16 ; 4 percentage similarities; Best obj: 0.04514
2026-10-06 10:41:08.028 | INFO     | myoconverter.optimization.utils.UtilsForceOpt:fmOptPSO_cust:189 -         PSO iteration: 17 ; 4 percentage similarities; Best obj: 0.04507
2026-10-06 10:41:08.116 | INFO     | myoconverter.optimization.utils.UtilsForceOpt:fmOptPSO_cust:189 -         PSO iteration: 18 ; 4 percentage similarities; Best obj: 0.04506
2026-10-06 10:41:08.206 | INFO     | myoconverter.optimization.utils.UtilsForceOpt:fmOptPSO_cust:189 -         PSO iteration: 19 ; 4 percentage similarities; Best obj: 0.04505
2026-10-06 10:41:08.297 | INFO     | myoconverter.optimization.utils.UtilsForceOpt:fmOptPSO_cust:189 -         PSO iteration: 20 ; 4 percentage similarities; Best obj: 0.04505
2026-10-06 10:41:08.385 | INFO     | myoconverter.optimization.utils.UtilsForceOpt:fmOptPSO_cust:189 -         PSO iteration: 21 ; 8 percentage similarities; Best obj: 0.04499
2026-10-06 10:41:08.474 | INFO     | myoconverter.optimization.utils.UtilsForceOpt:fmOptPSO_cust:189 -         PSO iteration: 22 ; 10 percentage similarities; Best obj: 0.04497
2026-10-06 10:41:08.565 | INFO     | myoconverter.optimization.utils.UtilsForceOpt:fmOptPSO_cust:189 -         PSO iteration: 23 ; 15 percentage similarities; Best obj: 0.04493
2026-10-06 10:41:08.663 | INFO     | myoconverter.optimization.utils.UtilsForceOpt:fmOptPSO_cust:189 -         PSO iteration: 24 ; 22 percentage similarities; Best obj: 0.04492
2026-10-06 10:41:08.784 | INFO     | myoconverter.optimization.utils.UtilsForceOpt:fmOptPSO_cust:189 -         PSO iteration: 25 ; 28 percentage similarities; Best obj: 0.04491
2026-10-06 10:41:08.875 | INFO     | myoconverter.optimization.utils.UtilsForceOpt:fmOptPSO_cust:189 -         PSO iteration: 26 ; 40 percentage similarities; Best obj: 0.0449
2026-10-06 10:41:08.967 | INFO     | myoconverter.optimization.utils.UtilsForceOpt:fmOptPSO_cust:189 -         PSO iteration: 27 ; 42 percentage similarities; Best obj: 0.04488
2026-10-06 10:41:08.967 | INFO     | myoconverter.optimization.utils.UtilsForceOpt:fmOptPSO_cust:197 -         Break the optimization, since certain number of similar particles reached
2026-10-06 10:41:08.983 | INFO     | myoconverter.conversion_steps.O2MStep3:optMuscleForce:273 - Muscle : tib_post_l 
2026-10-06 10:41:09.206 | INFO     | myoconverter.optimization.utils.UtilsForceOpt:fmOptPSO_cust:189 -         PSO iteration: 0 ; 0 percentage similarities; Best obj: 0.11301
2026-10-06 10:41:09.303 | INFO     | myoconverter.optimization.utils.UtilsForceOpt:fmOptPSO_cust:189 -         PSO iteration: 1 ; 1 percentage similarities; Best obj: 0.11301
2026-10-06 10:41:09.405 | INFO     | myoconverter.optimization.utils.UtilsForceOpt:fmOptPSO_cust:189 -         PSO iteration: 2 ; 1 percentage similarities; Best obj: 0.11301
2026-10-06 10:41:09.499 | INFO     | myoconverter.optimization.utils.UtilsForceOpt:fmOptPSO_cust:189 -         PSO iteration: 3 ; 1 percentage similarities; Best obj: 0.09057
2026-10-06 10:41:09.593 | INFO     | myoconverter.optimization.utils.UtilsForceOpt:fmOptPSO_cust:189 -         PSO iteration: 4 ; 1 percentage similarities; Best obj: 0.08121
2026-10-06 10:41:09.683 | INFO     | myoconverter.optimization.utils.UtilsForceOpt:fmOptPSO_cust:189 -         PSO iteration: 5 ; 2 percentage similarities; Best obj: 0.07232
2026-10-06 10:41:09.773 | INFO     | myoconverter.optimization.utils.UtilsForceOpt:fmOptPSO_cust:189 -         PSO iteration: 6 ; 2 percentage similarities; Best obj: 0.06467
2026-10-06 10:41:09.863 | INFO     | myoconverter.optimization.utils.UtilsForceOpt:fmOptPSO_cust:189 -         PSO iteration: 7 ; 1 percentage similarities; Best obj: 0.06067
2026-10-06 10:41:09.954 | INFO     | myoconverter.optimization.utils.UtilsForceOpt:fmOptPSO_cust:189 -         PSO iteration: 8 ; 1 percentage similarities; Best obj: 0.05822
2026-10-06 10:41:10.044 | INFO     | myoconverter.optimization.utils.UtilsForceOpt:fmOptPSO_cust:189 -         PSO iteration: 9 ; 2 percentage similarities; Best obj: 0.0512
2026-10-06 10:41:10.134 | INFO     | myoconverter.optimization.utils.UtilsForceOpt:fmOptPSO_cust:189 -         PSO iteration: 10 ; 1 percentage similarities; Best obj: 0.04281
2026-10-06 10:41:10.225 | INFO     | myoconverter.optimization.utils.UtilsForceOpt:fmOptPSO_cust:189 -         PSO iteration: 11 ; 1 percentage similarities; Best obj: 0.04116
2026-10-06 10:41:10.314 | INFO     | myoconverter.optimization.utils.UtilsForceOpt:fmOptPSO_cust:189 -         PSO iteration: 12 ; 1 percentage similarities; Best obj: 0.0404
2026-10-06 10:41:10.402 | INFO     | myoconverter.optimization.utils.UtilsForceOpt:fmOptPSO_cust:189 -         PSO iteration: 13 ; 2 percentage similarities; Best obj: 0.03955
2026-10-06 10:41:10.489 | INFO     | myoconverter.optimization.utils.UtilsForceOpt:fmOptPSO_cust:189 -         PSO iteration: 14 ; 4 percentage similarities; Best obj: 0.03922
2026-10-06 10:41:10.578 | INFO     | myoconverter.optimization.utils.UtilsForceOpt:fmOptPSO_cust:189 -         PSO iteration: 15 ; 5 percentage similarities; Best obj: 0.03812
2026-10-06 10:41:10.670 | INFO     | myoconverter.optimization.utils.UtilsForceOpt:fmOptPSO_cust:189 -         PSO iteration: 16 ; 4 percentage similarities; Best obj: 0.03793
2026-10-06 10:41:10.756 | INFO     | myoconverter.optimization.utils.UtilsForceOpt:fmOptPSO_cust:189 -         PSO iteration: 17 ; 5 percentage similarities; Best obj: 0.03789
2026-10-06 10:41:10.845 | INFO     | myoconverter.optimization.utils.UtilsForceOpt:fmOptPSO_cust:189 -         PSO iteration: 18 ; 5 percentage similarities; Best obj: 0.03788
2026-10-06 10:41:10.935 | INFO     | myoconverter.optimization.utils.UtilsForceOpt:fmOptPSO_cust:189 -         PSO iteration: 19 ; 5 percentage similarities; Best obj: 0.03788
2026-10-06 10:41:11.047 | INFO     | myoconverter.optimization.utils.UtilsForceOpt:fmOptPSO_cust:189 -         PSO iteration: 20 ; 10 percentage similarities; Best obj: 0.03788
2026-10-06 10:41:11.196 | INFO     | myoconverter.optimization.utils.UtilsForceOpt:fmOptPSO_cust:189 -         PSO iteration: 21 ; 19 percentage similarities; Best obj: 0.03761
2026-10-06 10:41:11.289 | INFO     | myoconverter.optimization.utils.UtilsForceOpt:fmOptPSO_cust:189 -         PSO iteration: 22 ; 19 percentage similarities; Best obj: 0.03758
2026-10-06 10:41:11.383 | INFO     | myoconverter.optimization.utils.UtilsForceOpt:fmOptPSO_cust:189 -         PSO iteration: 23 ; 26 percentage similarities; Best obj: 0.03756
2026-10-06 10:41:11.475 | INFO     | myoconverter.optimization.utils.UtilsForceOpt:fmOptPSO_cust:189 -         PSO iteration: 24 ; 30 percentage similarities; Best obj: 0.03756
2026-10-06 10:41:11.566 | INFO     | myoconverter.optimization.utils.UtilsForceOpt:fmOptPSO_cust:189 -         PSO iteration: 25 ; 35 percentage similarities; Best obj: 0.03753
2026-10-06 10:41:11.657 | INFO     | myoconverter.optimization.utils.UtilsForceOpt:fmOptPSO_cust:189 -         PSO iteration: 26 ; 39 percentage similarities; Best obj: 0.03751
2026-10-06 10:41:11.747 | INFO     | myoconverter.optimization.utils.UtilsForceOpt:fmOptPSO_cust:189 -         PSO iteration: 27 ; 44 percentage similarities; Best obj: 0.03749
2026-10-06 10:41:11.838 | INFO     | myoconverter.optimization.utils.UtilsForceOpt:fmOptPSO_cust:189 -         PSO iteration: 28 ; 48 percentage similarities; Best obj: 0.03746
2026-10-06 10:41:11.838 | INFO     | myoconverter.optimization.utils.UtilsForceOpt:fmOptPSO_cust:197 -         Break the optimization, since certain number of similar particles reached
2026-10-06 10:41:11.860 | INFO     | myoconverter.conversion_steps.O2MStep3:optMuscleForce:273 - Muscle : tib_ant_l 
2026-10-06 10:41:12.047 | INFO     | myoconverter.optimization.utils.UtilsForceOpt:fmOptPSO_cust:189 -         PSO iteration: 0 ; 0 percentage similarities; Best obj: 0.08337
2026-10-06 10:41:12.131 | INFO     | myoconverter.optimization.utils.UtilsForceOpt:fmOptPSO_cust:189 -         PSO iteration: 1 ; 1 percentage similarities; Best obj: 0.03168
2026-10-06 10:41:12.219 | INFO     | myoconverter.optimization.utils.UtilsForceOpt:fmOptPSO_cust:189 -         PSO iteration: 2 ; 1 percentage similarities; Best obj: 0.03168
2026-10-06 10:41:12.306 | INFO     | myoconverter.optimization.utils.UtilsForceOpt:fmOptPSO_cust:189 -         PSO iteration: 3 ; 1 percentage similarities; Best obj: 0.03168
2026-10-06 10:41:12.397 | INFO     | myoconverter.optimization.utils.UtilsForceOpt:fmOptPSO_cust:189 -         PSO iteration: 4 ; 1 percentage similarities; Best obj: 0.03168
2026-10-06 10:41:12.483 | INFO     | myoconverter.optimization.utils.UtilsForceOpt:fmOptPSO_cust:189 -         PSO iteration: 5 ; 1 percentage similarities; Best obj: 0.03168
2026-10-06 10:41:12.574 | INFO     | myoconverter.optimization.utils.UtilsForceOpt:fmOptPSO_cust:189 -         PSO iteration: 6 ; 1 percentage similarities; Best obj: 0.02449
2026-10-06 10:41:12.664 | INFO     | myoconverter.optimization.utils.UtilsForceOpt:fmOptPSO_cust:189 -         PSO iteration: 7 ; 1 percentage similarities; Best obj: 0.02272
2026-10-06 10:41:12.752 | INFO     | myoconverter.optimization.utils.UtilsForceOpt:fmOptPSO_cust:189 -         PSO iteration: 8 ; 1 percentage similarities; Best obj: 0.0223
2026-10-06 10:41:12.840 | INFO     | myoconverter.optimization.utils.UtilsForceOpt:fmOptPSO_cust:189 -         PSO iteration: 9 ; 1 percentage similarities; Best obj: 0.0222
2026-10-06 10:41:12.930 | INFO     | myoconverter.optimization.utils.UtilsForceOpt:fmOptPSO_cust:189 -         PSO iteration: 10 ; 2 percentage similarities; Best obj: 0.01913
2026-10-06 10:41:13.018 | INFO     | myoconverter.optimization.utils.UtilsForceOpt:fmOptPSO_cust:189 -         PSO iteration: 11 ; 1 percentage similarities; Best obj: 0.01864
2026-10-06 10:41:13.107 | INFO     | myoconverter.optimization.utils.UtilsForceOpt:fmOptPSO_cust:189 -         PSO iteration: 12 ; 1 percentage similarities; Best obj: 0.01854
2026-10-06 10:41:13.196 | INFO     | myoconverter.optimization.utils.UtilsForceOpt:fmOptPSO_cust:189 -         PSO iteration: 13 ; 1 percentage similarities; Best obj: 0.01852
2026-10-06 10:41:13.286 | INFO     | myoconverter.optimization.utils.UtilsForceOpt:fmOptPSO_cust:189 -         PSO iteration: 14 ; 1 percentage similarities; Best obj: 0.01851
2026-10-06 10:41:13.376 | INFO     | myoconverter.optimization.utils.UtilsForceOpt:fmOptPSO_cust:189 -         PSO iteration: 15 ; 1 percentage similarities; Best obj: 0.01851
2026-10-06 10:41:13.469 | INFO     | myoconverter.optimization.utils.UtilsForceOpt:fmOptPSO_cust:189 -         PSO iteration: 16 ; 1 percentage similarities; Best obj: 0.01851
2026-10-06 10:41:13.559 | INFO     | myoconverter.optimization.utils.UtilsForceOpt:fmOptPSO_cust:189 -         PSO iteration: 17 ; 2 percentage similarities; Best obj: 0.01851
2026-10-06 10:41:13.651 | INFO     | myoconverter.optimization.utils.UtilsForceOpt:fmOptPSO_cust:189 -         PSO iteration: 18 ; 2 percentage similarities; Best obj: 0.0185
2026-10-06 10:41:13.753 | INFO     | myoconverter.optimization.utils.UtilsForceOpt:fmOptPSO_cust:189 -         PSO iteration: 19 ; 4 percentage similarities; Best obj: 0.01797
2026-10-06 10:41:13.842 | INFO     | myoconverter.optimization.utils.UtilsForceOpt:fmOptPSO_cust:189 -         PSO iteration: 20 ; 1 percentage similarities; Best obj: 0.01785
2026-10-06 10:41:13.939 | INFO     | myoconverter.optimization.utils.UtilsForceOpt:fmOptPSO_cust:189 -         PSO iteration: 21 ; 1 percentage similarities; Best obj: 0.01782
2026-10-06 10:41:14.034 | INFO     | myoconverter.optimization.utils.UtilsForceOpt:fmOptPSO_cust:189 -         PSO iteration: 22 ; 2 percentage similarities; Best obj: 0.01766
2026-10-06 10:41:14.122 | INFO     | myoconverter.optimization.utils.UtilsForceOpt:fmOptPSO_cust:189 -         PSO iteration: 23 ; 2 percentage similarities; Best obj: 0.01763
2026-10-06 10:41:14.212 | INFO     | myoconverter.optimization.utils.UtilsForceOpt:fmOptPSO_cust:189 -         PSO iteration: 24 ; 4 percentage similarities; Best obj: 0.01761
2026-10-06 10:41:14.303 | INFO     | myoconverter.optimization.utils.UtilsForceOpt:fmOptPSO_cust:189 -         PSO iteration: 25 ; 4 percentage similarities; Best obj: 0.01749
2026-10-06 10:41:14.395 | INFO     | myoconverter.optimization.utils.UtilsForceOpt:fmOptPSO_cust:189 -         PSO iteration: 26 ; 6 percentage similarities; Best obj: 0.01747
2026-10-06 10:41:14.485 | INFO     | myoconverter.optimization.utils.UtilsForceOpt:fmOptPSO_cust:189 -         PSO iteration: 27 ; 10 percentage similarities; Best obj: 0.01743
2026-10-06 10:41:14.574 | INFO     | myoconverter.optimization.utils.UtilsForceOpt:fmOptPSO_cust:189 -         PSO iteration: 28 ; 10 percentage similarities; Best obj: 0.01742
2026-10-06 10:41:14.660 | INFO     | myoconverter.optimization.utils.UtilsForceOpt:fmOptPSO_cust:189 -         PSO iteration: 29 ; 12 percentage similarities; Best obj: 0.0174
2026-10-06 10:41:14.750 | INFO     | myoconverter.optimization.utils.UtilsForceOpt:fmOptPSO_cust:189 -         PSO iteration: 30 ; 18 percentage similarities; Best obj: 0.01739
2026-10-06 10:41:14.839 | INFO     | myoconverter.optimization.utils.UtilsForceOpt:fmOptPSO_cust:189 -         PSO iteration: 31 ; 18 percentage similarities; Best obj: 0.01734
2026-10-06 10:41:14.927 | INFO     | myoconverter.optimization.utils.UtilsForceOpt:fmOptPSO_cust:189 -         PSO iteration: 32 ; 22 percentage similarities; Best obj: 0.01732
2026-10-06 10:41:15.017 | INFO     | myoconverter.optimization.utils.UtilsForceOpt:fmOptPSO_cust:189 -         PSO iteration: 33 ; 29 percentage similarities; Best obj: 0.01731
2026-10-06 10:41:15.107 | INFO     | myoconverter.optimization.utils.UtilsForceOpt:fmOptPSO_cust:189 -         PSO iteration: 34 ; 50 percentage similarities; Best obj: 0.01729
2026-10-06 10:41:15.107 | INFO     | myoconverter.optimization.utils.UtilsForceOpt:fmOptPSO_cust:197 -         Break the optimization, since certain number of similar particles reached
2026-10-06 10:41:15.127 | INFO     | myoconverter.conversion_steps.O2MStep3:optMuscleForce:273 - Muscle : ercspn_r 
2026-10-06 10:41:15.330 | INFO     | myoconverter.optimization.utils.UtilsForceOpt:fmOptPSO_cust:189 -         PSO iteration: 0 ; 0 percentage similarities; Best obj: 0.05709
2026-10-06 10:41:15.425 | INFO     | myoconverter.optimization.utils.UtilsForceOpt:fmOptPSO_cust:189 -         PSO iteration: 1 ; 1 percentage similarities; Best obj: 0.05709
2026-10-06 10:41:15.521 | INFO     | myoconverter.optimization.utils.UtilsForceOpt:fmOptPSO_cust:189 -         PSO iteration: 2 ; 1 percentage similarities; Best obj: 0.05709
2026-10-06 10:41:15.617 | INFO     | myoconverter.optimization.utils.UtilsForceOpt:fmOptPSO_cust:189 -         PSO iteration: 3 ; 1 percentage similarities; Best obj: 0.05709
2026-10-06 10:41:15.715 | INFO     | myoconverter.optimization.utils.UtilsForceOpt:fmOptPSO_cust:189 -         PSO iteration: 4 ; 1 percentage similarities; Best obj: 0.05709
2026-10-06 10:41:15.814 | INFO     | myoconverter.optimization.utils.UtilsForceOpt:fmOptPSO_cust:189 -         PSO iteration: 5 ; 1 percentage similarities; Best obj: 0.04605
2026-10-06 10:41:15.917 | INFO     | myoconverter.optimization.utils.UtilsForceOpt:fmOptPSO_cust:189 -         PSO iteration: 6 ; 1 percentage similarities; Best obj: 0.04248
2026-10-06 10:41:16.019 | INFO     | myoconverter.optimization.utils.UtilsForceOpt:fmOptPSO_cust:189 -         PSO iteration: 7 ; 1 percentage similarities; Best obj: 0.04172
2026-10-06 10:41:16.116 | INFO     | myoconverter.optimization.utils.UtilsForceOpt:fmOptPSO_cust:189 -         PSO iteration: 8 ; 1 percentage similarities; Best obj: 0.04154
2026-10-06 10:41:16.216 | INFO     | myoconverter.optimization.utils.UtilsForceOpt:fmOptPSO_cust:189 -         PSO iteration: 9 ; 1 percentage similarities; Best obj: 0.03829
2026-10-06 10:41:16.317 | INFO     | myoconverter.optimization.utils.UtilsForceOpt:fmOptPSO_cust:189 -         PSO iteration: 10 ; 1 percentage similarities; Best obj: 0.03708
2026-10-06 10:41:16.416 | INFO     | myoconverter.optimization.utils.UtilsForceOpt:fmOptPSO_cust:189 -         PSO iteration: 11 ; 1 percentage similarities; Best obj: 0.03303
2026-10-06 10:41:16.516 | INFO     | myoconverter.optimization.utils.UtilsForceOpt:fmOptPSO_cust:189 -         PSO iteration: 12 ; 1 percentage similarities; Best obj: 0.03223
2026-10-06 10:41:16.617 | INFO     | myoconverter.optimization.utils.UtilsForceOpt:fmOptPSO_cust:189 -         PSO iteration: 13 ; 1 percentage similarities; Best obj: 0.03141
2026-10-06 10:41:16.716 | INFO     | myoconverter.optimization.utils.UtilsForceOpt:fmOptPSO_cust:189 -         PSO iteration: 14 ; 1 percentage similarities; Best obj: 0.03091
2026-10-06 10:41:16.815 | INFO     | myoconverter.optimization.utils.UtilsForceOpt:fmOptPSO_cust:189 -         PSO iteration: 15 ; 1 percentage similarities; Best obj: 0.03074
2026-10-06 10:41:16.915 | INFO     | myoconverter.optimization.utils.UtilsForceOpt:fmOptPSO_cust:189 -         PSO iteration: 16 ; 4 percentage similarities; Best obj: 0.03034
2026-10-06 10:41:17.017 | INFO     | myoconverter.optimization.utils.UtilsForceOpt:fmOptPSO_cust:189 -         PSO iteration: 17 ; 4 percentage similarities; Best obj: 0.02988
2026-10-06 10:41:17.118 | INFO     | myoconverter.optimization.utils.UtilsForceOpt:fmOptPSO_cust:189 -         PSO iteration: 18 ; 1 percentage similarities; Best obj: 0.02978
2026-10-06 10:41:17.220 | INFO     | myoconverter.optimization.utils.UtilsForceOpt:fmOptPSO_cust:189 -         PSO iteration: 19 ; 4 percentage similarities; Best obj: 0.02975
2026-10-06 10:41:17.318 | INFO     | myoconverter.optimization.utils.UtilsForceOpt:fmOptPSO_cust:189 -         PSO iteration: 20 ; 5 percentage similarities; Best obj: 0.02969
2026-10-06 10:41:17.417 | INFO     | myoconverter.optimization.utils.UtilsForceOpt:fmOptPSO_cust:189 -         PSO iteration: 21 ; 5 percentage similarities; Best obj: 0.02963
2026-10-06 10:41:17.517 | INFO     | myoconverter.optimization.utils.UtilsForceOpt:fmOptPSO_cust:189 -         PSO iteration: 22 ; 5 percentage similarities; Best obj: 0.02961
2026-10-06 10:41:17.617 | INFO     | myoconverter.optimization.utils.UtilsForceOpt:fmOptPSO_cust:189 -         PSO iteration: 23 ; 5 percentage similarities; Best obj: 0.0295
2026-10-06 10:41:17.718 | INFO     | myoconverter.optimization.utils.UtilsForceOpt:fmOptPSO_cust:189 -         PSO iteration: 24 ; 8 percentage similarities; Best obj: 0.02939
2026-10-06 10:41:17.817 | INFO     | myoconverter.optimization.utils.UtilsForceOpt:fmOptPSO_cust:189 -         PSO iteration: 25 ; 8 percentage similarities; Best obj: 0.02936
2026-10-06 10:41:17.917 | INFO     | myoconverter.optimization.utils.UtilsForceOpt:fmOptPSO_cust:189 -         PSO iteration: 26 ; 15 percentage similarities; Best obj: 0.02935
2026-10-06 10:41:18.015 | INFO     | myoconverter.optimization.utils.UtilsForceOpt:fmOptPSO_cust:189 -         PSO iteration: 27 ; 24 percentage similarities; Best obj: 0.02931
2026-10-06 10:41:18.114 | INFO     | myoconverter.optimization.utils.UtilsForceOpt:fmOptPSO_cust:189 -         PSO iteration: 28 ; 26 percentage similarities; Best obj: 0.0293
2026-10-06 10:41:18.216 | INFO     | myoconverter.optimization.utils.UtilsForceOpt:fmOptPSO_cust:189 -         PSO iteration: 29 ; 32 percentage similarities; Best obj: 0.02924
2026-10-06 10:41:18.316 | INFO     | myoconverter.optimization.utils.UtilsForceOpt:fmOptPSO_cust:189 -         PSO iteration: 30 ; 41 percentage similarities; Best obj: 0.02923
2026-10-06 10:41:18.413 | INFO     | myoconverter.optimization.utils.UtilsForceOpt:fmOptPSO_cust:189 -         PSO iteration: 31 ; 50 percentage similarities; Best obj: 0.02923
2026-10-06 10:41:18.414 | INFO     | myoconverter.optimization.utils.UtilsForceOpt:fmOptPSO_cust:197 -         Break the optimization, since certain number of similar particles reached
2026-10-06 10:41:18.430 | INFO     | myoconverter.conversion_steps.O2MStep3:optMuscleForce:273 - Muscle : ercspn_l 
2026-10-06 10:41:18.624 | INFO     | myoconverter.optimization.utils.UtilsForceOpt:fmOptPSO_cust:189 -         PSO iteration: 0 ; 0 percentage similarities; Best obj: 0.09075
2026-10-06 10:41:18.718 | INFO     | myoconverter.optimization.utils.UtilsForceOpt:fmOptPSO_cust:189 -         PSO iteration: 1 ; 1 percentage similarities; Best obj: 0.08432
2026-10-06 10:41:18.854 | INFO     | myoconverter.optimization.utils.UtilsForceOpt:fmOptPSO_cust:189 -         PSO iteration: 2 ; 1 percentage similarities; Best obj: 0.06355
2026-10-06 10:41:18.954 | INFO     | myoconverter.optimization.utils.UtilsForceOpt:fmOptPSO_cust:189 -         PSO iteration: 3 ; 1 percentage similarities; Best obj: 0.06188
2026-10-06 10:41:19.049 | INFO     | myoconverter.optimization.utils.UtilsForceOpt:fmOptPSO_cust:189 -         PSO iteration: 4 ; 1 percentage similarities; Best obj: 0.06037
2026-10-06 10:41:19.150 | INFO     | myoconverter.optimization.utils.UtilsForceOpt:fmOptPSO_cust:189 -         PSO iteration: 5 ; 1 percentage similarities; Best obj: 0.05025
2026-10-06 10:41:19.250 | INFO     | myoconverter.optimization.utils.UtilsForceOpt:fmOptPSO_cust:189 -         PSO iteration: 6 ; 2 percentage similarities; Best obj: 0.0415
2026-10-06 10:41:19.351 | INFO     | myoconverter.optimization.utils.UtilsForceOpt:fmOptPSO_cust:189 -         PSO iteration: 7 ; 1 percentage similarities; Best obj: 0.03845
2026-10-06 10:41:19.452 | INFO     | myoconverter.optimization.utils.UtilsForceOpt:fmOptPSO_cust:189 -         PSO iteration: 8 ; 1 percentage similarities; Best obj: 0.0371
2026-10-06 10:41:19.554 | INFO     | myoconverter.optimization.utils.UtilsForceOpt:fmOptPSO_cust:189 -         PSO iteration: 9 ; 1 percentage similarities; Best obj: 0.03411
2026-10-06 10:41:19.654 | INFO     | myoconverter.optimization.utils.UtilsForceOpt:fmOptPSO_cust:189 -         PSO iteration: 10 ; 1 percentage similarities; Best obj: 0.03004
2026-10-06 10:41:19.754 | INFO     | myoconverter.optimization.utils.UtilsForceOpt:fmOptPSO_cust:189 -         PSO iteration: 11 ; 2 percentage similarities; Best obj: 0.02608
2026-10-06 10:41:19.852 | INFO     | myoconverter.optimization.utils.UtilsForceOpt:fmOptPSO_cust:189 -         PSO iteration: 12 ; 1 percentage similarities; Best obj: 0.02332
2026-10-06 10:41:19.952 | INFO     | myoconverter.optimization.utils.UtilsForceOpt:fmOptPSO_cust:189 -         PSO iteration: 13 ; 1 percentage similarities; Best obj: 0.02119
2026-10-06 10:41:20.052 | INFO     | myoconverter.optimization.utils.UtilsForceOpt:fmOptPSO_cust:189 -         PSO iteration: 14 ; 2 percentage similarities; Best obj: 0.01959
2026-10-06 10:41:20.154 | INFO     | myoconverter.optimization.utils.UtilsForceOpt:fmOptPSO_cust:189 -         PSO iteration: 15 ; 4 percentage similarities; Best obj: 0.01905
2026-10-06 10:41:20.253 | INFO     | myoconverter.optimization.utils.UtilsForceOpt:fmOptPSO_cust:189 -         PSO iteration: 16 ; 2 percentage similarities; Best obj: 0.01829
2026-10-06 10:41:20.353 | INFO     | myoconverter.optimization.utils.UtilsForceOpt:fmOptPSO_cust:189 -         PSO iteration: 17 ; 2 percentage similarities; Best obj: 0.01808
2026-10-06 10:41:20.452 | INFO     | myoconverter.optimization.utils.UtilsForceOpt:fmOptPSO_cust:189 -         PSO iteration: 18 ; 5 percentage similarities; Best obj: 0.01802
2026-10-06 10:41:20.554 | INFO     | myoconverter.optimization.utils.UtilsForceOpt:fmOptPSO_cust:189 -         PSO iteration: 19 ; 5 percentage similarities; Best obj: 0.01789
2026-10-06 10:41:20.652 | INFO     | myoconverter.optimization.utils.UtilsForceOpt:fmOptPSO_cust:189 -         PSO iteration: 20 ; 8 percentage similarities; Best obj: 0.01777
2026-10-06 10:41:20.749 | INFO     | myoconverter.optimization.utils.UtilsForceOpt:fmOptPSO_cust:189 -         PSO iteration: 21 ; 10 percentage similarities; Best obj: 0.01774
2026-10-06 10:41:20.849 | INFO     | myoconverter.optimization.utils.UtilsForceOpt:fmOptPSO_cust:189 -         PSO iteration: 22 ; 12 percentage similarities; Best obj: 0.01773
2026-10-06 10:41:20.945 | INFO     | myoconverter.optimization.utils.UtilsForceOpt:fmOptPSO_cust:189 -         PSO iteration: 23 ; 15 percentage similarities; Best obj: 0.01766
2026-10-06 10:41:21.045 | INFO     | myoconverter.optimization.utils.UtilsForceOpt:fmOptPSO_cust:189 -         PSO iteration: 24 ; 15 percentage similarities; Best obj: 0.01765
2026-10-06 10:41:21.144 | INFO     | myoconverter.optimization.utils.UtilsForceOpt:fmOptPSO_cust:189 -         PSO iteration: 25 ; 29 percentage similarities; Best obj: 0.01765
2026-10-06 10:41:21.271 | INFO     | myoconverter.optimization.utils.UtilsForceOpt:fmOptPSO_cust:189 -         PSO iteration: 26 ; 35 percentage similarities; Best obj: 0.01765
2026-10-06 10:41:21.436 | INFO     | myoconverter.optimization.utils.UtilsForceOpt:fmOptPSO_cust:189 -         PSO iteration: 27 ; 46 percentage similarities; Best obj: 0.01764
2026-10-06 10:41:21.437 | INFO     | myoconverter.optimization.utils.UtilsForceOpt:fmOptPSO_cust:197 -         Break the optimization, since certain number of similar particles reached
2026-10-06 10:41:21.457 | INFO     | myoconverter.conversion_steps.O2MStep3:optMuscleForce:273 - Muscle : intobl_r 
2026-10-06 10:41:21.669 | INFO     | myoconverter.optimization.utils.UtilsForceOpt:fmOptPSO_cust:189 -         PSO iteration: 0 ; 0 percentage similarities; Best obj: 0.94864
2026-10-06 10:41:21.769 | INFO     | myoconverter.optimization.utils.UtilsForceOpt:fmOptPSO_cust:189 -         PSO iteration: 1 ; 1 percentage similarities; Best obj: 0.94864
2026-10-06 10:41:21.868 | INFO     | myoconverter.optimization.utils.UtilsForceOpt:fmOptPSO_cust:189 -         PSO iteration: 2 ; 1 percentage similarities; Best obj: 0.94864
2026-10-06 10:41:21.965 | INFO     | myoconverter.optimization.utils.UtilsForceOpt:fmOptPSO_cust:189 -         PSO iteration: 3 ; 1 percentage similarities; Best obj: 0.94864
2026-10-06 10:41:22.066 | INFO     | myoconverter.optimization.utils.UtilsForceOpt:fmOptPSO_cust:189 -         PSO iteration: 4 ; 1 percentage similarities; Best obj: 0.94864
2026-10-06 10:41:22.168 | INFO     | myoconverter.optimization.utils.UtilsForceOpt:fmOptPSO_cust:189 -         PSO iteration: 5 ; 1 percentage similarities; Best obj: 0.94864
2026-10-06 10:41:22.269 | INFO     | myoconverter.optimization.utils.UtilsForceOpt:fmOptPSO_cust:189 -         PSO iteration: 6 ; 1 percentage similarities; Best obj: 0.94864
2026-10-06 10:41:22.372 | INFO     | myoconverter.optimization.utils.UtilsForceOpt:fmOptPSO_cust:189 -         PSO iteration: 7 ; 1 percentage similarities; Best obj: 0.94864
2026-10-06 10:41:22.473 | INFO     | myoconverter.optimization.utils.UtilsForceOpt:fmOptPSO_cust:189 -         PSO iteration: 8 ; 2 percentage similarities; Best obj: 0.94423
2026-10-06 10:41:22.572 | INFO     | myoconverter.optimization.utils.UtilsForceOpt:fmOptPSO_cust:189 -         PSO iteration: 9 ; 4 percentage similarities; Best obj: 0.94083
2026-10-06 10:41:22.675 | INFO     | myoconverter.optimization.utils.UtilsForceOpt:fmOptPSO_cust:189 -         PSO iteration: 10 ; 5 percentage similarities; Best obj: 0.93966
2026-10-06 10:41:22.780 | INFO     | myoconverter.optimization.utils.UtilsForceOpt:fmOptPSO_cust:189 -         PSO iteration: 11 ; 5 percentage similarities; Best obj: 0.93799
2026-10-06 10:41:22.881 | INFO     | myoconverter.optimization.utils.UtilsForceOpt:fmOptPSO_cust:189 -         PSO iteration: 12 ; 5 percentage similarities; Best obj: 0.93439
2026-10-06 10:41:22.983 | INFO     | myoconverter.optimization.utils.UtilsForceOpt:fmOptPSO_cust:189 -         PSO iteration: 13 ; 8 percentage similarities; Best obj: 0.9326
2026-10-06 10:41:23.087 | INFO     | myoconverter.optimization.utils.UtilsForceOpt:fmOptPSO_cust:189 -         PSO iteration: 14 ; 11 percentage similarities; Best obj: 0.93136
2026-10-06 10:41:23.186 | INFO     | myoconverter.optimization.utils.UtilsForceOpt:fmOptPSO_cust:189 -         PSO iteration: 15 ; 11 percentage similarities; Best obj: 0.9311
2026-10-06 10:41:23.288 | INFO     | myoconverter.optimization.utils.UtilsForceOpt:fmOptPSO_cust:189 -         PSO iteration: 16 ; 15 percentage similarities; Best obj: 0.93104
2026-10-06 10:41:23.390 | INFO     | myoconverter.optimization.utils.UtilsForceOpt:fmOptPSO_cust:189 -         PSO iteration: 17 ; 19 percentage similarities; Best obj: 0.92998
2026-10-06 10:41:23.492 | INFO     | myoconverter.optimization.utils.UtilsForceOpt:fmOptPSO_cust:189 -         PSO iteration: 18 ; 31 percentage similarities; Best obj: 0.92975
2026-10-06 10:41:23.492 | INFO     | myoconverter.optimization.utils.UtilsForceOpt:fmOptPSO_cust:197 -         Break the optimization, since certain number of similar particles reached
2026-10-06 10:41:23.509 | INFO     | myoconverter.conversion_steps.O2MStep3:optMuscleForce:273 - Muscle : intobl_l 
2026-10-06 10:41:23.701 | INFO     | myoconverter.optimization.utils.UtilsForceOpt:fmOptPSO_cust:189 -         PSO iteration: 0 ; 0 percentage similarities; Best obj: 0.96331
2026-10-06 10:41:23.798 | INFO     | myoconverter.optimization.utils.UtilsForceOpt:fmOptPSO_cust:189 -         PSO iteration: 1 ; 1 percentage similarities; Best obj: 0.96331
2026-10-06 10:41:23.907 | INFO     | myoconverter.optimization.utils.UtilsForceOpt:fmOptPSO_cust:189 -         PSO iteration: 2 ; 1 percentage similarities; Best obj: 0.96331
2026-10-06 10:41:24.011 | INFO     | myoconverter.optimization.utils.UtilsForceOpt:fmOptPSO_cust:189 -         PSO iteration: 3 ; 1 percentage similarities; Best obj: 0.96331
2026-10-06 10:41:24.110 | INFO     | myoconverter.optimization.utils.UtilsForceOpt:fmOptPSO_cust:189 -         PSO iteration: 4 ; 2 percentage similarities; Best obj: 0.94708
2026-10-06 10:41:24.225 | INFO     | myoconverter.optimization.utils.UtilsForceOpt:fmOptPSO_cust:189 -         PSO iteration: 5 ; 1 percentage similarities; Best obj: 0.94526
2026-10-06 10:41:24.327 | INFO     | myoconverter.optimization.utils.UtilsForceOpt:fmOptPSO_cust:189 -         PSO iteration: 6 ; 2 percentage similarities; Best obj: 0.94506
2026-10-06 10:41:24.433 | INFO     | myoconverter.optimization.utils.UtilsForceOpt:fmOptPSO_cust:189 -         PSO iteration: 7 ; 5 percentage similarities; Best obj: 0.94222
2026-10-06 10:41:24.534 | INFO     | myoconverter.optimization.utils.UtilsForceOpt:fmOptPSO_cust:189 -         PSO iteration: 8 ; 8 percentage similarities; Best obj: 0.93774
2026-10-06 10:41:24.640 | INFO     | myoconverter.optimization.utils.UtilsForceOpt:fmOptPSO_cust:189 -         PSO iteration: 9 ; 9 percentage similarities; Best obj: 0.93628
2026-10-06 10:41:24.742 | INFO     | myoconverter.optimization.utils.UtilsForceOpt:fmOptPSO_cust:189 -         PSO iteration: 10 ; 9 percentage similarities; Best obj: 0.93418
2026-10-06 10:41:24.844 | INFO     | myoconverter.optimization.utils.UtilsForceOpt:fmOptPSO_cust:189 -         PSO iteration: 11 ; 12 percentage similarities; Best obj: 0.93344
2026-10-06 10:41:24.943 | INFO     | myoconverter.optimization.utils.UtilsForceOpt:fmOptPSO_cust:189 -         PSO iteration: 12 ; 12 percentage similarities; Best obj: 0.93328
2026-10-06 10:41:25.045 | INFO     | myoconverter.optimization.utils.UtilsForceOpt:fmOptPSO_cust:189 -         PSO iteration: 13 ; 14 percentage similarities; Best obj: 0.93298
2026-10-06 10:41:25.146 | INFO     | myoconverter.optimization.utils.UtilsForceOpt:fmOptPSO_cust:189 -         PSO iteration: 14 ; 14 percentage similarities; Best obj: 0.93271
2026-10-06 10:41:25.246 | INFO     | myoconverter.optimization.utils.UtilsForceOpt:fmOptPSO_cust:189 -         PSO iteration: 15 ; 15 percentage similarities; Best obj: 0.93241
2026-10-06 10:41:25.348 | INFO     | myoconverter.optimization.utils.UtilsForceOpt:fmOptPSO_cust:189 -         PSO iteration: 16 ; 16 percentage similarities; Best obj: 0.93234
2026-10-06 10:41:25.452 | INFO     | myoconverter.optimization.utils.UtilsForceOpt:fmOptPSO_cust:189 -         PSO iteration: 17 ; 18 percentage similarities; Best obj: 0.93232
2026-10-06 10:41:25.553 | INFO     | myoconverter.optimization.utils.UtilsForceOpt:fmOptPSO_cust:189 -         PSO iteration: 18 ; 19 percentage similarities; Best obj: 0.93204
2026-10-06 10:41:25.657 | INFO     | myoconverter.optimization.utils.UtilsForceOpt:fmOptPSO_cust:189 -         PSO iteration: 19 ; 22 percentage similarities; Best obj: 0.93199
2026-10-06 10:41:25.757 | INFO     | myoconverter.optimization.utils.UtilsForceOpt:fmOptPSO_cust:189 -         PSO iteration: 20 ; 25 percentage similarities; Best obj: 0.93182
2026-10-06 10:41:25.858 | INFO     | myoconverter.optimization.utils.UtilsForceOpt:fmOptPSO_cust:189 -         PSO iteration: 21 ; 38 percentage similarities; Best obj: 0.93178
2026-10-06 10:41:25.959 | INFO     | myoconverter.optimization.utils.UtilsForceOpt:fmOptPSO_cust:189 -         PSO iteration: 22 ; 42 percentage similarities; Best obj: 0.93177
2026-10-06 10:41:25.959 | INFO     | myoconverter.optimization.utils.UtilsForceOpt:fmOptPSO_cust:197 -         Break the optimization, since certain number of similar particles reached
2026-10-06 10:41:25.977 | INFO     | myoconverter.conversion_steps.O2MStep3:optMuscleForce:273 - Muscle : extobl_r 
2026-10-06 10:41:26.170 | INFO     | myoconverter.optimization.utils.UtilsForceOpt:fmOptPSO_cust:189 -         PSO iteration: 0 ; 0 percentage similarities; Best obj: 0.25488
2026-10-06 10:41:26.264 | INFO     | myoconverter.optimization.utils.UtilsForceOpt:fmOptPSO_cust:189 -         PSO iteration: 1 ; 1 percentage similarities; Best obj: 0.14616
2026-10-06 10:41:26.363 | INFO     | myoconverter.optimization.utils.UtilsForceOpt:fmOptPSO_cust:189 -         PSO iteration: 2 ; 1 percentage similarities; Best obj: 0.12886
2026-10-06 10:41:26.464 | INFO     | myoconverter.optimization.utils.UtilsForceOpt:fmOptPSO_cust:189 -         PSO iteration: 3 ; 1 percentage similarities; Best obj: 0.12635
2026-10-06 10:41:26.563 | INFO     | myoconverter.optimization.utils.UtilsForceOpt:fmOptPSO_cust:189 -         PSO iteration: 4 ; 1 percentage similarities; Best obj: 0.1258
2026-10-06 10:41:26.665 | INFO     | myoconverter.optimization.utils.UtilsForceOpt:fmOptPSO_cust:189 -         PSO iteration: 5 ; 1 percentage similarities; Best obj: 0.12567
2026-10-06 10:41:26.764 | INFO     | myoconverter.optimization.utils.UtilsForceOpt:fmOptPSO_cust:189 -         PSO iteration: 6 ; 1 percentage similarities; Best obj: 0.12564
2026-10-06 10:41:26.865 | INFO     | myoconverter.optimization.utils.UtilsForceOpt:fmOptPSO_cust:189 -         PSO iteration: 7 ; 1 percentage similarities; Best obj: 0.12563
2026-10-06 10:41:26.964 | INFO     | myoconverter.optimization.utils.UtilsForceOpt:fmOptPSO_cust:189 -         PSO iteration: 8 ; 2 percentage similarities; Best obj: 0.12563
2026-10-06 10:41:27.066 | INFO     | myoconverter.optimization.utils.UtilsForceOpt:fmOptPSO_cust:189 -         PSO iteration: 9 ; 2 percentage similarities; Best obj: 0.12563
2026-10-06 10:41:27.165 | INFO     | myoconverter.optimization.utils.UtilsForceOpt:fmOptPSO_cust:189 -         PSO iteration: 10 ; 2 percentage similarities; Best obj: 0.12563
2026-10-06 10:41:27.267 | INFO     | myoconverter.optimization.utils.UtilsForceOpt:fmOptPSO_cust:189 -         PSO iteration: 11 ; 2 percentage similarities; Best obj: 0.12563
2026-10-06 10:41:27.375 | INFO     | myoconverter.optimization.utils.UtilsForceOpt:fmOptPSO_cust:189 -         PSO iteration: 12 ; 2 percentage similarities; Best obj: 0.12563
2026-10-06 10:41:27.476 | INFO     | myoconverter.optimization.utils.UtilsForceOpt:fmOptPSO_cust:189 -         PSO iteration: 13 ; 5 percentage similarities; Best obj: 0.12563
2026-10-06 10:41:27.579 | INFO     | myoconverter.optimization.utils.UtilsForceOpt:fmOptPSO_cust:189 -         PSO iteration: 14 ; 5 percentage similarities; Best obj: 0.12477
2026-10-06 10:41:27.682 | INFO     | myoconverter.optimization.utils.UtilsForceOpt:fmOptPSO_cust:189 -         PSO iteration: 15 ; 4 percentage similarities; Best obj: 0.12442
2026-10-06 10:41:27.782 | INFO     | myoconverter.optimization.utils.UtilsForceOpt:fmOptPSO_cust:189 -         PSO iteration: 16 ; 5 percentage similarities; Best obj: 0.12418
2026-10-06 10:41:27.882 | INFO     | myoconverter.optimization.utils.UtilsForceOpt:fmOptPSO_cust:189 -         PSO iteration: 17 ; 5 percentage similarities; Best obj: 0.12397
2026-10-06 10:41:28.007 | INFO     | myoconverter.optimization.utils.UtilsForceOpt:fmOptPSO_cust:189 -         PSO iteration: 18 ; 5 percentage similarities; Best obj: 0.12387
2026-10-06 10:41:28.106 | INFO     | myoconverter.optimization.utils.UtilsForceOpt:fmOptPSO_cust:189 -         PSO iteration: 19 ; 5 percentage similarities; Best obj: 0.12368
2026-10-06 10:41:28.211 | INFO     | myoconverter.optimization.utils.UtilsForceOpt:fmOptPSO_cust:189 -         PSO iteration: 20 ; 5 percentage similarities; Best obj: 0.12333
2026-10-06 10:41:28.312 | INFO     | myoconverter.optimization.utils.UtilsForceOpt:fmOptPSO_cust:189 -         PSO iteration: 21 ; 6 percentage similarities; Best obj: 0.12325
2026-10-06 10:41:28.411 | INFO     | myoconverter.optimization.utils.UtilsForceOpt:fmOptPSO_cust:189 -         PSO iteration: 22 ; 9 percentage similarities; Best obj: 0.12311
2026-10-06 10:41:28.515 | INFO     | myoconverter.optimization.utils.UtilsForceOpt:fmOptPSO_cust:189 -         PSO iteration: 23 ; 12 percentage similarities; Best obj: 0.12309
2026-10-06 10:41:28.616 | INFO     | myoconverter.optimization.utils.UtilsForceOpt:fmOptPSO_cust:189 -         PSO iteration: 24 ; 18 percentage similarities; Best obj: 0.12309
2026-10-06 10:41:28.718 | INFO     | myoconverter.optimization.utils.UtilsForceOpt:fmOptPSO_cust:189 -         PSO iteration: 25 ; 21 percentage similarities; Best obj: 0.12309
2026-10-06 10:41:28.818 | INFO     | myoconverter.optimization.utils.UtilsForceOpt:fmOptPSO_cust:189 -         PSO iteration: 26 ; 22 percentage similarities; Best obj: 0.12308
2026-10-06 10:41:28.921 | INFO     | myoconverter.optimization.utils.UtilsForceOpt:fmOptPSO_cust:189 -         PSO iteration: 27 ; 29 percentage similarities; Best obj: 0.12308
2026-10-06 10:41:29.054 | INFO     | myoconverter.optimization.utils.UtilsForceOpt:fmOptPSO_cust:189 -         PSO iteration: 28 ; 34 percentage similarities; Best obj: 0.12308
2026-10-06 10:41:29.159 | INFO     | myoconverter.optimization.utils.UtilsForceOpt:fmOptPSO_cust:189 -         PSO iteration: 29 ; 36 percentage similarities; Best obj: 0.12308
2026-10-06 10:41:29.264 | INFO     | myoconverter.optimization.utils.UtilsForceOpt:fmOptPSO_cust:189 -         PSO iteration: 30 ; 50 percentage similarities; Best obj: 0.12308
2026-10-06 10:41:29.264 | INFO     | myoconverter.optimization.utils.UtilsForceOpt:fmOptPSO_cust:197 -         Break the optimization, since certain number of similar particles reached
2026-10-06 10:41:29.282 | INFO     | myoconverter.conversion_steps.O2MStep3:optMuscleForce:273 - Muscle : extobl_l 
2026-10-06 10:41:29.479 | INFO     | myoconverter.optimization.utils.UtilsForceOpt:fmOptPSO_cust:189 -         PSO iteration: 0 ; 0 percentage similarities; Best obj: 0.20862
2026-10-06 10:41:29.579 | INFO     | myoconverter.optimization.utils.UtilsForceOpt:fmOptPSO_cust:189 -         PSO iteration: 1 ; 1 percentage similarities; Best obj: 0.18201
2026-10-06 10:41:29.678 | INFO     | myoconverter.optimization.utils.UtilsForceOpt:fmOptPSO_cust:189 -         PSO iteration: 2 ; 1 percentage similarities; Best obj: 0.14324
2026-10-06 10:41:29.779 | INFO     | myoconverter.optimization.utils.UtilsForceOpt:fmOptPSO_cust:189 -         PSO iteration: 3 ; 1 percentage similarities; Best obj: 0.12767
2026-10-06 10:41:29.880 | INFO     | myoconverter.optimization.utils.UtilsForceOpt:fmOptPSO_cust:189 -         PSO iteration: 4 ; 1 percentage similarities; Best obj: 0.12422
2026-10-06 10:41:29.977 | INFO     | myoconverter.optimization.utils.UtilsForceOpt:fmOptPSO_cust:189 -         PSO iteration: 5 ; 1 percentage similarities; Best obj: 0.12339
2026-10-06 10:41:30.078 | INFO     | myoconverter.optimization.utils.UtilsForceOpt:fmOptPSO_cust:189 -         PSO iteration: 6 ; 1 percentage similarities; Best obj: 0.11973
2026-10-06 10:41:30.177 | INFO     | myoconverter.optimization.utils.UtilsForceOpt:fmOptPSO_cust:189 -         PSO iteration: 7 ; 1 percentage similarities; Best obj: 0.11857
2026-10-06 10:41:30.280 | INFO     | myoconverter.optimization.utils.UtilsForceOpt:fmOptPSO_cust:189 -         PSO iteration: 8 ; 1 percentage similarities; Best obj: 0.11771
2026-10-06 10:41:30.382 | INFO     | myoconverter.optimization.utils.UtilsForceOpt:fmOptPSO_cust:189 -         PSO iteration: 9 ; 2 percentage similarities; Best obj: 0.1158
2026-10-06 10:41:30.486 | INFO     | myoconverter.optimization.utils.UtilsForceOpt:fmOptPSO_cust:189 -         PSO iteration: 10 ; 2 percentage similarities; Best obj: 0.11451
2026-10-06 10:41:30.596 | INFO     | myoconverter.optimization.utils.UtilsForceOpt:fmOptPSO_cust:189 -         PSO iteration: 11 ; 2 percentage similarities; Best obj: 0.11029
2026-10-06 10:41:30.695 | INFO     | myoconverter.optimization.utils.UtilsForceOpt:fmOptPSO_cust:189 -         PSO iteration: 12 ; 1 percentage similarities; Best obj: 0.10862
2026-10-06 10:41:30.798 | INFO     | myoconverter.optimization.utils.UtilsForceOpt:fmOptPSO_cust:189 -         PSO iteration: 13 ; 2 percentage similarities; Best obj: 0.10567
2026-10-06 10:41:30.898 | INFO     | myoconverter.optimization.utils.UtilsForceOpt:fmOptPSO_cust:189 -         PSO iteration: 14 ; 1 percentage similarities; Best obj: 0.10452
2026-10-06 10:41:31.000 | INFO     | myoconverter.optimization.utils.UtilsForceOpt:fmOptPSO_cust:189 -         PSO iteration: 15 ; 2 percentage similarities; Best obj: 0.10339
2026-10-06 10:41:31.100 | INFO     | myoconverter.optimization.utils.UtilsForceOpt:fmOptPSO_cust:189 -         PSO iteration: 16 ; 2 percentage similarities; Best obj: 0.1031
2026-10-06 10:41:31.202 | INFO     | myoconverter.optimization.utils.UtilsForceOpt:fmOptPSO_cust:189 -         PSO iteration: 17 ; 2 percentage similarities; Best obj: 0.103
2026-10-06 10:41:31.300 | INFO     | myoconverter.optimization.utils.UtilsForceOpt:fmOptPSO_cust:189 -         PSO iteration: 18 ; 4 percentage similarities; Best obj: 0.10259
2026-10-06 10:41:31.403 | INFO     | myoconverter.optimization.utils.UtilsForceOpt:fmOptPSO_cust:189 -         PSO iteration: 19 ; 4 percentage similarities; Best obj: 0.10251
2026-10-06 10:41:31.562 | INFO     | myoconverter.optimization.utils.UtilsForceOpt:fmOptPSO_cust:189 -         PSO iteration: 20 ; 4 percentage similarities; Best obj: 0.10243
2026-10-06 10:41:31.691 | INFO     | myoconverter.optimization.utils.UtilsForceOpt:fmOptPSO_cust:189 -         PSO iteration: 21 ; 4 percentage similarities; Best obj: 0.10235
2026-10-06 10:41:31.787 | INFO     | myoconverter.optimization.utils.UtilsForceOpt:fmOptPSO_cust:189 -         PSO iteration: 22 ; 4 percentage similarities; Best obj: 0.10216
2026-10-06 10:41:31.898 | INFO     | myoconverter.optimization.utils.UtilsForceOpt:fmOptPSO_cust:189 -         PSO iteration: 23 ; 4 percentage similarities; Best obj: 0.10211
2026-10-06 10:41:32.002 | INFO     | myoconverter.optimization.utils.UtilsForceOpt:fmOptPSO_cust:189 -         PSO iteration: 24 ; 4 percentage similarities; Best obj: 0.1021
2026-10-06 10:41:32.097 | INFO     | myoconverter.optimization.utils.UtilsForceOpt:fmOptPSO_cust:189 -         PSO iteration: 25 ; 4 percentage similarities; Best obj: 0.1021
2026-10-06 10:41:32.202 | INFO     | myoconverter.optimization.utils.UtilsForceOpt:fmOptPSO_cust:189 -         PSO iteration: 26 ; 5 percentage similarities; Best obj: 0.10207
2026-10-06 10:41:32.302 | INFO     | myoconverter.optimization.utils.UtilsForceOpt:fmOptPSO_cust:189 -         PSO iteration: 27 ; 6 percentage similarities; Best obj: 0.10206
2026-10-06 10:41:32.405 | INFO     | myoconverter.optimization.utils.UtilsForceOpt:fmOptPSO_cust:189 -         PSO iteration: 28 ; 6 percentage similarities; Best obj: 0.10206
2026-10-06 10:41:32.504 | INFO     | myoconverter.optimization.utils.UtilsForceOpt:fmOptPSO_cust:189 -         PSO iteration: 29 ; 6 percentage similarities; Best obj: 0.10202
2026-10-06 10:41:32.612 | INFO     | myoconverter.optimization.utils.UtilsForceOpt:fmOptPSO_cust:189 -         PSO iteration: 30 ; 6 percentage similarities; Best obj: 0.10201
2026-10-06 10:41:32.716 | INFO     | myoconverter.optimization.utils.UtilsForceOpt:fmOptPSO_cust:189 -         PSO iteration: 31 ; 6 percentage similarities; Best obj: 0.10201
2026-10-06 10:41:32.819 | INFO     | myoconverter.optimization.utils.UtilsForceOpt:fmOptPSO_cust:189 -         PSO iteration: 32 ; 6 percentage similarities; Best obj: 0.10201
2026-10-06 10:41:32.926 | INFO     | myoconverter.optimization.utils.UtilsForceOpt:fmOptPSO_cust:189 -         PSO iteration: 33 ; 9 percentage similarities; Best obj: 0.10201
2026-10-06 10:41:33.027 | INFO     | myoconverter.optimization.utils.UtilsForceOpt:fmOptPSO_cust:189 -         PSO iteration: 34 ; 9 percentage similarities; Best obj: 0.10199
2026-10-06 10:41:33.128 | INFO     | myoconverter.optimization.utils.UtilsForceOpt:fmOptPSO_cust:189 -         PSO iteration: 35 ; 15 percentage similarities; Best obj: 0.10199
2026-10-06 10:41:33.231 | INFO     | myoconverter.optimization.utils.UtilsForceOpt:fmOptPSO_cust:189 -         PSO iteration: 36 ; 16 percentage similarities; Best obj: 0.10198
2026-10-06 10:41:33.334 | INFO     | myoconverter.optimization.utils.UtilsForceOpt:fmOptPSO_cust:189 -         PSO iteration: 37 ; 21 percentage similarities; Best obj: 0.10198
2026-10-06 10:41:33.435 | INFO     | myoconverter.optimization.utils.UtilsForceOpt:fmOptPSO_cust:189 -         PSO iteration: 38 ; 25 percentage similarities; Best obj: 0.10198
2026-10-06 10:41:33.534 | INFO     | myoconverter.optimization.utils.UtilsForceOpt:fmOptPSO_cust:189 -         PSO iteration: 39 ; 31 percentage similarities; Best obj: 0.10198
2026-10-06 10:41:33.637 | INFO     | myoconverter.optimization.utils.UtilsForceOpt:fmOptPSO_cust:189 -         PSO iteration: 40 ; 32 percentage similarities; Best obj: 0.10198
2026-10-06 10:41:33.768 | INFO     | myoconverter.optimization.utils.UtilsForceOpt:fmOptPSO_cust:189 -         PSO iteration: 41 ; 49 percentage similarities; Best obj: 0.10198
2026-10-06 10:41:33.768 | INFO     | myoconverter.optimization.utils.UtilsForceOpt:fmOptPSO_cust:197 -         Break the optimization, since certain number of similar particles reached
2026-10-06 10:41:33.789 | INFO     | myoconverter.conversion_steps.O2MSteps:PipelineExecution:262 - Finished step 3 conversion - cvt3.
2026-10-06 10:41:33.790 | INFO     | myoconverter.conversion_steps.O2MSteps:PipelineExecution:268 - Started step 3 validation - val3.
2026-10-06 10:41:39.833 | INFO     | myoconverter.conversion_steps.O2MSteps:PipelineExecution:270 - Finished step 3 validation - val3.
2026-10-06 10:41:39.834 | INFO     | myoconverter.conversion_steps.O2MSteps:PipelineExecution:281 - Generating pdf report based on the validation results.
2026-10-06 10:41:39.834 | INFO     | myoconverter.conversion_steps.O2MSteps:PipelineExecution:282 -    This may take a while, suggest to do this after all validation steps...
2026-10-06 10:41:39.840 | INFO     | myoconverter.utils.generate_pdf:add_step1_plots:155 -    Adding vlt1 results.
2026-10-06 10:42:08.637 | INFO     | myoconverter.utils.generate_pdf:add_step2_plots:236 -    Adding vlt2 results.
2026-10-06 10:45:55.176 | INFO     | myoconverter.utils.generate_pdf:add_step3_plots:279 -    Adding vlt3 results.
